Price,Open,Open,Open,Open,Open,Open,Open,Open,Open,Open,Open,Open,Open,Open,Open,Open,Open,Open,Open,Open,Open,Open,Open,Open,Open,Open,Open,Open,Open,Open,Open,Open,Open,Open,Open,Open,Open,Open,Open,Open,Open,Open,Open,Open,Open,Open,Open,Open,Open,Open,Open,Open,Open,Open,Open,Open,Open,Open,Open,Open,Close,Close,Close,Close,Close,Close,Close,Close,Close,Close,Close,Close,Close,Close,Close,Close,Close,Close,Close,Close,Close,Close,Close,Close,Close,Close,Close,Close,Close,Close,Close,Close,Close,Close,Close,Close,Close,Close,Close,Close,Close,Close,Close,Close,Close,Close,Close,Close,Close,Close,Close,Close,Close,Close,Close,Close,Close,Close,Close,Close
Ticker,AAPL,AIG,AMZN,AXP,BA,BAC,CAJ,CAT,CL,CMCSA,COP,CSCO,CVC,CVS,CVX,DD,DELL,F,GD,GE,GS,GSK,HD,HMC,HPQ,IBM,JPM,K,KMB,KO,LMT,MAR,MCD,MDLZ,MMM,MSFT,MTU,NAV,NOC,NVS,PEP,PFE,PG,R,RTN,SAP,SNE,SNY,TM,TOT,TWX,TXN,UN,VLO,WBA,WFC,WMT,XOM,XRX,YHOO,AAPL,AIG,AMZN,AXP,BA,BAC,CAJ,CAT,CL,CMCSA,COP,CSCO,CVC,CVS,CVX,DD,DELL,F,GD,GE,GS,GSK,HD,HMC,HPQ,IBM,JPM,K,KMB,KO,LMT,MAR,MCD,MDLZ,MMM,MSFT,MTU,NAV,NOC,NVS,PEP,PFE,PG,R,RTN,SAP,SNE,SNY,TM,TOT,TWX,TXN,UN,VLO,WBA,WFC,WMT,XOM,XRX,YHOO
Date,,,,,,,,,,,,,,,,,,,,,,,,,,,,,,,,,,,,,,,,,,,,,,,,,,,,,,,,,,,,,,,,,,,,,,,,,,,,,,,,,,,,,,,,,,,,,,,,,,,,,,,,,,,,,,,,,,,,,,,,
2003-07-03,0.339286,1135.000000,1.851000,36.745094,34.299999,40.200001,,27.700001,29.075001,9.487660,20.887474,17.670000,,14.000000,36.250000,55.632576,,10.870000,36.450001,137.159561,83.269997,40.360001,33.349998,20.000000,9.536785,80.544930,33.799999,,49.856182,23.075001,48.270000,17.926500,22.500000,32.380001,53.929768,26.690001,,,39.505539,34.802868,44.299999,32.637569,45.000000,25.070000,,29.280001,,29.840000,54.099998,,,18.049999,,8.411792,,25.485001,18.500000,36.099998,28.194992,,0.341607,1129.599976,1.896000,36.998932,34.580002,40.005001,,27.785000,28.930000,9.690722,20.811241,17.520000,,14.035000,35.965000,54.685715,,10.870000,36.299999,136.824081,84.699997,41.099998,33.400002,19.900000,9.673025,80.258125,34.130001,,49.894535,23.115000,48.400002,17.991756,22.620001,32.080002,53.670570,26.500000,,,38.882122,34.991039,44.029999,32.476280,44.980000,24.990000,,29.209999,,30.040001,54.310001,,,17.750000,,8.414077,,25.350000,18.320000,36.060001,28.063240,
2003-07-07,0.344107,1145.000000,1.915000,37.620396,34.880001,40.105000,,28.125000,28.934999,10.059356,20.849358,17.900000,,14.125000,36.125000,54.649986,,11.000000,36.325001,138.645218,85.699997,40.340000,33.650002,20.150000,9.895550,81.070747,34.480000,,50.019176,23.115000,48.700001,18.075657,22.600000,32.080002,54.084450,27.020000,,,38.886639,34.677418,44.450001,33.064514,45.049999,24.930000,,29.610001,,29.750000,55.750000,,,18.250000,,8.425503,,25.650000,18.533333,36.099998,28.194992,,0.354821,1156.000000,1.952500,38.136822,35.009998,40.450001,,28.205000,29.000000,10.293658,20.555866,18.219999,,14.220000,36.650002,55.829098,,11.190000,36.884998,140.274643,87.739998,40.740002,33.770000,20.360001,10.013624,82.304016,35.070000,,50.287632,22.475000,48.080002,18.294727,22.900000,32.480000,54.397991,27.420000,,,38.850498,34.784946,44.369999,32.637569,45.395000,25.250000,,30.330000,,30.049999,56.599998,,,18.889999,,8.274680,,25.570000,18.850000,36.049999,28.801054,
2003-07-08,0.348571,1153.000000,1.938000,38.119316,35.119999,40.349998,,28.155001,28.875000,10.284286,20.548243,18.190001,,14.240000,36.525002,55.829098,,11.250000,36.900002,140.274643,87.750000,39.900002,33.750000,20.900000,10.013624,82.304016,35.070000,,49.923298,22.475000,47.900002,18.285404,22.770000,32.230000,54.293476,27.260000,,,38.913746,34.408604,44.369999,32.874763,45.224998,25.700001,,30.080000,,29.799999,56.680000,,,18.889999,,8.274680,,25.350000,18.833332,35.849998,28.853756,,0.364286,1160.000000,2.025500,38.705765,34.990002,40.740002,,28.355000,29.000000,10.290534,20.350040,18.730000,,14.350000,36.735001,55.739769,,11.160000,37.700001,138.070114,88.059998,40.349998,34.549999,20.850000,10.040872,82.456978,35.400002,,50.527325,22.110001,48.029999,18.504475,22.799999,32.480000,54.264214,27.700001,,,39.157688,34.758064,45.119999,32.552181,45.049999,25.420000,,30.129999,,30.059999,57.380001,,,19.070000,,8.382084,,25.400000,18.900000,35.650002,28.932806,
2003-07-09,0.360893,1157.599976,2.027000,38.600731,35.000000,40.549999,,28.325001,28.900000,10.246798,20.296679,18.980000,,14.350000,36.715000,55.686172,,11.070000,37.625000,138.261826,88.070000,39.750000,34.220001,21.200001,10.104450,82.313576,35.480000,,50.604027,22.049999,47.919998,18.504475,22.750000,31.500000,54.285118,27.559999,,,38.976990,34.560932,44.900002,32.571156,44.974998,25.430000,,30.330000,,29.870001,58.779999,,,19.180000,,8.404936,,25.400000,18.900000,35.650002,28.932806,,0.355179,1140.199951,2.025000,38.346893,35.230000,40.924999,,28.215000,28.809999,10.124961,20.273809,18.799999,,14.245000,36.400002,55.704041,,11.120000,37.564999,136.009369,88.230003,40.020000,33.490002,21.209999,10.413261,81.711281,35.660000,,50.239693,21.940001,47.889999,18.597696,22.850000,31.320000,54.063545,27.469999,,,38.918262,34.578854,44.549999,32.466793,44.250000,25.660000,,30.520000,,29.950001,58.950001,,,19.490000,,8.615174,,25.415001,18.586666,35.860001,28.985506,
2003-07-10,0.355000,1130.000000,1.956000,38.031784,34.830002,40.924999,,28.215000,28.809999,9.987504,20.311926,18.520000,,14.175000,36.400002,55.704041,,11.120000,37.500000,136.009369,88.230003,38.799999,33.490002,21.370001,10.240690,81.261948,35.450001,,50.143818,21.990000,47.799999,18.597696,22.850000,31.000000,53.929768,27.250000,,,38.805325,34.498207,45.099998,32.258064,44.250000,25.410000,,29.959999,,29.930000,58.200001,,,19.150000,,8.592322,,25.415001,18.410000,35.860001,28.722004,,0.349643,1117.000000,1.912500,37.891739,34.689999,40.799999,,28.110001,28.650000,9.909403,20.163273,18.309999,,14.075000,36.035000,54.560658,,11.130000,36.869999,135.098816,86.550003,38.730000,32.430000,21.330000,10.013624,80.334610,35.009998,,50.335571,22.004999,48.650002,18.290066,22.260000,31.250000,53.887959,26.910000,,,39.618477,34.318996,46.950001,31.935484,44.174999,25.049999,,29.910000,,30.070000,57.919998,,,18.809999,,8.516910,,25.485001,18.543333,35.500000,28.484848,
2003-07-11,0.351071,1120.000000,1.915000,37.917995,34.720001,41.000000,,28.025000,28.650000,9.946892,20.201389,18.379999,,14.060000,36.160000,54.864368,,11.180000,36.810001,135.865601,86.989998,39.000000,33.400002,20.700001,9.854678,80.401527,35.209999,,50.335571,21.674999,49.020000,18.285404,22.260000,31.240000,53.887959,26.950001,,,39.731415,34.318996,46.980000,32.068310,44.169998,25.000000,,29.520000,,30.100000,55.779999,,,19.000000,,8.532907,,25.690001,18.583332,35.320000,28.590250,,0.354464,1143.199951,1.882500,38.478188,35.180000,41.439999,,28.690001,28.625000,9.987504,20.372910,18.570000,,14.300000,36.500000,55.150215,,11.290000,36.509998,134.763336,87.320000,38.799999,33.169998,21.020000,10.381471,81.156792,35.759998,,50.431450,21.955000,49.380001,18.485830,22.580000,31.240000,54.030102,27.309999,,,39.830799,34.722221,47.419998,32.447819,44.279999,25.540001,,29.490000,,30.309999,56.020000,,,18.760000,,8.592322,,25.940001,18.843332,35.599998,28.458498,
2003-07-14,0.357321,1153.599976,1.925000,39.335983,35.400002,41.700001,,29.150000,28.650000,10.131209,20.639721,19.049999,,14.675000,36.599998,55.382462,,11.450000,36.750000,136.584457,87.330002,39.150002,33.700001,20.870001,10.490463,82.217972,36.480000,,50.575264,22.075001,49.980000,18.597696,22.840000,31.540001,54.481606,27.629999,,,39.916630,34.569893,47.400002,32.703983,44.299999,25.700001,,29.870001,,30.170000,55.400002,,,19.139999,,8.649452,,26.450001,19.100000,35.619999,28.642950,,0.355357,1168.800049,1.963500,39.738621,34.580002,41.730000,,28.940001,28.490000,10.212434,20.445330,18.610001,,14.265000,36.095001,55.864826,,11.310000,36.264999,134.379944,89.440002,39.599998,33.380001,21.000000,10.681199,81.663483,37.299999,,50.105465,22.139999,48.650002,18.397270,21.920000,31.250000,53.913044,27.400000,,,39.754002,34.596775,47.070000,32.106262,44.169998,25.879999,,29.969999,,30.340000,55.639999,,,19.120001,,8.443784,,26.514999,18.883333,35.299999,29.644270,
2003-07-15,0.357500,1173.000000,1.980500,40.263802,33.450001,42.000000,,29.299999,28.475000,10.287410,20.445330,18.940001,,14.300000,36.099998,56.222134,,11.350000,37.025002,135.338425,89.949997,38.570000,33.549999,20.820000,10.676658,82.361374,37.540001,,50.124641,22.150000,48.549999,18.621002,22.200001,31.000000,54.331104,27.469999,,,39.799175,34.605736,47.099998,32.580647,44.095001,25.959999,,30.799999,,29.910000,55.000000,,,19.129999,,8.500914,,25.014999,19.026667,35.400002,29.644270,,0.350179,1186.000000,1.921500,39.511044,33.439999,41.750000,,29.035000,28.475000,10.112465,20.201389,18.510000,,14.255000,35.680000,55.239540,,11.640000,37.000000,132.606735,88.019997,37.599998,33.169998,20.760000,10.399637,82.638626,37.290001,,49.645252,21.995001,49.299999,18.513798,21.080000,30.780001,53.549332,27.270000,,,39.641064,34.283154,47.490002,32.125237,44.375000,25.809999,,30.410000,,28.950001,54.380001,,,19.440001,,8.683729,,25.965000,19.106667,35.189999,30.276680,
2003-07-16,0.356607,1204.000000,1.926000,40.044975,33.400002,41.860001,,29.240000,28.500000,10.218682,20.212824,18.750000,,14.255000,35.689999,55.436058,,11.360000,37.549999,132.846359,88.750000,37.150002,33.150002,20.600000,10.622162,83.173996,38.259998,,49.990414,21.725000,49.279999,18.551086,21.100000,30.930000,53.595318,27.559999,,,39.641064,33.817204,47.049999,32.020874,44.000000,25.809999,,30.559999,,29.309999,53.750000,,,19.520000,,8.683729,,25.965000,19.076668,35.270000,30.039526,,0.354821,1196.000000,1.884000,39.861160,33.389999,41.389999,,29.320000,28.260000,9.906279,20.163273,18.230000,,14.125000,35.730000,54.524929,,10.990000,38.744999,131.216934,87.260002,37.400002,33.500000,20.570000,10.308810,82.925430,36.250000,,49.280918,21.455000,50.090000,18.383287,21.120001,30.799999,53.352844,27.520000,,,39.415188,34.130825,47.750000,31.641365,44.290001,26.110001,,30.700001,,28.940001,53.349998,,,19.230000,,8.471207,,25.969999,18.883333,34.919998,28.853756,
2003-07-17,0.360536,1195.800049,1.857500,39.476028,33.150002,41.090000,,30.250000,28.225000,9.793814,20.163273,17.990000,,14.100000,35.730000,54.149757,,10.930000,39.000000,130.114670,86.949997,37.299999,33.500000,20.010000,10.099909,79.063095,36.250000,,49.280918,22.139999,50.200001,18.401932,21.000000,27.980000,53.093643,27.139999,,,39.415188,34.202511,47.799999,31.859583,44.250000,25.990000,,28.670000,,29.170000,52.700001,,,18.650000,,8.457495,,25.750000,18.866667,34.919998,28.458498,,0.373214,1196.000000,1.816000,39.230946,33.169998,40.759998,,31.770000,27.980000,9.612621,20.106098,17.760000,,13.780000,35.750000,54.667850,,10.830000,38.154999,129.875046,86.440002,37.770000,33.099998,20.059999,9.904632,79.665390,35.040001,,48.418026,22.379999,50.220001,17.819298,20.490000,28.809999,53.227425,26.690001,,,39.013130,34.498207,46.779999,31.081594,44.070000,25.959999,,28.090000,,29.290001,52.220001,,,18.250000,,8.407221,,25.475000,18.600000,35.200001,28.221344,
2003-07-18,0.373214,1207.000000,1.816000,39.607327,33.209999,40.900002,,31.900000,28.000000,9.715714,20.391968,18.110001,,13.895000,35.950001,54.757175,,10.900000,38.750000,132.175430,86.440002,37.669998,33.500000,20.200001,10.036331,80.162521,35.230000,,48.418026,22.459999,50.750000,18.005739,20.900000,28.559999,53.720737,27.110001,,,39.239006,34.094982,47.310001,31.404175,44.465000,25.950001,,28.520000,,29.350000,52.000000,,,18.250000,,8.464351,,25.575001,18.799999,35.500000,28.247694,,0.372500,1200.400024,1.749000,39.861160,33.349998,41.575001,,32.805000,28.150000,9.728210,20.468201,17.889999,,13.715000,36.369999,55.829098,,10.990000,39.720001,133.133911,87.690002,38.000000,33.080002,20.360001,10.240690,80.038239,35.330002,,48.513901,22.450001,52.049999,18.098961,21.389999,28.790001,54.423077,26.889999,,,40.228336,34.596775,47.320000,31.679317,44.900002,26.559999,,28.650000,,29.650000,53.400002,,,18.690001,,8.489488,,25.690001,19.000000,35.880001,28.379448,
2003-07-21,0.369464,1200.000000,1.735500,39.782387,33.000000,41.575001,,32.805000,28.275000,9.712590,20.487257,18.030001,,13.720000,36.349998,55.811230,,10.830000,39.720001,133.085983,87.589996,38.000000,33.200001,20.150000,10.013624,79.541107,35.099998,,48.418026,22.500000,52.750000,18.098961,21.389999,28.740000,55.372074,26.870001,,,40.205750,34.596775,47.279999,32.163189,44.775002,26.450001,,27.650000,,29.490000,52.599998,,,18.350000,,8.466636,,25.665001,18.950001,35.799999,27.931490,,0.368036,1200.000000,1.766500,38.915836,32.349998,41.090000,,32.660000,28.150000,9.472040,20.391968,17.930000,,13.900000,36.049999,55.400330,,10.550000,39.474998,130.162598,85.699997,37.599998,32.150002,20.120001,9.913715,78.871895,34.430000,,48.092041,22.500000,52.299999,17.814636,20.870001,28.709999,57.002506,26.040001,,,39.686237,34.139786,47.060001,30.872866,44.580002,26.250000,,27.650000,,29.469999,52.259998,,,17.879999,,8.366088,,25.620001,18.653334,35.380001,27.536232,
2003-07-22,0.372679,1205.000000,1.785000,38.968357,32.200001,41.075001,,31.780001,28.250000,9.453296,19.942202,18.129999,,13.880000,36.340000,55.543251,,10.800000,39.480000,130.354294,85.949997,37.919998,32.320000,19.660000,9.990917,78.871895,34.500000,,48.418026,22.600000,52.299999,17.931164,20.809999,28.559999,57.006687,26.280001,,,39.171242,34.121864,47.060001,31.110058,44.525002,26.350000,,27.650000,,29.600000,52.259998,,,19.250000,,8.404936,,25.655001,18.683332,35.410000,27.562582,,0.371429,1211.599976,1.743500,39.187180,32.570000,41.595001,,32.099998,28.299999,9.515776,20.559677,18.670000,,13.900000,36.275002,57.008205,,10.580000,39.669998,131.360703,86.160004,37.970001,31.760000,20.040001,9.977293,78.250481,34.939999,,49.041225,22.545000,53.400002,18.206165,21.080000,28.980000,57.545986,26.379999,,,40.255444,34.220428,47.049999,30.768501,44.750000,26.600000,,27.590000,,29.920000,52.500000,,,19.250000,,8.450640,,25.985001,18.966667,35.720001,28.695652,
2003-07-23,0.374107,1211.599976,1.887500,39.300968,32.240002,41.505001,,32.115002,28.200001,9.459544,20.544432,18.760000,,13.880000,36.299999,57.168995,,10.640000,39.674999,131.312790,86.300003,39.500000,32.029999,20.000000,9.990917,78.393883,35.099998,,49.041225,22.625000,53.389999,18.178200,21.219999,28.879999,57.545986,26.420000,,,40.205750,35.008961,47.000000,30.872866,44.965000,27.370001,,28.030001,,29.870001,52.250000,,,19.250000,,8.416362,,25.995001,18.973333,35.720001,28.722004,,0.371250,1205.000000,2.005500,39.108402,32.689999,41.680000,,32.424999,28.139999,9.475164,20.327171,18.879999,,13.830000,36.009998,57.079666,,10.590000,39.404999,131.408630,86.099998,39.099998,32.119999,20.100000,10.049955,78.680687,34.860001,,48.226269,22.584999,53.380001,18.201506,21.209999,28.690001,58.005852,26.450001,,,39.934700,35.125446,47.009998,31.242884,44.450001,27.790001,,28.000000,,29.980000,52.650002,,,19.290001,,8.375229,,25.945000,18.833332,35.669998,28.194992,
2003-07-24,0.375714,1219.000000,2.052500,39.458523,32.599998,41.705002,,32.474998,28.145000,9.506404,20.353851,19.020000,,13.950000,36.125000,58.794739,,10.800000,39.404999,132.510895,86.870003,39.669998,32.160000,20.129999,9.990917,79.302101,35.349998,,48.322147,22.594999,54.980000,18.210827,21.350000,28.590000,58.110367,26.780001,,,40.025051,35.026882,47.009998,31.593927,44.584999,28.010000,,28.299999,,30.049999,52.650002,,,19.400000,,8.420932,,26.245001,19.000000,35.740002,28.274046,,0.366250,1244.000000,2.065500,38.863319,32.200001,40.980000,,31.910000,27.969999,9.200250,20.075607,18.580000,,13.875000,35.900002,60.295422,,10.680000,39.154999,131.504486,85.400002,39.560001,31.480000,20.040001,9.582198,77.925430,34.580002,,48.015339,22.260000,51.549999,18.411253,21.080000,28.520000,58.256687,26.000000,,,38.918262,35.197132,46.669998,30.882353,44.115002,27.959999,,28.400000,,30.370001,52.270000,,,18.770000,,8.272395,,25.725000,18.543333,35.250000,28.010540,
2003-07-25,0.364464,1258.000000,2.037000,38.854568,31.549999,41.075001,,32.000000,27.900000,9.184630,20.201389,18.680000,,13.865000,35.849998,60.295422,,10.870000,39.154999,132.654663,85.370003,39.560001,31.700001,19.950001,9.586739,78.011475,34.750000,,47.794823,22.254999,51.849998,18.504475,21.080000,28.469999,58.260872,26.280001,,,38.963436,35.465950,46.400002,30.455408,43.974998,27.719999,,28.309999,,30.200001,52.520000,,,18.670000,,8.272395,,25.750000,18.506666,35.250000,27.984190,,0.384643,1293.000000,2.080000,39.913681,32.680000,41.764999,,32.650002,27.950001,9.500156,20.178518,19.080000,,13.990000,36.365002,61.367344,,10.970000,39.439999,136.248993,86.419998,40.099998,32.000000,20.350000,9.718438,79.875717,35.470001,,47.545544,22.520000,53.000000,19.012531,21.440001,28.549999,59.113712,26.889999,,,39.347424,35.573479,47.130001,31.347248,44.775002,28.549999,,28.950001,,30.150000,52.790001,,,19.049999,,8.279250,,26.045000,18.730000,35.759998,28.274046,
2003-07-28,0.383929,1304.800049,2.074500,40.132504,32.680000,41.599998,,32.740002,27.825001,9.534520,20.163273,19.209999,,13.975000,36.299999,62.260609,,10.970000,39.544998,136.824081,86.459999,39.720001,32.200001,20.150000,9.718438,79.990440,35.470001,,47.296261,22.459999,53.570000,19.012531,21.280001,28.799999,58.862877,26.940001,,,40.544563,35.582436,46.849998,31.489565,44.570000,28.400000,,29.530001,,29.809999,52.549999,,,18.500000,,8.272395,,26.150000,18.730000,35.700001,28.722004,,0.374821,1294.000000,2.104000,39.397251,32.770000,41.415001,,32.549999,27.775000,9.434552,20.182331,19.080000,,14.235000,36.290001,62.707241,,10.850000,39.590000,135.961441,86.500000,39.500000,31.750000,20.209999,9.709355,78.910133,35.490002,,46.941517,22.315001,53.459999,19.096432,21.260000,28.549999,58.938126,26.610001,,,41.723629,35.259857,46.380001,31.100569,44.154999,28.610001,,29.610001,,29.840000,52.380001,,,19.170000,,8.258684,,25.950001,18.719999,35.750000,29.433464,
2003-07-29,0.374821,1293.800049,2.099500,39.519794,32.599998,41.415001,,32.549999,27.750000,9.706342,20.060360,19.139999,,14.175000,36.125000,62.707241,,10.840000,39.445000,136.009369,86.500000,39.250000,31.860001,19.760000,9.709355,78.919693,35.580002,,47.027805,22.375000,53.330002,19.110415,21.760000,28.799999,58.758362,26.879999,,,41.651348,34.919353,46.459999,31.214420,44.025002,28.850000,,29.950001,,29.709999,51.700001,,,19.059999,,8.295247,,25.975000,18.719999,35.750000,29.696970,,0.370000,1265.599976,2.069500,39.257206,32.049999,41.439999,,32.674999,27.625000,9.665729,19.801172,19.160000,,13.875000,35.900002,62.617912,,10.830000,39.160000,133.709000,86.830002,39.430000,31.570000,19.820000,9.659401,78.202675,35.240002,,46.759350,22.430000,52.549999,18.891344,22.150000,28.230000,58.340302,26.469999,,,41.741699,34.991039,46.000000,30.901327,43.549999,28.740000,,29.330000,,29.750000,51.250000,,,18.719999,,8.276965,,25.905001,18.496668,35.430000,28.932806,
2003-07-30,0.370893,1271.000000,2.057500,39.082146,32.000000,41.439999,,32.680000,27.650000,9.746954,20.125156,19.200001,,14.000000,36.049999,62.617912,,10.780000,39.075001,134.907104,87.050003,39.139999,31.580000,19.490000,9.677566,78.824089,35.500000,,46.663471,22.600000,52.700001,18.970583,21.969999,28.100000,58.344482,26.459999,,,41.646832,34.802868,46.500000,31.024668,43.950001,28.900000,,29.000000,,29.090000,51.000000,,,18.750000,,8.322669,,25.905001,18.583332,35.680000,28.985506,,0.362143,1271.400024,2.033000,38.819553,32.520000,41.375000,,33.224998,27.559999,9.628241,19.820230,19.280001,,14.475000,35.900002,62.385666,,10.650000,39.145000,134.044479,86.949997,39.220001,31.299999,19.629999,9.545867,77.399620,35.060001,,46.500481,22.690001,52.450001,18.751513,22.400000,27.760000,58.277592,26.230000,,,41.813980,35.044804,46.349998,31.679317,43.875000,28.850000,,28.860001,,28.750000,50.820000,,,18.700001,,8.359232,,25.665001,18.633333,35.320000,28.880104,
2003-07-31,0.370357,1279.599976,2.067500,39.082146,32.619999,41.700001,,33.674999,27.700001,9.581381,20.067984,19.469999,,14.875000,36.250000,62.885895,,10.740000,39.724998,135.865601,87.949997,38.750000,31.549999,19.549999,9.673025,78.202675,35.650002,,46.979866,22.735001,52.650002,18.835411,22.700001,27.799999,58.361202,26.600000,,,42.021786,34.731182,46.470001,31.783682,44.474998,29.000000,,29.600000,,28.750000,50.900002,,,19.000000,,8.370658,,25.889999,18.750000,35.869999,28.880104,,0.376429,1284.000000,2.082000,38.662003,33.119999,41.285000,,33.735001,27.299999,9.522024,19.949823,19.490000,,14.995000,36.055000,63.064548,,11.060000,39.669998,136.296921,87.139999,38.310001,31.200001,19.760000,9.613987,77.676865,35.049999,,46.404602,22.485001,52.340000,19.157026,23.010000,27.809999,58.612041,26.410000,,,41.669418,34.578854,46.070000,31.650854,43.935001,29.059999,,29.350000,,27.969999,51.299999,,,18.870001,,8.318099,,25.264999,18.636667,35.580002,28.458498,
2003-08-01,0.375000,1280.000000,2.070500,38.644493,32.709999,41.279999,,33.785000,27.040001,9.518900,19.949823,19.420000,,14.990000,36.145000,62.957355,,11.080000,39.759998,135.146729,86.949997,38.000000,31.250000,19.750000,9.536785,77.581261,35.080002,,46.116970,22.250000,52.950001,19.129059,23.010000,27.900000,58.277592,26.330000,,,41.786877,34.417564,45.500000,31.432638,44.000000,28.910000,,29.350000,,27.990000,50.599998,,,18.650000,,8.283821,,25.264999,18.573334,35.570000,28.379448,,0.370179,1257.199951,2.001500,38.005527,32.419998,40.369999,,33.610001,27.150000,9.497032,19.831665,19.150000,,14.975000,35.525002,62.439262,,10.900000,39.619999,136.392761,85.099998,37.400002,30.799999,19.590000,9.523161,77.695984,33.360001,,45.426655,22.375000,51.520000,19.184992,22.969999,27.950001,58.114548,26.170000,,,41.497753,33.790321,45.349998,31.005693,43.349998,28.600000,,28.920000,,27.790001,50.599998,,,18.870001,,8.249543,,25.049999,18.423332,35.330002,28.063240,
2003-08-04,0.366607,1256.000000,1.985000,38.005527,32.200001,40.369999,,33.474998,27.059999,9.384567,19.934578,19.320000,,15.025000,35.505001,62.439262,,10.900000,39.400002,136.392761,85.099998,37.889999,30.799999,19.549999,9.604905,77.198853,33.360001,,45.541706,22.250000,51.650002,19.091770,22.780001,27.950001,58.118729,26.150000,,,41.610695,34.274193,45.099998,31.005693,43.474998,28.610001,,29.170000,,28.299999,50.090000,,,18.719999,,8.228976,,25.049999,18.260000,35.500000,27.720684,,0.378750,1248.000000,1.982500,38.224350,32.220001,40.799999,,33.549999,27.165001,9.437676,19.923143,19.260000,,15.070000,35.334999,62.314205,,10.840000,39.685001,136.488617,84.650002,37.730000,30.950001,19.670000,9.445958,77.562141,33.730000,,46.145733,22.445000,51.700001,19.026516,22.580000,28.219999,58.578594,26.180000,,,41.448063,34.345879,45.060001,31.375711,43.919998,28.639999,,29.469999,,28.000000,50.080002,,,18.799999,,8.119287,,25.135000,18.610001,35.610001,26.719368,
2003-08-05,0.381250,1242.000000,1.962000,37.769196,31.959999,40.525002,,33.654999,27.240000,9.368947,20.029867,19.240000,,15.125000,35.375000,62.171280,,10.710000,39.575001,135.434280,84.849998,38.130001,30.650000,19.209999,9.450500,77.562141,33.650002,,46.059444,22.424999,51.080002,18.560408,22.580000,28.299999,58.494984,26.309999,,,41.561001,34.498207,45.270000,31.451612,44.125000,28.650000,,29.190001,,27.900000,50.419998,,,18.900000,,8.119287,,24.950001,18.466667,35.700001,26.877470,,0.363929,1230.000000,1.933500,37.156487,31.219999,39.900002,,33.345001,27.150000,9.119025,19.888840,18.860001,,14.665000,35.400002,61.188690,,10.520000,39.125000,133.229752,82.900002,37.830002,30.299999,19.350000,9.069028,76.338432,32.759998,,46.059444,22.180000,50.169998,18.662952,22.000000,27.860001,58.089466,25.660000,,,41.109249,34.283154,44.639999,30.834915,43.764999,28.250000,,28.950001,,27.910000,50.299999,,,18.290001,,8.123857,,24.879999,18.433332,35.349998,26.719368,
2003-08-06,0.358214,1231.000000,1.931000,37.156487,31.250000,39.900002,,33.345001,27.150000,9.087785,19.934578,17.920000,,14.665000,35.375000,60.384750,,10.600000,39.000000,133.229752,83.000000,37.660000,30.700001,19.799999,9.055404,76.195030,33.000000,,45.829338,22.075001,50.799999,18.648968,21.700001,28.000000,57.984951,25.540001,,,40.793026,34.623657,44.639999,30.664137,43.849998,28.020000,,28.600000,,27.620001,50.900002,,,18.430000,,8.158135,,24.750000,18.336666,35.400002,26.693016,,0.350536,1241.800049,1.947000,38.119316,31.910000,40.299999,,33.055000,27.424999,9.062793,20.106098,17.650000,,14.665000,35.439999,60.742058,,10.650000,39.250000,132.654663,84.050003,37.799999,31.320000,19.940001,9.032698,76.242828,32.990002,,46.021091,22.049999,50.900002,18.639647,21.820000,28.139999,57.780102,25.650000,,,41.113770,34.543011,44.759998,30.787476,44.400002,28.340000,,28.370001,,27.400000,51.450001,,,18.250000,,8.276965,,24.985001,18.580000,35.750000,26.982872,
2003-08-07,0.352321,1241.000000,1.950000,38.338139,31.719999,40.099998,,33.000000,27.424999,9.065917,20.144215,17.660000,,14.700000,35.465000,60.742058,,10.630000,39.250000,132.654663,84.059998,37.650002,31.299999,19.469999,8.832879,76.185471,32.759998,,46.030682,22.150000,50.000000,18.644306,22.000000,28.160000,57.675587,25.719999,,,41.448063,34.238350,44.500000,30.626186,44.500000,28.590000,,28.320000,,27.459999,51.900002,,,18.200001,,8.340951,,24.950001,18.826668,35.610001,26.877470,,0.355893,1240.000000,1.950500,38.723270,31.930000,40.264999,,33.580002,27.360001,9.144017,20.452953,17.530001,,14.905000,36.130001,60.742058,,10.720000,39.450001,134.571640,84.750000,38.740002,31.959999,19.500000,8.769301,77.141495,32.849998,,46.136147,22.389999,49.700001,19.180330,22.059999,28.139999,58.047661,25.709999,,,41.375782,34.596775,44.990002,31.252373,44.099998,28.200001,,27.910000,,27.540001,52.180000,,,18.209999,,8.638026,,24.980000,19.000000,36.250000,26.930170,
2003-08-08,0.359107,1246.000000,1.956500,38.819553,31.930000,40.500000,,33.700001,27.360001,9.190878,20.563490,17.670000,,14.900000,36.380001,61.635323,,10.800000,39.450001,133.900696,85.209999,38.680000,32.299999,19.250000,8.923706,77.485657,33.220001,,46.260784,22.450001,50.200001,19.180330,22.980000,28.250000,58.051838,25.879999,,,41.344158,34.077061,44.849998,31.280834,44.400002,28.250000,,28.190001,,27.650000,51.410000,,,18.250000,,8.644881,,25.010000,19.106667,36.349998,26.877470,,0.350714,1244.000000,1.957500,38.845814,32.250000,40.645000,,34.105000,27.510000,9.147142,20.582546,17.580000,,15.025000,36.400002,61.010036,,10.710000,39.084999,134.571640,85.820000,38.639999,32.720001,19.360001,9.118983,77.323135,32.990002,,46.462128,22.424999,50.590000,19.138380,23.889999,28.080000,58.507526,25.580000,,,41.091179,34.050179,45.459999,31.280834,44.540001,28.290001,,28.070000,,27.600000,51.450001,,,18.049999,,8.738574,,25.125000,19.256666,36.520000,26.877470,
2003-08-11,0.353929,1244.000000,1.949500,38.845814,32.400002,40.520000,,34.200001,27.575001,9.137769,20.563490,17.610001,,15.065000,36.520000,60.795650,,10.610000,38.950001,134.427872,85.809998,38.520000,32.660000,19.719999,9.037239,77.313576,32.990002,,46.279961,22.400000,50.650002,19.138380,23.700001,28.160000,58.507526,25.610001,,,41.199600,34.005375,45.340000,31.176472,44.520000,28.160000,,27.820000,,27.299999,52.000000,,,17.900000,,8.672303,,25.075001,19.293333,36.500000,26.666668,,0.351071,1250.199951,1.946500,38.583225,32.220001,40.305000,,34.340000,27.620001,9.262730,20.559677,17.709999,,15.240000,36.599998,60.652729,,10.710000,39.450001,135.530136,85.760002,38.689999,32.689999,19.889999,9.064487,77.456978,33.220001,,46.385426,22.309999,50.580002,18.770157,23.760000,28.450001,59.322742,25.610001,,,41.258327,34.014336,45.209999,31.223909,44.560001,28.150000,,27.820000,,27.530001,52.250000,,,18.480000,,8.729433,,24.975000,19.233334,36.520000,26.666668,
2003-08-12,0.352857,1247.000000,1.947500,38.749531,32.119999,40.310001,,34.340000,27.725000,9.281475,20.578735,17.760000,,15.235000,36.674999,60.652729,,10.690000,39.560001,135.721832,85.769997,39.099998,32.820000,19.950001,9.082652,77.868073,33.470001,,46.768936,22.410000,50.450001,18.858717,23.559999,28.320000,59.364548,25.709999,,,41.289951,33.906811,45.349998,31.404175,44.750000,28.040001,,27.860001,,27.340000,52.049999,,,18.600000,,8.786563,,25.209999,19.350000,36.750000,26.745718,,0.351786,1264.000000,1.992500,39.300968,32.610001,40.715000,,35.150002,28.025000,9.409560,20.761690,17.830000,,15.320000,36.955002,60.634865,,10.730000,39.740002,135.769745,87.680000,39.240002,33.130001,20.160000,9.514078,77.925430,33.639999,,46.596355,22.325001,50.980000,18.844734,23.790001,28.730000,60.188126,25.730000,,,41.393852,34.077061,45.599998,31.185959,44.705002,28.549999,,28.010000,,27.240000,52.200001,,,18.889999,,8.946527,,25.180000,19.600000,36.709999,26.640316,
2003-08-13,0.354643,1264.199951,2.012500,39.344734,32.439999,40.715000,,35.150002,28.125000,9.490784,20.849358,17.940001,,15.375000,37.125000,60.295422,,10.760000,39.660000,136.296921,87.900002,39.740002,33.130001,20.160000,9.636694,78.059273,33.799999,,46.912750,22.370001,50.980000,18.919312,23.799999,28.799999,60.192307,25.790001,,,41.393852,33.772400,45.700001,30.759012,44.825001,28.450001,,28.580000,,27.410000,53.200001,,,18.889999,,8.946527,,25.250000,19.500000,36.799999,26.693016,,0.360357,1237.599976,2.010500,39.204685,32.380001,40.395000,,35.200001,27.809999,9.290847,20.765503,17.590000,,15.555000,36.619999,60.152500,,10.810000,39.625000,134.284088,87.400002,39.209999,33.180000,20.170000,9.559491,77.629066,33.430000,,46.893578,22.254999,50.389999,18.737530,23.170000,28.520000,60.409698,25.600000,,,41.186047,33.476704,44.970001,29.943073,44.555000,28.270000,,28.209999,,27.400000,53.299999,,,19.320000,,9.035649,,25.025000,19.356667,36.500000,26.508564,
2003-08-14,0.360893,1237.000000,1.996000,39.327229,32.500000,40.455002,,35.200001,27.924999,9.350203,20.856981,17.590000,,15.540000,36.860001,60.116772,,10.590000,39.500000,135.146729,87.160004,39.869999,33.119999,20.320000,9.627611,77.437859,33.430000,,47.209972,22.350000,50.330002,18.784140,22.900000,28.500000,59.908028,25.660000,,,41.181530,33.557346,44.570000,30.037951,44.730000,28.400000,,27.799999,,27.700001,54.500000,,,19.719999,,9.092779,,25.100000,19.356667,36.750000,26.455864,,0.356607,1254.800049,2.015000,39.869915,32.980000,40.709999,,35.325001,27.875000,9.297095,20.917967,17.799999,,15.535000,37.119999,60.509808,,10.760000,40.174999,136.824081,87.949997,39.759998,33.080002,20.620001,9.604905,77.973228,33.900002,,48.187920,22.530001,50.490002,18.830750,22.950001,28.760000,59.423077,25.629999,,,41.994678,33.494625,45.000000,29.516129,44.485001,28.570000,,27.719999,,28.100000,55.630001,,,20.049999,,9.010512,,25.240000,19.309999,36.939999,26.877470,
2003-08-15,0.357500,1255.000000,2.011500,40.036221,33.150002,40.709999,,35.549999,27.825001,9.334583,20.925591,17.740000,,15.500000,36.525002,60.831383,,10.760000,40.174999,137.542953,87.959999,39.990002,33.250000,20.650000,9.713896,78.202675,34.000000,,48.187920,22.559999,50.490002,18.835411,23.000000,29.299999,59.719898,25.610001,,,42.057926,33.879929,45.000000,29.696396,44.674999,28.980000,,27.799999,,27.840000,55.299999,,,20.000000,,9.140768,,25.240000,19.350000,36.939999,26.745718,,0.351964,1248.000000,2.005000,39.826149,32.939999,40.750000,,35.480000,27.495001,9.209622,20.834112,17.790001,,15.400000,36.410000,60.384750,,10.770000,39.959999,137.926346,87.760002,39.849998,33.540001,20.690001,9.718438,78.193115,33.660000,,48.168743,22.504999,50.610001,18.760834,22.980000,28.820000,59.640469,25.540001,,,42.003716,34.094982,45.240002,29.810247,44.560001,28.870001,,27.559999,,28.120001,55.419998,,,20.180000,,9.095064,,25.260000,19.366667,36.830002,26.719368,
2003-08-18,0.354643,1257.000000,2.024000,39.826149,33.099998,40.575001,,35.730000,27.424999,9.278351,20.837923,17.900000,,15.400000,36.525002,61.117229,,10.760000,40.250000,138.980682,87.760002,39.820000,34.040001,20.709999,9.736603,78.441681,34.099998,,48.044106,22.504999,50.599998,18.812105,23.000000,28.660000,59.573578,25.559999,,,42.085030,34.121864,45.049999,29.981026,44.825001,28.860001,,27.389999,,27.500000,55.049999,,,19.309999,,9.140768,,25.309999,19.500000,36.860001,26.693016,,0.363214,1253.000000,2.151000,39.913681,33.580002,40.535000,,36.520000,27.290001,9.187754,20.921778,18.270000,,15.400000,36.290001,60.938576,,10.900000,41.825001,142.814636,88.269997,40.000000,33.900002,20.750000,10.049955,79.847038,34.049999,,48.005753,22.430000,51.980000,18.923971,22.719999,28.480000,60.342808,25.700001,,,43.020153,34.148746,45.299999,29.857685,44.200001,29.230000,,27.990000,,27.950001,55.279999,,,20.910000,,9.047075,,25.170000,19.639999,36.919998,26.587614,
2003-08-19,0.363750,1261.000000,2.172500,40.001209,33.630001,40.889999,,36.525002,27.389999,9.194002,20.906532,18.440001,,15.450000,36.290001,61.170822,,10.910000,41.575001,143.293884,88.320000,39.950001,33.910000,20.559999,10.217984,79.445503,34.150002,,47.986576,22.355000,52.480000,18.900667,22.740000,28.400000,60.346989,25.850000,,,43.029186,33.942654,45.299999,29.876659,44.200001,29.450001,,28.610001,,27.600000,55.049999,,,20.420000,,8.992230,,25.100000,19.683332,36.880001,26.613966,,0.362857,1260.000000,2.178500,40.079987,34.330002,40.605000,,36.450001,27.219999,9.156514,20.933212,18.549999,,15.395000,36.049999,61.510265,,11.070000,41.735001,143.054260,89.029999,39.790001,32.160000,20.770000,10.040872,79.206497,34.189999,,48.302971,22.150000,51.950001,18.951939,22.879999,28.500000,60.388798,26.620001,,,43.404140,33.870968,44.700001,29.667933,43.900002,29.440001,,28.820000,,27.330000,55.299999,,,21.090000,,9.159049,,25.190001,19.626667,36.680000,26.561266,
2003-08-20,0.360357,1258.000000,2.153000,40.079987,34.330002,40.605000,,36.055000,27.219999,9.119025,20.925591,18.379999,,15.295000,36.049999,61.545994,,11.070000,41.500000,143.006332,88.400002,39.509998,32.240002,20.600000,9.078111,78.393883,34.680000,,48.274208,22.000000,51.950001,19.040499,22.799999,28.639999,60.388798,26.299999,,,43.368000,33.799282,44.660000,29.430740,43.919998,29.250000,,28.389999,,26.799999,55.779999,,,20.650000,,9.161335,,25.190001,19.483334,36.500000,26.350460,,0.375179,1233.199951,2.188000,39.799892,34.360001,40.855000,,36.130001,27.240000,9.106529,20.834112,18.570000,,15.325000,36.299999,61.617455,,11.220000,41.825001,141.137283,87.699997,39.750000,32.570000,20.820000,8.991826,79.397705,34.830002,,48.187920,21.945000,51.040001,19.110415,23.000000,28.330000,60.125420,26.450001,,,42.563885,33.781361,44.200001,29.165085,43.689999,29.309999,,28.370001,,26.870001,55.660000,,,20.799999,,8.989945,,24.975000,19.593332,36.799999,26.482212,
2003-08-21,0.375536,1238.000000,2.211000,39.922432,34.500000,40.855000,,36.200001,27.240000,9.125273,20.906532,18.879999,,15.325000,36.334999,61.635323,,11.210000,41.825001,142.335388,88.250000,39.009998,32.730000,20.969999,9.082652,79.722755,35.049999,,48.255035,21.965000,51.150002,19.119738,23.000000,28.379999,60.221573,26.650000,,,43.684223,33.781361,44.320000,28.586338,43.689999,29.480000,,28.830000,,27.049999,57.700001,,,20.799999,,8.980804,,25.000000,19.586666,36.980000,26.482212,,0.387143,1213.599976,2.285000,40.202530,34.939999,40.494999,,36.705002,27.174999,9.153390,20.898909,18.870001,,15.580000,36.389999,62.296337,,11.410000,42.025002,144.539917,88.099998,38.930000,32.759998,20.940001,9.009991,79.206497,34.599998,,48.705658,21.805000,50.560001,19.250246,22.500000,28.520000,60.489128,26.240000,,,43.869442,33.396057,44.020000,28.263758,43.349998,29.450001,,28.950001,,26.860001,57.549999,,,22.150000,,9.115631,,24.830000,19.730000,37.049999,26.192358,
2003-08-22,0.389464,1225.000000,2.318000,40.395096,35.650002,40.650002,,36.845001,27.150000,9.190878,20.925591,19.230000,,15.625000,36.500000,62.278473,,11.410000,42.450001,145.210846,89.099998,38.900002,32.950001,20.740000,9.168937,80.544930,34.830002,,48.696068,21.875000,50.759998,19.343470,22.559999,28.750000,60.911369,26.780001,,,43.932690,33.557346,44.009998,28.728653,43.599998,29.600000,,29.620001,,26.820000,56.200001,,,23.350000,,9.159049,,24.850000,19.813334,37.020000,26.324112,,0.372857,1191.800049,2.261000,39.756126,35.680000,39.189999,,35.845001,26.674999,8.909716,20.689272,18.790001,,15.605000,35.904999,61.278015,,11.230000,41.480000,143.198029,86.989998,38.430000,32.799999,20.570000,8.832879,79.321220,33.919998,,47.651009,21.639999,49.880001,19.180330,21.950001,28.700001,60.000000,26.219999,,,42.843971,33.431900,43.520000,28.036053,43.355000,29.040001,,28.650000,,26.830000,55.930000,,,22.809999,,9.017367,,24.565001,19.466667,36.529999,25.586298,
2003-08-25,0.371071,1192.000000,2.242500,39.668594,35.669998,39.250000,,35.500000,26.625000,8.840987,20.677837,18.690001,,15.555000,36.000000,61.099361,,11.160000,41.744999,142.718781,87.000000,38.680000,32.549999,20.360001,8.810173,79.206497,33.720001,,47.651009,21.725000,49.650002,19.226942,21.920000,28.709999,60.062710,26.309999,,,42.464500,33.396057,43.349998,27.988615,43.325001,29.110001,,28.549999,,26.840000,55.240002,,,22.809999,,9.040219,,24.565001,19.466667,36.349998,25.533598,,0.372500,1191.400024,2.292500,39.502289,35.299999,38.830002,,34.830002,26.700001,9.028429,20.719765,18.980000,,15.645000,36.174999,60.902843,,11.080000,41.560001,143.054260,86.730003,39.000000,32.480000,20.360001,8.810173,78.355644,33.740002,,48.120804,22.035000,50.320000,19.110415,22.200001,29.320000,59.937290,26.500000,,,42.563885,33.342293,43.709999,28.339659,43.590000,28.809999,,28.299999,,26.570000,55.450001,,,22.610001,,8.930530,,24.844999,19.700001,36.770000,25.138340,
2003-08-26,0.370536,1190.599976,2.282500,39.204685,35.200001,38.830002,,34.380001,26.725000,9.028429,20.658779,18.889999,,15.575000,36.099998,60.902843,,11.040000,41.884998,142.095764,86.730003,38.299999,32.200001,20.150000,8.764759,78.059273,33.500000,,47.785236,21.924999,51.099998,19.063805,22.070000,29.350000,59.941471,26.309999,,,42.563885,33.109318,43.660000,28.282732,43.439999,28.809999,,28.260000,,26.170000,55.500000,,,22.100000,,8.839122,,24.639999,19.576668,36.770000,26.192358,,0.375893,1207.400024,2.296500,38.994614,35.709999,38.945000,,34.775002,26.955000,9.100281,20.693083,19.100000,,15.565000,36.099998,60.581268,,11.410000,42.529999,143.198029,86.510002,39.020000,32.240002,20.420000,8.891916,78.871895,33.380001,,48.149570,22.115000,51.369999,18.975245,22.299999,29.070000,60.259197,26.570000,,,43.096951,33.396057,44.070000,28.472486,43.834999,28.580000,,28.070000,,26.500000,55.830002,,,22.680000,,8.781993,,24.809999,19.700001,36.830002,27.378128,
2003-08-27,0.373393,1201.000000,2.288500,39.379745,35.650002,38.945000,,34.750000,27.750000,9.059669,20.696896,19.150000,,15.565000,36.075001,60.349018,,11.410000,42.480000,141.999924,86.510002,39.020000,32.150002,20.180000,8.896458,78.393883,33.150002,,47.909874,22.115000,51.240002,18.923971,22.400000,29.260000,60.150501,26.510000,,,43.006599,33.181004,44.070000,28.719166,43.575001,28.580000,,28.070000,,26.910000,55.680000,,,22.570000,,8.770567,,24.725000,19.750000,37.099998,27.720684,,0.383571,1189.000000,2.294000,38.924591,36.139999,38.814999,,35.080002,27.674999,9.156514,20.891285,19.010000,,15.880000,36.145000,61.063633,,11.640000,42.625000,142.575012,85.970001,39.419998,32.459999,20.280001,8.864668,78.393883,33.259998,,48.322147,21.980000,51.450001,18.947277,22.559999,29.170000,59.761707,26.420000,,,42.776207,33.261650,44.029999,28.377609,43.625000,28.639999,,28.250000,,27.309999,56.500000,,,23.490000,,8.818556,,24.750000,19.703333,37.250000,27.483532,
2003-08-28,0.380893,1189.199951,2.297000,39.012119,36.139999,38.849998,,35.275002,27.775000,9.012808,20.906532,19.240000,,15.950000,36.174999,61.188690,,11.410000,42.599998,142.814636,86.449997,38.900002,32.230000,20.040001,8.923706,78.393883,33.259998,,48.178333,21.860001,50.549999,18.891344,22.600000,29.270000,59.657192,26.500000,,,42.740067,33.109318,44.240002,28.415560,43.560001,28.799999,,28.840000,,27.620001,55.029999,,,23.459999,,8.843693,,24.865000,19.750000,37.360001,26.877470,,0.396250,1189.199951,2.297000,39.344734,36.980000,39.150002,,35.325001,27.665001,9.165886,21.169531,19.190001,,16.190001,36.584999,61.581726,,11.440000,42.935001,142.239548,86.860001,39.070000,32.259998,20.219999,8.978202,78.298279,33.910000,,48.715244,21.915001,51.400002,18.970583,22.350000,29.480000,59.469063,26.510000,,,43.065327,33.252689,44.770000,28.282732,43.700001,29.740000,,29.110001,,27.900000,55.500000,,,23.760000,,8.969378,,25.035000,19.766666,37.549999,27.747036,
2003-08-29,0.396429,1189.199951,2.291000,39.125912,36.910000,39.064999,,35.500000,27.700001,9.178382,21.169531,19.100000,,16.195000,36.584999,61.295879,,11.450000,42.900002,141.760300,86.900002,39.080002,32.099998,20.299999,8.937330,78.346077,33.959999,,48.408436,21.850000,51.400002,18.961262,22.160000,29.480000,59.469063,26.459999,,,42.843971,33.198925,44.410000,28.292219,43.485001,29.700001,,29.850000,,27.889999,55.599998,,,23.799999,,8.893967,,25.035000,19.683332,37.549999,27.852436,,0.403750,1191.400024,2.316000,39.432266,37.389999,39.625000,,35.915001,27.639999,9.297095,21.283878,19.139999,,16.299999,36.435001,61.688919,,11.560000,43.055000,141.712372,88.489998,38.830002,32.160000,20.360001,9.050863,78.403442,34.220001,,49.002876,21.760000,51.230000,19.031178,22.420000,29.700001,59.561035,26.520000,,,43.133091,33.127239,44.540001,28.387096,43.645000,30.030001,,29.940001,,28.180000,55.389999,,,23.850000,,9.003656,,25.070000,19.723333,37.700001,28.405796,
2003-09-02,0.404643,1188.000000,2.326000,39.458523,37.290001,39.625000,,35.974998,27.750000,9.243986,21.333429,19.320000,,16.275000,36.490002,61.724648,,11.730000,43.150002,142.575012,88.540001,38.799999,31.930000,20.400000,9.128065,78.776291,34.419998,,49.002876,21.715000,51.099998,18.984566,22.450001,29.799999,58.946487,26.700001,,,43.232475,33.064514,44.340000,28.605312,43.580002,30.030001,,30.790001,,28.200001,56.849998,,,23.760000,,9.003656,,25.549999,19.653334,37.790001,28.590250,,0.408036,1180.199951,2.366500,39.896175,37.689999,39.715000,,36.230000,28.049999,9.228366,21.665037,19.590000,,16.254999,36.855000,62.207012,,12.310000,43.369999,145.881790,90.449997,39.400002,32.259998,20.670000,9.173479,81.988525,34.700001,,49.654842,21.889999,51.400002,19.222281,22.500000,30.150000,58.591137,27.260000,,,43.209888,33.154121,44.939999,28.899431,44.040001,30.190001,,31.100000,,28.700001,57.099998,,,24.040001,,8.980804,,25.575001,19.973333,37.970001,28.590250,
2003-09-03,0.407143,1190.000000,2.379000,39.896175,37.799999,39.400002,,36.090000,28.150000,9.268978,21.535442,20.030001,,16.275000,36.950001,62.278473,,12.450000,43.494999,146.408966,90.699997,39.380001,32.139999,20.629999,9.218892,82.447418,34.700001,,49.424736,21.889999,51.490002,19.222281,22.500000,30.370001,58.591137,27.420000,,,43.313789,33.960571,44.700001,29.079697,44.049999,30.090000,,32.580002,,28.340000,57.950001,,,24.280001,,8.797989,,25.575001,19.983334,37.980000,28.616602,,0.409821,1202.000000,2.309500,39.966198,38.369999,39.000000,,35.974998,28.275000,9.272102,21.630732,20.240000,,15.880000,36.970001,62.260609,,11.940000,43.590000,149.140656,90.820000,39.549999,32.790001,20.730000,9.373297,82.533463,34.860001,,50.000000,21.855000,52.070000,19.133720,22.690001,29.850000,59.619564,28.299999,,,43.358967,33.897850,44.959999,29.297913,44.400002,30.440001,,34.060001,,28.500000,58.520000,,,23.650000,,8.740859,,25.735001,19.993334,38.080002,28.853756,
2003-09-04,0.413571,1210.000000,2.310000,39.686104,38.369999,38.700001,,35.775002,28.280001,9.169010,21.649790,20.490000,,15.895000,36.970001,60.938576,,11.820000,43.590000,149.092728,90.900002,40.189999,32.849998,20.799999,9.405086,82.533463,34.869999,,50.000000,21.955000,52.220001,19.133720,22.860001,29.700001,59.623745,28.100000,,,43.435764,33.978497,44.750000,28.889942,45.000000,30.340000,,34.060001,,28.299999,58.950001,,,23.650000,,8.775137,,25.735001,20.016666,38.000000,28.880104,,0.407679,1194.000000,2.364500,39.817398,37.889999,38.119999,,35.544998,28.150000,9.578257,21.649790,20.590000,,15.750000,36.849998,61.099361,,11.870000,43.494999,150.099136,91.260002,40.209999,34.240002,21.049999,9.436876,84.043976,34.680000,,49.654842,22.250000,51.599998,18.993889,23.389999,29.370001,58.528427,28.430000,,,43.038223,34.139786,44.770000,29.032257,45.715000,30.500000,,34.500000,,28.780001,59.549999,,,24.160000,,8.624314,,25.450001,20.026667,38.160000,28.511200,
2003-09-05,0.405893,1193.400024,2.347500,39.817398,37.889999,37.775002,,35.169998,28.075001,9.584505,21.653603,20.379999,,15.660000,36.775002,60.688461,,11.810000,42.799999,148.278015,91.260002,40.240002,33.840000,21.500000,9.327884,83.173996,34.490002,,49.654842,22.250000,51.279999,19.003210,23.389999,29.030001,58.298496,28.230000,,,42.735550,34.892471,44.500000,29.032257,45.715000,30.490000,,33.860001,,29.000000,59.650002,,,23.900000,,8.672303,,25.450001,19.700001,38.000000,28.511200,,0.401786,1179.000000,2.326000,39.563560,37.160000,38.075001,,35.064999,28.115000,9.381443,21.375357,20.420000,,15.595000,36.509998,60.402615,,11.730000,42.924999,148.757263,90.959999,40.639999,33.759998,21.459999,9.187103,83.126198,34.189999,,49.156281,22.075001,52.009998,18.914650,23.299999,29.260000,57.976589,28.379999,,,42.590988,35.017921,44.330002,28.946869,45.490002,30.090000,,34.009998,,29.200001,58.950001,,,25.129999,,8.695155,,25.315001,19.629999,37.970001,27.747036,
2003-09-08,0.401429,1185.000000,2.325000,39.651089,37.450001,38.279999,,35.064999,28.065001,9.437676,21.668848,20.540001,,15.525000,36.500000,60.402615,,11.710000,43.005001,148.709335,91.480003,40.450001,33.750000,21.440001,9.214351,84.560226,34.340000,,49.165867,22.200001,51.759998,18.914650,23.309999,29.270000,58.193981,28.389999,,,42.685860,35.179211,44.290001,29.297913,45.299999,30.090000,,33.730000,,29.110001,59.299999,,,25.129999,,8.697441,,25.440001,19.516666,38.099998,27.694336,,0.406071,1191.599976,2.364000,40.001209,36.959999,38.490002,,35.255001,28.245001,9.556389,21.623110,20.860001,,15.350000,37.009998,60.563404,,11.830000,42.790001,150.386688,91.349998,41.029999,33.750000,21.629999,9.309718,85.181641,34.650002,,49.098755,22.135000,52.240002,18.947277,23.350000,29.570000,57.683945,28.840000,,,42.916248,35.412186,44.830002,29.857685,45.810001,29.940001,,34.150002,,29.500000,59.500000,,,26.030001,,8.816271,,25.605000,19.530001,38.470001,28.142292,
2003-09-09,0.402321,1191.000000,2.355000,39.633583,36.750000,38.349998,,35.130001,28.245001,9.503280,21.554501,20.930000,,15.250000,36.994999,60.384750,,11.660000,42.549999,148.853104,91.199997,40.400002,32.990002,21.889999,9.273388,85.277245,34.500000,,48.705658,22.010000,52.250000,18.854055,24.250000,29.440001,57.525085,28.650000,,,43.029186,35.528675,44.830002,29.990513,45.549999,29.700001,,33.820000,,29.690001,59.849998,,,25.500000,,8.809415,,25.555000,19.523333,38.250000,27.878788,,0.399464,1206.199951,2.334000,39.878670,36.330002,38.055000,,34.700001,27.975000,9.665729,21.756516,20.780001,,15.065000,36.709999,60.098904,,11.630000,42.529999,149.332352,91.790001,40.529999,32.150002,21.660000,9.291553,85.487572,34.259998,,48.667305,22.174999,52.200001,18.774817,23.590000,29.490000,57.445652,28.370001,,,42.509674,35.555557,44.549999,30.056927,45.575001,29.480000,,33.189999,,29.860001,60.029999,,,25.320000,,8.745430,,25.495001,19.020000,38.110001,27.799736,
2003-09-10,0.397321,1210.000000,2.313000,39.843655,36.180000,37.900002,,34.525002,27.924999,9.593877,21.745081,20.629999,,15.135000,36.825001,60.098904,,11.630000,42.529999,148.805176,91.199997,41.650002,32.000000,21.879999,9.178020,85.076485,33.919998,,48.571430,22.254999,51.950001,18.714224,23.500000,29.459999,57.445652,28.030001,,,42.207005,35.618279,44.400002,30.237192,45.580002,29.370001,,32.849998,,30.719999,60.060001,,,24.370001,,8.761426,,25.500000,18.853333,38.099998,27.799736,,0.396071,1211.599976,2.311000,39.432266,35.619999,37.435001,,34.500000,28.020000,9.484536,21.615486,20.459999,,14.930000,36.494999,58.633949,,11.380000,41.889999,148.709335,89.440002,41.720001,31.770000,21.450001,9.109900,83.977058,33.380001,,48.350910,22.475000,51.250000,18.523119,23.200001,29.639999,57.107021,27.549999,,,41.922401,35.707886,44.720001,30.142315,45.480000,28.879999,,32.250000,,30.709999,59.500000,,,23.420000,,8.743144,,25.020000,18.950001,38.000000,27.747036,
2003-09-11,0.397321,1215.000000,2.310000,39.607327,35.619999,37.400002,,34.500000,28.075001,9.512652,21.630732,20.480000,,15.000000,36.799999,58.955524,,11.210000,41.724998,148.805176,89.440002,41.599998,31.850000,21.650000,9.150772,82.934990,33.750000,,48.485138,22.575001,51.330002,18.639647,23.440001,29.740000,57.136288,27.660000,,,42.026302,35.528675,44.599998,30.379507,45.575001,29.080000,,32.959999,,30.639999,60.750000,,,23.420000,,8.759141,,25.105000,19.033333,38.099998,28.115942,,0.402857,1203.000000,2.259500,39.764877,35.720001,37.799999,,34.035000,28.225000,9.537644,21.516384,20.709999,,15.025000,36.750000,59.134178,,11.440000,42.150002,150.865936,89.839996,41.500000,31.760000,21.770000,9.164396,84.053535,33.680000,,48.149570,22.240000,51.410000,18.723545,23.700001,29.680000,58.064381,27.840000,,,41.981129,35.770611,44.720001,30.208729,45.775002,29.520000,,32.820000,,30.200001,60.939999,,,23.690001,,8.724863,,24.900000,19.166668,38.000000,27.272726,
2003-09-12,0.401964,1202.000000,2.242500,39.563560,35.720001,37.799999,,33.875000,28.125000,9.497032,21.531631,20.660000,,15.000000,36.650002,59.223503,,11.440000,42.000000,150.626312,89.800003,41.389999,31.770000,22.000000,9.078111,83.747612,33.520000,,48.149570,22.059999,51.580002,18.658291,23.540001,29.520000,57.838631,27.480000,,,41.981129,35.483871,44.740002,30.332067,45.625000,29.520000,,31.770000,,30.450001,62.500000,,,23.680000,,8.695155,,24.905001,19.059999,38.000000,27.272726,,0.412500,1201.000000,2.284000,39.300968,35.660000,37.915001,,34.009998,28.059999,9.509528,21.531631,20.660000,,15.100000,36.474998,60.349018,,11.600000,42.070000,151.105545,90.730003,41.520000,31.590000,22.299999,9.118983,84.799232,34.000000,,48.226269,21.995001,51.110001,18.756172,23.480000,29.770000,57.788464,28.340000,,,42.048889,35.743729,45.180000,30.265656,45.955002,29.860001,,32.099998,,30.600000,63.250000,,,23.879999,,8.713437,,25.135000,19.160000,37.730000,27.325428,
2003-09-15,0.407321,1200.000000,2.268000,39.257206,35.410000,38.040001,,34.139999,27.825001,9.475164,21.497328,20.719999,,15.100000,36.279999,60.349018,,11.520000,42.195000,150.961777,89.930000,41.450001,31.990000,22.350000,8.996367,85.755257,34.000000,,48.322147,21.995001,51.020000,18.779478,23.450001,29.850000,57.922241,28.370001,,,42.012749,35.591396,45.240002,30.322580,45.735001,29.809999,,32.419998,,30.950001,63.049999,,,23.740000,,8.718007,,25.049999,19.166668,37.700001,27.140976,,0.396607,1177.000000,2.275500,39.073391,35.500000,38.500000,,34.500000,27.674999,9.362699,21.459211,20.389999,,15.180000,36.375000,59.938118,,11.370000,42.305000,150.482529,89.199997,41.200001,32.779999,22.290001,9.005450,84.598473,33.970001,,48.811123,21.750000,50.970001,18.695580,23.490000,29.629999,57.872074,28.360001,,,42.401257,35.734768,45.150002,30.227703,45.869999,29.670000,,31.940001,,31.020000,63.000000,,,23.629999,,8.692870,,25.020000,19.250000,37.509998,26.877470,
2003-09-16,0.396607,1178.000000,2.270000,39.117157,35.480000,38.470001,,34.514999,27.674999,9.384567,21.451588,20.420000,,15.290000,36.465000,59.866657,,11.430000,42.250000,149.667816,89.480003,41.209999,32.810001,22.850000,9.037239,84.598473,33.889999,,48.849472,21.535000,50.000000,18.686256,23.650000,29.629999,57.976589,28.410000,,,42.577438,35.797489,44.970001,30.227703,45.750000,29.770000,,32.380001,,30.920000,66.099998,,,23.730000,,8.718007,,25.030001,19.323334,37.369999,26.666668,,0.399286,1204.000000,2.312000,39.607327,35.810001,38.820000,,34.849998,27.809999,9.743830,21.665037,21.290001,,15.250000,36.500000,60.384750,,11.630000,43.180000,153.022522,90.930000,41.599998,33.299999,23.340000,9.264305,86.319313,34.599998,,49.204220,21.459999,50.000000,18.989227,23.750000,29.480000,58.862877,28.900000,,,42.843971,35.949821,45.830002,30.351044,46.294998,30.129999,,32.840000,,31.150000,66.800003,,,24.750000,,8.704296,,25.225000,19.473333,37.709999,27.404480,
2003-09-17,0.399464,1202.000000,2.310500,39.563560,35.720001,38.650002,,35.025002,27.750000,9.709466,21.665037,21.260000,,15.215000,36.509998,59.920254,,11.570000,43.180000,152.303665,90.699997,41.900002,33.130001,23.400000,9.264305,86.424477,34.599998,,49.137104,21.459999,50.000000,18.919312,23.700001,30.299999,58.867058,28.760000,,,42.862041,36.111111,45.799999,30.351044,46.090000,30.000000,,33.500000,,31.400000,67.250000,,,24.639999,,8.729433,,25.225000,19.389999,37.549999,27.272726,,0.395000,1194.400024,2.308000,39.694855,35.430000,38.985001,,35.115002,27.594999,9.818807,21.276255,21.139999,,15.425000,36.134998,59.688004,,11.490000,42.840000,152.016113,91.000000,42.200001,33.000000,23.430000,9.246140,86.644356,34.660000,,48.868649,21.504999,49.759998,18.970583,23.750000,29.920000,58.641304,28.500000,,,42.803314,35.824371,45.380001,30.464895,46.250000,30.000000,,33.480000,,31.389999,66.349998,,,24.240000,,8.658592,,25.305000,19.196667,36.840000,26.745718,
2003-09-18,0.394643,1190.000000,2.308000,39.948692,35.680000,39.000000,,35.299999,27.525000,9.878163,21.272444,21.120001,,15.420000,36.134998,59.688004,,11.550000,42.880001,152.255737,91.699997,42.500000,32.900002,23.299999,9.264305,86.644356,34.869999,,49.041225,21.700001,49.750000,18.993889,23.660000,30.000000,58.737457,28.490000,,,42.690376,35.931900,45.500000,30.360531,46.150002,30.110001,,33.500000,,31.850000,65.900002,,,24.030001,,8.665448,,25.389999,19.203333,36.750000,27.404480,,0.408571,1214.199951,2.394500,41.209126,36.139999,39.845001,,35.650002,27.424999,9.831303,21.344864,21.420000,,15.590000,36.125000,60.098904,,11.730000,42.740002,153.885162,93.250000,42.590000,33.180000,23.389999,9.523161,87.954109,35.740002,,49.204220,21.799999,49.630001,19.702372,23.910000,29.670000,59.301838,29.500000,,,42.699409,36.003586,45.720001,30.407970,46.625000,30.590000,,34.000000,,32.000000,66.690002,,,24.389999,,8.615174,,25.799999,19.496668,37.080002,28.379448,
2003-09-19,0.408571,1212.000000,2.393500,40.920277,36.139999,39.845001,,35.650002,27.350000,9.790690,21.344864,21.459999,,15.280000,36.125000,59.973846,,11.550000,42.700001,155.370819,93.250000,42.220001,33.040001,22.200001,9.523161,88.384323,35.500000,,49.156281,21.799999,49.400002,19.702372,23.940001,29.670000,59.301838,29.760000,,,42.600025,35.842293,45.720001,30.388994,46.625000,30.500000,,34.000000,,31.850000,64.790001,,,24.389999,,8.580896,,25.850000,19.180000,36.849998,28.353096,,0.403214,1207.000000,2.379000,41.182865,35.790001,39.610001,,35.595001,27.674999,9.746954,21.348675,21.020000,,15.690000,36.180000,59.938118,,11.510000,42.110001,153.022522,93.730003,41.889999,33.099998,22.400000,9.604905,89.177818,35.490002,,48.954937,21.590000,48.700001,19.986696,23.920000,29.350000,59.356186,29.959999,,,42.121170,36.039429,45.759998,29.838711,46.334999,31.049999,,33.820000,,31.969999,64.449997,,,24.170000,,8.537477,,25.834999,19.379999,36.990002,28.063240,
2003-09-22,0.396071,1198.000000,2.328000,41.182865,35.450001,39.125000,,35.480000,27.625000,9.575133,21.268633,20.620001,,15.220000,36.000000,59.938118,,11.540000,41.900002,151.441025,92.900002,41.599998,32.860001,21.400000,9.468665,88.183556,35.009998,,48.801533,21.590000,48.500000,19.683727,23.799999,29.370001,58.967392,29.389999,,,41.832050,35.681004,45.509998,29.440228,46.000000,31.049999,,33.470001,,31.629999,62.500000,,,23.500000,,8.537477,,25.834999,19.230000,36.650002,27.667984,,0.394286,1193.000000,2.373500,40.806484,34.889999,39.299999,,35.235001,27.410000,9.547017,21.211458,20.780001,,15.310000,36.099998,58.741142,,11.470000,41.615002,150.482529,92.660004,42.110001,32.740002,21.200001,9.218892,87.370934,34.990002,,48.609779,21.620001,47.820000,19.809578,23.629999,29.200001,59.414715,29.070000,,,41.330608,35.439068,45.299999,29.544592,46.095001,31.230000,,33.200001,,31.150000,62.349998,,,23.450001,,8.626600,,25.549999,19.023333,36.720001,27.905138,
2003-09-23,0.393214,1197.000000,2.370500,40.762722,34.689999,39.349998,,35.334999,27.500000,9.609497,21.230516,20.760000,,15.500000,36.174999,58.526756,,11.470000,40.150002,150.003296,90.800003,42.930000,33.099998,21.250000,9.300636,87.476097,34.990002,,48.753593,21.745001,46.619999,20.392212,23.870001,29.200001,59.364548,29.120001,,,40.341274,35.663082,45.130001,29.601519,46.000000,31.150000,,33.090000,,31.100000,62.349998,,,23.450001,,8.638026,,25.555000,19.096666,36.799999,27.720684,,0.400536,1195.599976,2.522000,41.147854,35.150002,39.525002,,35.724998,27.715000,9.871915,21.287689,21.150000,,15.695000,36.259998,58.973389,,11.520000,39.845001,151.249329,89.059998,42.900002,33.000000,21.400000,9.264305,87.323135,35.450001,,48.964523,21.709999,45.970001,21.030779,23.900000,29.400000,59.678093,29.600000,,,39.735931,35.636200,45.689999,29.981026,46.154999,30.700001,,32.700001,,31.330000,63.090000,,,24.110001,,8.628885,,25.510000,19.206667,37.060001,28.379448,
2003-09-24,0.396607,1191.000000,2.517500,41.156605,34.900002,39.575001,,35.750000,27.924999,9.834427,21.905167,21.400000,,15.825000,36.509998,59.044853,,11.480000,39.845001,151.441025,89.070000,42.860001,33.000000,21.350000,9.164396,87.074570,35.500000,,48.753593,21.775000,45.970001,20.974846,23.969999,29.469999,59.636288,29.610001,,,39.735931,34.775986,45.750000,30.170778,46.299999,30.549999,,32.480000,,31.150000,62.849998,,,23.980000,,8.706581,,25.575001,19.073334,37.380001,28.142292,,0.380714,1160.000000,2.480500,40.176270,34.200001,39.200001,,35.220001,27.785000,9.550141,21.249575,20.320000,,15.455000,36.165001,58.419567,,11.260000,38.735001,147.654999,85.820000,42.240002,32.400002,20.950001,9.064487,85.468452,34.869999,,48.111217,21.495001,45.099998,20.601959,23.930000,29.610001,59.009197,28.459999,,,38.850498,34.408604,45.290001,29.316889,46.185001,29.950001,,31.379999,,30.590000,61.000000,,,23.080000,,8.615174,,25.370001,18.873333,36.900002,27.720684,
2003-09-25,0.381071,1164.000000,2.483000,40.132504,33.959999,39.299999,,35.334999,27.725000,9.687598,21.287689,20.270000,,15.440000,36.200001,58.508892,,11.230000,38.735001,147.750839,85.820000,42.840000,32.380001,20.950001,9.046322,85.468452,35.000000,,48.283798,21.490000,44.099998,20.671877,23.920000,29.530001,59.009197,28.469999,,,38.850498,34.677418,45.290001,29.269449,46.185001,29.850000,,31.830000,,30.750000,60.299999,,,23.059999,,8.622029,,25.375000,18.863333,37.099998,27.799736,,0.364821,1160.000000,2.502500,39.922432,33.759998,39.250000,,34.450001,27.855000,9.484536,21.020880,20.059999,,15.575000,35.880001,58.312374,,11.150000,38.040001,145.594254,85.519997,42.380001,32.150002,21.090000,8.746594,85.478012,34.480000,,48.350910,21.525000,45.130001,20.298990,23.360001,29.370001,59.201504,28.240000,,,38.362610,34.453403,45.509998,28.965843,46.080002,29.059999,,31.559999,,30.799999,60.500000,,,23.059999,,8.489488,,25.480000,18.963333,37.150002,27.220026,
2003-09-26,0.362500,1160.000000,2.495000,39.703609,33.820000,39.325001,,34.400002,27.855000,9.412684,21.039936,20.000000,,15.550000,35.775002,57.704952,,11.090000,38.250000,144.348221,86.019997,42.540001,32.099998,20.900000,8.787466,85.478012,34.520000,,48.350910,21.500000,45.500000,20.331617,23.049999,29.370001,59.845318,28.270000,,,38.624626,34.094982,45.700001,28.795067,46.000000,29.000000,,31.170000,,30.650000,60.599998,,,23.030001,,8.466636,,25.480000,18.900000,37.000000,27.140976,,0.369464,1150.000000,2.428000,39.265957,34.009998,39.400002,,34.125000,27.650000,9.328335,20.795996,19.959999,,15.590000,35.740002,58.223045,,11.000000,38.535000,143.150101,84.699997,42.810001,31.980000,20.959999,8.810173,85.133842,34.189999,,48.724831,21.514999,45.430000,20.317635,23.600000,29.010000,59.970737,28.190001,,,38.918262,34.238350,45.630001,28.994307,45.860001,28.990000,,31.100000,,30.799999,60.299999,,,22.580000,,8.443784,,25.700001,18.933332,36.779999,26.851120,
2003-09-29,0.383750,1151.000000,2.444000,39.353489,34.450001,39.000000,,34.200001,27.750000,9.362699,20.773127,20.100000,,15.590000,35.779999,59.491486,,11.000000,38.775002,143.773117,85.150002,42.810001,31.879999,20.100000,8.814714,85.325050,34.400002,,48.878235,21.504999,45.930000,20.289667,23.500000,29.000000,59.866222,28.410000,,,39.347424,34.274193,45.880001,29.032257,45.875000,28.990000,,30.600000,,30.299999,59.799999,,,22.820000,,8.478062,,25.700001,19.090000,36.779999,26.956522,,0.380357,1164.199951,2.493000,39.896175,34.450001,39.360001,,34.595001,27.879999,9.640737,20.674025,20.200001,,15.630000,35.849998,59.062717,,10.930000,38.750000,145.546326,85.000000,43.009998,32.150002,20.350000,8.910082,85.516251,34.650002,,48.849472,21.535000,45.910000,20.392212,23.730000,29.680000,58.754181,28.830000,,,39.148655,34.560932,46.220001,29.307400,46.450001,29.240000,,30.950001,,30.450001,59.900002,,,23.150000,,8.478062,,25.855000,19.076668,37.020000,27.562582,
2003-09-30,0.376607,1164.000000,2.482500,39.694855,34.150002,39.360001,,34.509998,27.799999,9.568885,20.639721,20.059999,,15.635000,35.750000,59.062717,,10.900000,38.935001,144.971237,84.750000,42.680000,32.150002,20.320000,8.910082,85.277245,34.599998,,48.801533,21.475000,46.139999,20.215090,23.730000,29.490000,58.444817,28.590000,,,38.986027,34.605736,46.020000,29.307400,46.375000,29.150000,,30.820000,,30.590000,59.349998,,,23.160000,,8.466636,,25.855000,18.959999,36.770000,27.404480,,0.370000,1154.000000,2.421500,39.441017,34.330002,39.020000,,34.419998,27.945000,9.628241,20.868416,19.590000,,15.530000,35.724998,58.133720,,10.770000,39.029999,142.862564,83.900002,42.400002,31.850000,20.160000,8.792007,84.445503,34.330002,,49.204220,21.480000,46.150002,20.056614,23.540001,29.500000,57.750835,27.799999,,,38.949886,34.802868,45.830002,28.823528,46.410000,29.320000,,30.410000,,30.219999,59.549999,,,22.799999,,8.745430,,25.750000,18.616667,36.599998,27.035572,
2003-10-01,0.369821,1158.000000,2.418500,39.598572,34.500000,39.224998,,34.465000,27.945000,9.643861,20.906532,19.680000,,15.580000,35.799999,58.419567,,10.770000,39.029999,142.862564,83.900002,42.189999,32.119999,19.959999,8.819255,84.847038,34.700001,,49.223392,21.500000,46.099998,20.173141,23.750000,29.400000,58.478260,28.030001,,,38.850498,35.241936,46.369999,28.804554,46.410000,29.200001,,30.510000,,30.469999,60.099998,,,22.980000,,8.706581,,25.840000,18.673332,36.919998,27.035572,,0.371250,1198.000000,2.456000,40.316319,35.340000,39.610001,,35.669998,28.485001,9.931271,21.116169,20.200001,,15.980000,36.564999,59.491486,,11.100000,39.799999,146.792358,86.000000,42.770000,32.900002,20.600000,8.900999,86.376671,35.380001,,50.047939,21.945000,46.430000,20.634586,24.209999,29.950001,59.280937,28.520000,,,39.433258,35.304661,46.680000,29.222012,46.990002,29.969999,,31.469999,,31.049999,62.650002,,,23.250000,,8.638026,,26.450001,19.020000,37.349998,27.351780,
2003-10-02,0.371429,1198.000000,2.447000,40.307564,35.000000,39.455002,,36.000000,28.485001,9.906279,20.693083,20.240000,,16.049999,36.349998,59.759464,,11.280000,39.634998,146.361038,86.000000,42.779999,33.070000,20.600000,8.969119,85.611855,35.150002,,50.000000,21.975000,46.349998,20.695181,24.370001,29.910000,59.364548,28.450001,,,39.257076,34.749104,46.400002,29.098673,46.775002,30.000000,,31.340000,,30.389999,60.849998,,,23.250000,,8.679159,,26.299999,18.990000,37.349998,27.088274,,0.367321,1207.400024,2.504500,40.412601,35.330002,39.595001,,36.349998,28.615000,9.975008,21.325806,19.990000,,16.059999,36.400002,59.866657,,11.020000,39.384998,147.367447,85.959999,43.009998,33.250000,20.200001,8.864668,86.118546,35.020000,,49.942474,22.125000,46.009998,20.480772,24.280001,29.930000,59.598663,28.500000,,,39.026684,35.215054,46.910000,29.459204,47.240002,30.270000,,31.129999,,30.530001,60.970001,,,23.500000,,8.775137,,26.480000,19.020000,37.560001,27.430830,
2003-10-03,0.374821,1219.000000,2.556500,41.034065,35.840000,39.595001,,36.750000,28.740000,10.059356,21.382978,20.450001,,16.299999,36.700001,59.866657,,11.020000,39.529999,149.284424,86.239998,43.730000,33.689999,20.350000,9.091735,86.998085,35.680000,,50.594440,22.565001,46.560001,20.480772,24.280001,30.180000,61.162209,29.160000,,,39.026684,35.349461,47.439999,29.791271,47.224998,30.520000,,32.770000,,31.120001,61.970001,,,24.100000,,8.866545,,26.700001,19.316668,37.900002,27.430830,,0.387321,1211.000000,2.644500,40.771473,35.849998,39.775002,,36.689999,28.670000,10.131209,21.318184,20.760000,,16.059999,36.540001,61.545994,,11.410000,39.750000,147.702927,86.660004,43.009998,33.630001,20.639999,9.218892,86.653923,35.169998,,49.798656,22.020000,45.700001,20.807047,24.260000,29.920000,61.061874,29.080000,,,39.053787,35.125446,47.200001,29.203035,47.450001,30.639999,,32.900002,,31.709999,62.250000,,,24.650000,,8.903108,,26.615000,19.160000,37.750000,28.115942,
2003-10-06,0.386964,1211.199951,2.644500,40.780228,35.599998,39.924999,,36.950001,28.725000,10.081225,21.325806,20.870001,,16.059999,36.849998,61.260151,,11.370000,39.750000,148.565552,86.660004,43.689999,33.619999,20.549999,9.309718,86.749519,35.200001,,49.789070,22.100000,45.700001,20.923574,24.150000,30.000000,61.061874,29.150000,,,39.121552,34.919353,47.500000,29.127134,47.349998,30.559999,,33.830002,,30.950001,62.849998,,,24.650000,,8.866545,,26.600000,19.190001,37.860001,27.931490,,0.398036,1216.400024,2.707500,40.736462,35.810001,40.224998,,37.005001,28.844999,10.131209,21.497328,20.799999,,16.065001,36.849998,61.367344,,11.390000,39.625000,147.559143,86.720001,43.400002,34.020000,20.840000,9.300636,87.170174,35.549999,,49.894535,22.205000,45.450001,20.741793,24.100000,30.000000,60.986622,29.190001,,,38.782738,35.107529,47.500000,29.174574,47.005001,30.230000,,33.910000,,31.340000,63.049999,,,24.450001,,8.912249,,26.670000,19.330000,38.090000,28.326746,
2003-10-07,0.393750,1212.000000,2.700000,40.736462,36.099998,40.224998,,36.880001,28.844999,9.906279,21.497328,20.610001,,16.510000,36.674999,61.367344,,11.250000,39.500000,146.552734,86.720001,42.990002,33.650002,21.000000,9.300636,86.520073,35.549999,,49.789070,22.129999,45.450001,20.671877,24.680000,29.900000,60.903011,29.010000,,,38.669800,34.811829,48.099998,28.946869,47.005001,30.260000,,33.459999,,30.690001,63.299999,,,24.450001,,8.912249,,26.670000,19.246668,37.790001,28.326746,,0.414643,1221.599976,2.745500,40.972794,36.169998,40.174999,,37.209999,28.975000,10.068729,21.611673,21.000000,,16.805000,36.990002,60.652729,,11.420000,39.880001,146.888199,86.839996,43.119999,34.470001,21.090000,9.246140,87.667305,36.090000,,49.808247,22.330000,45.759998,20.951540,24.719999,30.000000,61.287624,29.139999,,,38.981506,34.901436,47.400002,29.079697,47.549999,30.570000,,33.720001,,31.049999,63.000000,,,24.719999,,8.914534,,27.075001,19.633333,38.340000,28.959158,
2003-10-08,0.415179,1221.599976,2.772000,40.972794,35.900002,40.125000,,37.474998,28.975000,10.128085,21.573559,21.049999,,16.900000,37.075001,61.099361,,11.350000,39.875000,146.408966,86.849998,43.389999,34.470001,20.000000,9.287012,87.954109,36.200001,,50.009586,22.200001,45.759998,20.974846,24.940001,29.950001,61.295986,29.360001,,,38.981506,35.573479,47.500000,29.127134,47.299999,30.620001,,36.270000,,31.200001,61.150002,,,23.900000,,8.921389,,27.025000,19.666668,38.270000,28.959158,,0.411786,1217.599976,2.785000,40.718956,36.279999,40.169998,,37.654999,28.900000,9.771946,21.436342,20.790001,,17.150000,36.680000,60.974304,,11.500000,39.794998,144.731613,86.260002,42.939999,34.389999,19.940001,9.196185,88.585083,35.610001,,49.626080,22.120001,45.880001,20.853659,24.150000,29.670000,60.785954,28.820000,,,38.710457,35.107529,47.799999,29.089184,47.490002,30.480000,,38.549999,,30.860001,61.549999,,,24.680000,,8.957952,,27.070000,19.506666,38.040001,28.142292,
2003-10-09,0.416071,1217.599976,2.870500,41.077827,36.730000,40.375000,,38.139999,29.000000,9.928147,21.436342,21.080000,,17.375000,36.735001,61.278015,,11.500000,39.919998,146.313110,87.680000,43.389999,34.910000,20.150000,9.318801,89.196938,36.049999,,49.760307,22.245001,46.099998,21.068068,24.450001,29.690001,61.371239,29.219999,,,38.940849,35.286739,47.799999,29.269449,47.740002,30.639999,,37.290001,,30.950001,61.799999,,,24.450001,,9.015082,,27.070000,19.726667,38.250000,28.142292,,0.418750,1217.199951,2.893000,41.235382,36.790001,40.334999,,38.040001,28.825001,9.818807,21.577370,20.950001,,17.355000,36.764999,61.117229,,11.710000,39.904999,144.396133,87.000000,43.459999,35.119999,20.299999,9.554950,88.384323,35.700001,,49.568550,21.965000,45.740002,20.089241,24.209999,29.650000,61.989967,28.940001,,,38.958920,35.672043,47.980000,29.373814,47.494999,30.870001,,36.680000,,31.100000,62.630001,,,24.990000,,9.019653,,27.100000,19.653334,37.950001,28.458498,
2003-10-10,0.419643,1217.199951,2.885000,41.427948,37.000000,40.299999,,38.000000,28.865000,9.781318,21.642166,21.030001,,17.355000,36.790001,61.117229,,11.710000,40.105000,142.095764,87.010002,43.290001,35.020000,20.200001,9.586739,88.336517,35.700001,,49.549377,21.895000,45.740002,20.093903,24.400000,29.480000,61.872910,28.910000,,,38.958920,36.218639,48.000000,29.193548,47.400002,30.750000,,36.689999,,31.059999,62.820000,,,25.350000,,9.056216,,27.110001,19.483334,38.099998,28.142292,,0.422857,1205.800049,2.903000,41.585503,36.950001,40.560001,,37.875000,28.950001,10.018744,21.798443,20.790001,,17.195000,36.900002,61.010036,,11.700000,40.625000,140.514267,86.940002,43.349998,34.919998,20.080000,9.559491,88.594643,35.520000,,49.520615,21.915001,46.200001,19.823561,24.290001,29.469999,61.906357,28.910000,,,38.656246,36.254478,48.000000,29.174574,47.794998,30.260000,,36.570000,,31.280001,62.700001,,,25.480000,,9.058501,,27.275000,19.473333,38.299999,29.275362,
2003-10-13,0.423750,1209.000000,2.897000,41.953129,36.959999,40.639999,,38.000000,29.250000,10.084349,21.908978,21.030001,,17.225000,37.075001,61.188690,,11.800000,40.875000,141.472748,87.699997,43.400002,35.099998,20.400000,9.595822,89.005737,35.560001,,49.520615,22.025000,46.259998,20.485434,24.360001,29.469999,62.332775,28.980000,,,38.873089,36.245522,48.150002,29.222012,47.750000,30.620001,,37.099998,,31.110001,62.900002,,,25.049999,,9.083638,,27.375000,19.476667,38.369999,29.433464,,0.434821,1228.800049,2.915000,42.154449,37.299999,40.869999,,38.450001,29.040001,10.012496,22.099558,21.000000,,17.440001,37.224998,61.688919,,11.970000,41.310001,138.645218,88.169998,43.570000,35.500000,20.520000,9.645777,89.101341,36.439999,,49.626080,22.070000,46.599998,20.592636,24.480000,29.510000,62.307693,28.780001,,,38.579449,36.335125,48.330002,29.098673,47.750000,31.250000,,37.549999,,31.250000,63.000000,,,25.580000,,9.108775,,27.525000,19.650000,38.480000,29.723320,
2003-10-14,0.434286,1233.000000,2.905000,42.154449,37.000000,41.375000,,38.259998,29.225000,10.012496,22.103369,20.840000,,17.370001,37.230000,62.099819,,11.920000,42.500000,138.501434,88.169998,43.520000,35.500000,20.520000,9.677566,88.575523,36.500000,,49.626080,22.000000,46.599998,20.462128,24.299999,29.320000,62.148830,28.660000,,,38.593002,35.788528,48.330002,28.937382,47.639999,31.100000,,37.250000,,30.799999,63.099998,,,25.260000,,9.140768,,27.465000,19.623333,38.450001,29.249012,,0.438393,1250.000000,2.995500,42.898453,37.150002,41.250000,,38.435001,29.129999,10.131209,22.118614,21.139999,,17.330000,37.494999,61.867573,,11.950000,42.535000,140.370483,88.639999,43.880001,35.330002,20.469999,9.713896,88.642448,36.779999,,49.865772,22.275000,46.230000,20.504078,24.389999,29.350000,62.433109,28.680000,,,38.913746,36.200718,48.490002,29.297913,47.994999,31.280001,,37.599998,,31.049999,63.220001,,,25.840000,,9.085923,,27.584999,19.776667,38.740002,29.038208,
2003-10-15,0.443750,1257.000000,3.019500,42.898453,36.919998,41.375000,,38.735001,29.129999,10.162449,22.122427,21.370001,,17.344999,37.500000,62.064091,,12.000000,42.500000,140.945587,89.449997,43.790001,35.830002,20.219999,9.831971,89.770554,36.939999,,49.827419,22.575001,46.230000,20.606621,24.490000,29.600000,62.500000,29.200001,,,38.913746,35.528675,48.380001,29.297913,47.825001,31.219999,,37.709999,,31.000000,62.349998,,,26.400000,,9.095064,,27.639999,19.780001,38.750000,29.169960,,0.443214,1249.800049,2.927500,42.276989,37.000000,41.029999,,39.360001,29.309999,10.137457,21.947094,21.020000,,17.209999,37.000000,62.492859,,12.140000,42.500000,138.261826,88.750000,43.619999,36.290001,20.100000,9.954587,88.661568,36.599998,,49.683605,22.549999,46.139999,20.275684,23.920000,29.490000,61.622074,29.070000,,,38.624626,35.573479,47.910000,29.032257,47.814999,31.209999,,37.150002,,30.969999,62.009998,,,25.549999,,9.081353,,27.514999,19.690001,38.490002,29.328062,
2003-10-16,0.425000,1242.000000,2.908000,42.276989,36.799999,41.029999,,37.560001,29.200001,10.112465,21.947094,20.930000,,17.225000,37.025002,62.242741,,12.250000,42.500000,138.165970,88.250000,43.049999,36.290001,20.250000,9.718438,85.344170,36.549999,,49.568550,22.254999,46.070000,20.298990,24.070000,29.250000,61.705685,28.910000,,,38.574932,35.367386,47.820000,29.079697,47.820000,31.219999,,36.389999,,30.870001,63.099998,,,25.450001,,9.104205,,27.514999,19.723333,38.490002,29.275362,,0.415179,1244.000000,2.995500,42.347015,37.450001,40.965000,,37.165001,29.014999,10.353015,22.194847,21.040001,,17.190001,37.115002,62.814430,,12.340000,42.105000,139.076538,87.989998,43.299999,36.310001,20.440001,9.659401,85.353729,36.840000,,49.856182,22.500000,45.730000,20.322294,24.000000,29.379999,61.530102,29.230000,,,38.285812,35.618279,48.020000,29.297913,48.145000,31.400000,,36.599998,,30.980000,63.950001,,,25.600000,,9.129342,,27.530001,19.796667,38.910000,29.617918,
2003-10-17,0.417500,1244.000000,2.965000,42.347015,37.500000,41.060001,,37.180000,28.850000,10.334271,22.259644,21.010000,,17.100000,37.275002,63.010952,,12.340000,42.500000,139.076538,88.029999,43.310001,36.419998,20.299999,9.763851,85.353729,36.619999,,50.095879,22.594999,45.950001,20.457466,24.049999,29.299999,61.613712,29.280001,,,38.624626,35.483871,48.180000,29.297913,48.250000,31.549999,,36.279999,,30.799999,62.049999,,,26.150000,,9.140768,,27.530001,19.866667,38.910000,29.855072,,0.406250,1221.599976,2.984500,41.874352,37.240002,40.849998,,36.790001,28.674999,10.068729,22.107180,20.639999,,16.920000,36.865002,62.885895,,12.130000,41.790001,136.824081,87.169998,43.360001,36.150002,20.200001,9.514078,85.305923,36.340000,,50.019176,22.525000,45.900002,20.187124,24.150000,29.150000,61.914715,28.930000,,,38.999577,35.340504,47.880001,28.994307,48.099998,30.930000,,36.000000,,30.690001,62.189999,,,24.959999,,9.090494,,27.500000,19.613333,38.660000,29.249012,
2003-10-20,0.403571,1228.000000,2.978000,41.970634,37.049999,40.150002,,37.025002,28.650000,10.109341,22.107180,20.750000,,16.889999,36.799999,62.993084,,12.190000,41.910000,137.782578,87.000000,43.450001,36.279999,20.219999,9.595822,85.420647,36.150002,,50.182167,22.600000,46.000000,20.303652,24.100000,29.080000,63.294315,28.950001,,,38.999577,35.331539,47.880001,28.994307,48.000000,30.750000,,35.830002,,30.559999,62.200001,,,25.280001,,9.033364,,27.500000,19.666668,38.660000,30.171278,,0.414643,1239.000000,2.979500,41.944378,37.270000,40.705002,,37.000000,28.684999,10.062480,21.989021,21.080000,,16.975000,37.154999,63.511181,,12.390000,42.154999,137.926346,87.010002,43.529999,36.099998,20.400000,9.750227,85.086044,36.599998,,49.386387,22.805000,46.020000,20.359585,24.180000,29.200001,63.110367,29.350000,,,39.044754,35.931900,48.150002,29.411764,47.990002,30.900000,,36.000000,,31.120001,62.799999,,,25.670000,,9.092779,,27.684999,19.666668,38.619999,30.250328,
2003-10-21,0.416250,1220.000000,2.986500,42.259483,37.250000,40.665001,,37.005001,28.684999,10.065604,21.966152,21.240000,,16.975000,37.160000,63.511181,,12.390000,42.189999,138.980682,87.019997,43.650002,36.110001,20.100000,9.763851,85.325050,36.599998,,49.386387,22.940001,46.200001,20.359585,24.020000,29.230000,63.520065,29.350000,,,38.850498,35.376343,48.099998,29.411764,48.115002,30.900000,,35.639999,,31.540001,62.299999,,,27.150000,,9.122486,,27.455000,19.616667,38.630001,30.276680,,0.413929,1225.400024,2.967500,42.364521,36.599998,40.509998,,36.380001,28.805000,10.174945,21.893732,21.110001,,16.910000,37.134998,64.082870,,12.170000,41.855000,138.405594,87.620003,43.919998,36.150002,20.180000,9.859219,85.019119,36.669998,,48.916588,22.895000,46.029999,20.322294,23.740000,28.950001,63.127090,29.350000,,,39.098965,35.304661,47.869999,29.886148,47.860001,31.100000,,36.029999,,31.799999,62.419998,,,27.280001,,9.015082,,27.750000,19.656668,38.349998,30.303030,
2003-10-22,0.409643,1225.400024,2.802500,42.364521,36.200001,40.955002,,35.889999,28.650000,10.149953,21.893732,20.870001,,16.830000,37.134998,63.332527,,12.170000,41.599998,137.926346,86.500000,42.849998,36.150002,19.900000,9.700272,84.416824,35.070000,,48.676895,22.695000,45.930000,20.322294,23.900000,28.750000,63.110367,29.030001,,,39.098965,35.304661,47.700001,29.411764,47.365002,30.209999,,35.500000,,31.020000,60.900002,,,26.650000,,8.957952,,27.485001,19.656668,37.799999,30.276680,,0.406429,1205.000000,2.701500,41.174110,36.160000,40.514999,,35.785000,28.879999,9.962512,21.645979,20.629999,,16.834999,36.744999,62.260609,,11.850000,41.255001,135.865601,86.470001,42.919998,36.060001,19.600000,9.663942,84.569794,34.980000,,49.165867,22.660000,45.299999,20.070597,23.900000,29.000000,63.394650,28.889999,,,38.796291,34.802868,47.720001,29.051233,47.630001,29.850000,,35.889999,,30.799999,60.400002,,,27.010000,,8.896252,,27.365000,19.413334,37.349998,30.382082,
2003-10-23,0.405893,1200.000000,2.649000,41.734303,36.160000,40.514999,,35.785000,26.995001,9.965636,21.611673,20.049999,,16.850000,36.744999,60.688461,,11.680000,41.255001,135.865601,86.220001,42.689999,35.849998,19.299999,9.564033,83.747612,34.700001,,49.223392,22.610001,45.299999,20.042629,23.600000,28.950001,63.394650,28.719999,,,38.800808,34.820789,47.650002,29.032257,47.630001,29.830000,,35.529999,,30.389999,59.250000,,,26.400000,,8.896252,,27.365000,19.383333,37.099998,29.960474,,0.410536,1211.199951,2.716000,41.690540,35.939999,40.889999,,35.680000,26.594999,10.012496,21.874674,20.160000,,17.075001,36.904999,64.708153,,12.090000,41.395000,136.057297,87.000000,43.270000,35.840000,19.389999,9.536785,84.273422,35.000000,,49.798656,22.760000,45.669998,20.303652,24.000000,29.190001,63.486622,28.910000,,,39.157688,34.901436,48.020000,29.421251,47.575001,29.809999,,35.700001,,30.600000,59.599998,,,27.309999,,9.101920,,27.605000,19.566668,37.599998,28.985506,
2003-10-24,0.402857,1207.000000,2.727500,41.489220,35.450001,40.889999,,35.349998,26.594999,9.881287,21.874674,20.049999,,16.950001,36.750000,64.708153,,12.010000,41.395000,136.057297,87.000000,43.270000,35.500000,19.600000,9.336966,84.273422,35.000000,,49.232983,22.525000,45.669998,20.275684,23.799999,29.049999,63.486622,27.270000,,,39.157688,34.946236,47.849998,29.421251,47.345001,29.809999,,35.080002,,30.530001,59.099998,,,27.320000,,9.122486,,27.450001,19.570000,37.119999,28.906456,,0.403571,1203.599976,2.725500,41.681786,36.279999,40.930000,,35.525002,25.924999,10.043736,21.924225,19.799999,,16.844999,36.560001,65.369171,,11.900000,41.439999,135.625977,85.820000,42.950001,35.599998,19.840000,9.296094,84.531548,34.770000,,49.280918,22.700001,46.520000,20.219751,24.190001,29.049999,63.277592,26.610001,,,39.266109,35.098564,47.980000,29.259962,48.029999,29.760000,,35.849998,,30.780001,59.450001,,,27.450001,,9.001371,,27.500000,19.370001,37.849998,28.168644,
2003-10-27,0.406250,1214.000000,2.745000,42.023151,36.270000,37.150002,,35.750000,25.850000,10.124961,21.924225,19.860001,,17.325001,36.560001,65.833672,,12.000000,41.439999,136.584457,87.500000,43.599998,35.740002,19.900000,9.459582,84.894836,35.250000,,49.290508,22.700001,46.400002,20.219751,24.170000,29.000000,63.277592,26.910000,,,39.266109,35.017921,47.990002,29.430740,48.049999,30.350000,,35.810001,,31.110001,59.529999,,,27.549999,,9.049360,,27.600000,19.370001,37.810001,28.168644,,0.403571,1199.599976,2.741000,40.920277,36.040001,36.785000,,35.849998,25.545000,10.124961,21.859426,19.930000,,17.545000,36.415001,66.012321,,12.020000,41.380001,135.242584,88.190002,43.480000,36.000000,20.190001,9.536785,84.627151,34.950001,,49.098755,22.594999,46.290001,20.229073,24.250000,28.950001,63.327759,26.910000,,,39.239006,34.946236,47.570000,29.383303,48.400002,29.500000,,36.200001,,30.930000,59.980000,,,28.100000,,9.149909,,27.219999,19.263332,37.740002,27.905138,
2003-10-28,0.402857,1204.599976,2.759500,40.788979,36.049999,36.790001,,35.915001,25.545000,10.240550,21.916601,20.090000,,17.600000,36.474998,66.101646,,12.150000,41.485001,136.488617,88.949997,43.330002,36.380001,19.940001,9.645777,85.133842,35.000000,,49.089165,22.825001,46.959999,20.229073,24.500000,29.030001,63.737457,27.090000,,,39.239006,34.731182,47.750000,29.392790,48.625000,29.500000,,36.099998,,30.840000,59.099998,,,28.299999,,8.912249,,26.809999,19.263332,37.980000,27.773386,,0.423571,1207.199951,2.836500,41.611763,36.040001,36.424999,,36.389999,25.580000,10.502968,21.878485,20.900000,,17.915001,36.695000,65.797935,,12.400000,41.595001,136.680313,92.250000,43.919998,37.500000,20.309999,9.831971,85.946465,35.549999,,49.798656,22.690001,45.509998,20.448145,24.600000,29.299999,64.590302,27.200001,,,39.528126,34.856632,48.500000,29.886148,48.750000,29.900000,,36.900002,,31.180000,60.400002,,,29.350000,,8.969378,,27.455000,19.586666,38.000000,28.300394,
2003-10-29,0.419821,1207.199951,2.832500,41.611763,37.250000,36.424999,,36.380001,25.500000,10.499844,20.990385,20.889999,,17.600000,36.689999,65.476364,,12.250000,41.595001,136.680313,92.650002,43.930000,37.220001,19.990000,9.831971,85.659653,35.549999,,49.808247,22.690001,46.500000,20.448145,24.639999,29.309999,64.590302,27.160000,,,39.988911,34.220428,48.520000,29.772297,48.750000,29.750000,,36.570000,,30.959999,60.250000,,,28.809999,,8.969378,,27.455000,19.516666,38.000000,28.300394,,0.423036,1218.000000,2.834500,41.445454,38.500000,37.180000,,36.730000,26.110001,10.502968,21.714586,20.820000,,17.965000,36.549999,66.458954,,12.430000,42.310001,138.165970,92.650002,43.250000,37.230000,19.959999,9.909173,85.411087,35.930000,,50.057526,22.924999,46.939999,20.527382,24.610001,29.320000,64.857857,26.740000,,,40.820129,34.211472,48.130001,29.667933,48.630001,30.000000,,36.880001,,31.180000,60.509998,,,29.180000,,9.031079,,27.445000,19.616667,37.810001,28.194992,
2003-10-30,0.428393,1225.000000,2.870000,41.629269,39.000000,37.500000,,36.955002,26.150000,10.477976,21.748892,21.080000,,18.049999,35.705002,67.209297,,12.490000,42.490002,139.699554,93.449997,43.840000,37.520000,20.500000,9.981835,86.042068,36.150002,,50.479385,22.924999,46.939999,20.508738,24.610001,29.320000,64.857857,27.010000,,,40.820129,34.453403,48.119999,29.136621,48.630001,30.000000,,36.939999,,31.570000,60.000000,,,29.450001,,9.083638,,27.469999,19.616667,37.310001,28.458498,,0.412321,1212.000000,2.791500,40.718956,38.770000,37.584999,,36.930000,25.809999,10.434239,21.550690,20.860001,,17.635000,35.880001,67.691666,,12.150000,41.939999,138.405594,93.430000,43.360001,37.060001,20.580000,10.027248,85.200768,35.840000,,50.671143,23.000000,46.919998,20.410854,24.730000,29.190001,65.267555,26.120001,,,40.652985,34.103943,48.009998,29.297913,48.965000,29.950001,,36.250000,,31.240000,59.900002,,,29.520000,,9.460695,,27.690001,19.600000,36.299999,27.878788,
2003-10-31,0.416071,1217.000000,2.795000,41.051571,38.900002,37.674999,,36.930000,26.299999,10.481100,21.649790,20.980000,,17.655001,36.500000,67.977509,,12.180000,42.064999,138.741058,93.430000,42.799999,37.400002,20.059999,10.013624,86.720840,35.900002,,50.651966,23.004999,46.750000,20.410854,24.790001,29.139999,65.267555,26.370001,,,40.652985,33.826164,48.220001,29.411764,48.965000,30.049999,,36.119999,,30.549999,59.090000,,,29.510000,,9.451554,,27.650000,19.600000,36.450001,27.852436,,0.408750,1216.599976,2.721500,41.077827,38.490002,37.865002,,36.639999,26.594999,10.581068,21.783195,20.930000,,17.590000,37.150002,67.334358,,12.130000,41.849998,139.028610,93.900002,43.290001,37.070000,20.049999,10.131698,85.544930,35.900002,,50.632790,23.200001,46.360001,20.135853,25.000000,29.100000,65.944817,26.139999,,,40.386452,34.381721,47.820000,29.981026,49.145000,30.000000,,36.540001,,30.900000,58.020000,,,28.920000,,9.757770,,28.160000,19.650000,36.580002,27.667984,
2003-11-03,0.407679,1217.000000,2.740000,41.462959,38.540001,37.875000,,36.730000,26.625000,10.587316,21.783195,21.180000,,17.625000,37.275002,67.084244,,12.230000,41.875000,139.220306,94.650002,43.700001,37.430000,20.150000,10.131698,85.946465,36.220001,,50.719082,23.200001,46.360001,20.126530,25.370001,29.180000,66.020065,26.350000,,,40.386452,34.686378,47.810001,30.028463,48.924999,29.850000,,37.130001,,31.400000,58.900002,,,29.200001,,9.757770,,28.160000,19.590000,36.919998,27.667984,,0.413393,1236.000000,2.837000,41.340420,38.910000,37.994999,,37.025002,26.575001,10.443611,21.718399,21.709999,,17.690001,36.965000,67.673798,,12.220000,42.255001,138.022202,96.190002,43.270000,37.520000,20.430000,10.308810,85.736137,36.709999,,51.169704,23.340000,46.070000,20.229073,25.389999,29.230000,65.877930,26.680000,,,40.336758,34.318996,47.820000,29.990513,48.750000,30.500000,,37.180000,,31.200001,58.610001,,,29.930000,,9.714351,,28.440001,19.680000,36.680000,28.010540,
2003-11-04,0.411964,1239.000000,2.835000,41.296654,38.669998,37.825001,,37.025002,26.625000,10.353015,21.745081,21.850000,,17.735001,36.889999,67.173569,,12.180000,42.025002,138.070114,96.199997,43.119999,37.450001,20.650000,10.449591,85.736137,36.299999,,51.169704,23.250000,45.779999,20.135853,25.500000,29.240000,65.760872,26.590000,,,40.336758,33.960571,47.820000,29.506641,48.750000,30.200001,,36.200001,,31.350000,61.900002,,,29.760000,,9.716636,,28.440001,19.606667,36.520000,27.799736,,0.409107,1224.599976,2.843000,41.244137,38.730000,37.770000,,37.404999,26.650000,10.231178,21.733644,21.580000,,17.754999,36.955002,67.191437,,12.320000,41.834999,137.351257,95.949997,42.869999,37.270000,20.510000,10.435967,85.219887,36.599998,,50.680729,23.450001,45.700001,20.019325,26.110001,29.150000,66.471573,26.070000,,,40.083778,33.602150,47.750000,29.838711,48.674999,30.020000,,36.470001,,31.250000,61.779999,,,29.840000,,9.837751,,27.985001,19.553333,36.320000,27.720684,
2003-11-05,0.407500,1215.000000,2.806500,40.981544,38.950001,37.770000,,37.279999,26.725000,10.199938,21.733644,21.620001,,17.754999,36.955002,67.191437,,12.220000,41.599998,136.153152,95.949997,43.200001,37.150002,20.629999,10.431426,84.627151,36.560001,,50.814957,23.385000,45.700001,19.930765,26.110001,29.030001,66.471573,26.150000,,,40.083778,33.288528,47.549999,29.430740,48.549999,30.120001,,36.430000,,31.200001,63.000000,,,29.000000,,9.803473,,27.825001,19.553333,36.240002,27.747036,,0.411250,1200.599976,2.837000,41.410442,38.599998,38.099998,,37.470001,26.184999,10.221806,21.935659,21.799999,,17.639999,36.834999,67.370087,,12.170000,41.825001,136.248993,95.470001,43.270000,37.099998,20.750000,10.490463,84.598473,36.529999,,50.814957,23.490000,45.820000,20.075258,26.150000,28.990000,66.195648,26.100000,,,40.169609,33.369175,47.380001,30.028463,48.654999,29.879999,,37.110001,,31.180000,63.400002,,,30.430000,,9.858318,,27.844999,19.306667,36.029999,28.089592,
2003-11-06,0.409107,1198.000000,2.840500,41.226631,38.360001,37.875000,,37.349998,26.250000,10.290534,21.947094,22.959999,,17.639999,36.785000,67.262894,,12.200000,41.450001,135.625977,95.470001,43.389999,36.799999,20.320000,10.426885,84.445503,36.540001,,50.814957,23.450001,45.750000,20.872301,26.150000,29.049999,65.652176,26.260000,,,39.699791,33.422939,47.049999,29.905123,48.424999,29.740000,,37.540001,,30.959999,62.299999,,,30.600000,,9.849177,,27.844999,19.306667,35.900002,27.878788,,0.412857,1197.400024,2.749500,41.462959,38.889999,38.419998,,37.264999,26.145000,10.262418,22.072876,22.900000,,18.090000,37.075001,67.870316,,12.110000,41.919998,136.296921,96.529999,43.389999,37.320000,20.290001,10.663034,85.411087,36.310001,,50.814957,23.510000,46.299999,21.044762,25.980000,29.350000,66.555183,26.230000,,,39.708824,33.467743,47.970001,30.227703,48.779999,30.150000,,38.299999,,31.100000,62.400002,,,30.790001,,9.894881,,27.875000,19.536667,35.919998,27.799736,
2003-11-07,0.414107,1200.000000,2.780500,41.795574,39.200001,38.474998,,37.215000,26.125000,10.365511,22.099558,22.910000,,18.200001,37.375000,67.030647,,12.230000,41.834999,136.776169,96.529999,43.389999,37.389999,20.209999,10.694823,85.468452,36.340000,,50.814957,23.375000,46.200001,20.974846,26.730000,29.379999,66.596992,26.379999,,,39.866940,33.396057,47.919998,30.303604,48.779999,30.219999,,38.430000,,31.010000,63.139999,,,31.150000,,9.865174,,27.950001,19.583332,35.900002,26.745718,,0.401786,1165.599976,2.715500,40.701450,38.900002,38.075001,,36.285000,26.049999,10.409247,22.152920,22.340000,,18.115000,37.275002,67.245026,,12.190000,41.584999,134.763336,96.980003,43.590000,37.369999,20.469999,10.445050,84.378586,36.040001,,50.699905,23.315001,46.040001,21.175272,26.010000,29.799999,66.086960,26.100000,,,40.228336,33.736561,47.490002,30.142315,48.404999,29.950001,,38.630001,,31.450001,63.349998,,,30.920000,,10.054845,,27.799999,19.473333,35.560001,27.667984,
2003-11-10,0.400893,1165.599976,2.697500,40.613918,39.000000,38.049999,,36.224998,26.174999,10.402999,22.107180,22.360001,,18.115000,37.290001,66.887726,,12.230000,41.584999,135.290512,96.980003,43.970001,37.369999,20.490000,10.104450,85.611855,36.009998,,50.594440,23.225000,46.020000,20.974846,26.090000,29.750000,66.086960,26.120001,,,40.273514,33.736561,47.349998,30.142315,48.349998,29.940001,,38.080002,,30.940001,64.099998,,,30.230000,,9.963437,,27.639999,19.450001,35.560001,27.457182,,0.391071,1187.599976,2.599000,40.333824,38.830002,37.805000,,36.044998,25.969999,10.215558,22.088121,22.190001,,18.400000,36.904999,66.441093,,12.220000,41.084999,135.002960,96.080002,43.540001,37.060001,20.350000,9.995459,85.994263,35.889999,,50.977947,23.309999,45.669998,21.119339,26.000000,29.719999,65.919731,26.000000,,,40.183163,33.422939,47.410000,29.867172,48.000000,29.219999,,38.060001,,30.920000,63.349998,,,30.090000,,9.920018,,27.754999,19.373333,35.759998,27.088274,
2003-11-11,0.391071,1184.000000,2.592000,40.351330,38.599998,37.700001,,36.044998,25.969999,10.159325,22.088121,22.150000,,18.400000,36.904999,65.315575,,12.120000,41.150002,134.907104,96.089996,43.650002,37.060001,20.150000,9.995459,86.042068,35.549999,,50.795780,23.315001,45.750000,21.207899,26.010000,29.549999,65.928093,26.010000,,,40.137989,33.539429,47.299999,29.715370,48.005001,29.250000,,37.599998,,31.040001,62.250000,,,29.500000,,9.920018,,27.754999,19.376667,36.119999,27.009224,,0.384643,1191.400024,2.611500,39.808643,38.320000,37.755001,,35.974998,26.165001,9.943768,21.668848,22.350000,,18.205000,37.075001,65.905128,,12.310000,41.025002,134.715408,96.099998,43.959999,36.930000,20.000000,10.059037,85.430206,36.040001,,51.208054,23.260000,45.650002,21.674007,26.100000,29.360001,65.635452,25.799999,,,40.381931,33.781361,47.930000,30.170778,47.965000,29.190001,,37.750000,,30.889999,61.500000,,,29.660000,,9.709781,,27.965000,19.426666,36.049999,27.114626,
2003-11-12,0.383571,1190.000000,2.628500,39.773632,38.139999,37.575001,,36.099998,26.125000,9.918775,21.802254,22.410000,,18.174999,37.075001,65.815804,,12.550000,41.070000,134.763336,95.949997,45.000000,36.900002,19.900000,9.968211,85.516251,36.099998,,51.121765,23.180000,45.599998,21.678667,25.950001,29.459999,65.635452,25.850000,,,40.381931,34.292114,47.900002,30.227703,47.759998,29.190001,,38.049999,,31.100000,62.250000,,,29.500000,,9.689214,,28.049999,19.426666,36.099998,27.009224,,0.398750,1191.599976,2.706500,40.281307,39.070000,37.904999,,36.830002,26.360001,9.962512,21.748892,22.969999,,18.160000,37.355000,66.458954,,13.060000,41.150002,137.542953,96.699997,45.180000,36.939999,20.379999,10.113533,86.701721,35.889999,,51.601151,23.540001,46.040001,21.799856,26.240000,30.330000,65.969902,25.980000,,,40.738815,34.453403,48.060001,30.740038,48.500000,29.000000,,38.980000,,31.680000,63.020000,,,30.700001,,9.883455,,28.365000,19.320000,36.020000,28.063240,
2003-11-13,0.394107,1182.000000,2.702000,40.290058,39.009998,37.814999,,36.705002,26.325001,9.918775,21.802254,22.660000,,18.150000,37.400002,66.458954,,12.900000,41.380001,137.063705,96.709999,45.180000,36.939999,20.129999,10.036331,86.424477,35.810001,,51.601151,23.325001,45.849998,21.790533,26.240000,30.250000,65.869568,25.860001,,,40.680088,34.677418,47.830002,30.645161,48.000000,28.940001,,38.570000,,31.540001,62.000000,,,30.500000,,9.792048,,28.365000,18.783333,35.990002,27.667984,,0.400357,1183.400024,2.740000,40.088741,39.900002,37.705002,,36.740002,26.400000,9.940644,21.935659,22.700001,,18.000000,37.875000,66.137383,,13.140000,41.650002,135.817673,96.019997,46.759998,36.320000,20.139999,10.149864,87.084129,35.860001,,51.265579,23.465000,45.820000,21.697313,26.070000,30.270000,66.596992,25.690001,,,41.294468,35.519714,47.500000,31.736242,48.174999,29.000000,,38.700001,,31.860001,62.049999,,,30.190001,,9.986289,,28.580000,18.506666,36.259998,27.720684,
2003-11-14,0.401429,1180.800049,2.721500,39.834904,39.980000,37.705002,,36.740002,26.420000,9.918775,21.802254,22.719999,,17.990000,37.250000,66.584015,,13.090000,41.674999,135.386353,96.089996,47.299999,36.320000,20.080000,10.172570,87.017204,35.700001,,51.505272,23.385000,45.900002,21.697313,26.000000,29.860001,66.797661,25.700001,,,41.294468,35.869175,47.500000,32.049335,48.035000,28.900000,,38.810001,,32.840000,62.250000,,,30.180000,,10.009141,,28.580000,18.506666,36.349998,27.667984,,0.383214,1166.199951,2.622500,39.677349,39.250000,37.360001,,36.305000,26.049999,9.909403,21.847994,22.260000,,17.709999,37.134998,66.709068,,12.960000,40.970001,133.613159,93.800003,47.070000,36.189999,20.090000,10.031789,86.281075,35.459999,,51.495686,23.344999,45.200001,21.501547,25.680000,30.520000,65.660538,25.500000,,,41.190563,36.612904,47.330002,32.333965,47.855000,28.650000,,38.279999,,33.200001,62.200001,,,28.830000,,10.148537,,28.270000,18.333332,36.000000,27.799736,
2003-11-17,0.381250,1160.000000,2.596000,38.863319,39.000000,37.200001,,36.305000,26.055000,9.796938,21.847994,22.000000,,17.700001,37.134998,66.709068,,12.750000,40.724998,132.606735,93.809998,47.070000,35.220001,19.950001,9.886467,85.946465,35.200001,,51.495686,23.230000,45.200001,21.501547,25.670000,30.469999,65.660538,25.389999,,,41.041489,36.612904,47.330002,31.091082,47.720001,28.500000,,38.279999,,33.139999,61.000000,,,28.250000,,10.102834,,28.059999,18.333332,35.520000,27.852436,,0.377321,1165.800049,2.518000,38.451927,39.740002,37.285000,,36.250000,26.049999,9.903155,21.787006,22.049999,,17.795000,36.799999,66.494682,,12.710000,40.845001,133.277679,94.250000,46.939999,35.470001,19.730000,9.990917,85.850861,35.410000,,51.227230,23.340000,45.810001,21.496885,25.000000,31.200001,65.376251,25.150000,,,40.982761,36.639786,47.669998,32.324478,48.020000,28.530001,,37.459999,,32.910000,60.900002,,,28.340000,,9.913163,,28.280001,18.333332,35.599998,27.404480,
2003-11-18,0.378750,1171.000000,2.536500,38.469437,39.250000,37.349998,,36.250000,26.025000,9.921899,21.859426,22.250000,,18.000000,36.900002,66.494682,,12.760000,40.845001,136.201065,95.000000,46.869999,36.599998,19.540001,10.036331,85.965584,35.419998,,51.093002,23.260000,45.400002,21.496885,25.049999,31.200001,65.376251,25.330000,,,40.883373,36.962364,47.849998,32.447819,48.000000,30.000000,,37.689999,,33.410000,60.400002,,,28.930000,,9.915448,,28.350000,18.336666,35.549999,27.167324,,0.364464,1157.000000,2.425000,38.933346,38.830002,36.974998,,35.645000,25.715000,9.609497,21.783195,21.730000,,17.875000,36.875000,65.565689,,12.610000,40.330002,136.296921,93.730003,46.849998,34.950001,19.410000,9.831971,85.038239,34.889999,,51.303932,23.250000,45.500000,20.937557,24.700001,31.000000,64.556854,25.150000,,,40.924034,36.872761,47.200001,32.428844,47.830002,30.850000,,36.730000,,33.410000,59.500000,,,27.860001,,9.906307,,28.075001,18.240000,35.150002,26.798420,
2003-11-19,0.367143,1159.000000,2.435500,38.907085,38.599998,36.965000,,35.700001,25.674999,9.528272,21.859426,21.700001,,17.870001,36.575001,65.565689,,12.610000,40.200001,138.980682,93.300003,46.330002,35.070000,19.150000,9.836512,84.435944,34.889999,,51.102589,23.299999,45.500000,20.988829,24.700001,30.799999,64.339462,25.290001,,,40.815613,36.379929,47.400002,32.286530,47.750000,30.850000,,36.820000,,32.790001,59.200001,,,28.020000,,9.860603,,27.790001,18.200001,35.060001,26.824768,,0.364643,1161.800049,2.476500,39.283463,39.400002,37.185001,,36.384998,25.850000,9.775070,21.737457,22.049999,,17.900000,37.099998,65.762207,,12.580000,40.555000,141.233124,93.930000,46.330002,35.459999,19.400000,10.086285,85.468452,34.759998,,51.323105,23.430000,45.820000,20.979507,24.650000,30.680000,64.255852,25.350000,,,41.502274,36.603943,47.939999,32.656548,48.040001,30.389999,,37.060001,,33.119999,59.619999,,,28.230000,,9.792048,,28.200001,18.403334,35.439999,27.246378,
2003-11-20,0.358929,1153.000000,2.455000,38.732025,39.099998,37.014999,,36.349998,25.750000,9.687598,21.745081,21.900000,,17.850000,35.985001,65.404900,,12.470000,40.560001,139.555771,93.750000,45.740002,35.330002,19.070000,10.322434,85.372849,34.740002,,51.323105,23.375000,45.650002,20.695181,24.660000,30.430000,63.628761,25.170000,,,41.506790,36.406811,47.939999,32.352940,47.900002,30.400000,,37.000000,,32.400002,59.049999,,,28.100000,,9.762340,,28.125000,18.383333,35.250000,26.798420,,0.363929,1135.199951,2.442500,38.863319,39.349998,37.000000,,36.375000,25.885000,9.637613,21.748892,21.940001,,18.084999,37.000000,65.440636,,12.420000,40.415001,138.741058,91.760002,45.950001,35.310001,19.180000,9.804723,84.502869,34.630001,,50.843719,23.225000,46.099998,20.741793,24.680000,30.719999,64.214050,25.100000,,,41.913364,37.034050,47.270000,31.925997,47.705002,30.020000,,37.060001,,32.700001,58.770000,,,27.860001,,9.766910,,28.180000,18.356667,35.310001,27.483532,
2003-11-21,0.363214,1140.000000,2.450000,38.872074,39.349998,37.150002,,36.514999,25.975000,9.734458,21.878485,22.120001,,18.250000,37.035000,65.744347,,12.420000,40.549999,139.364075,92.349998,46.820000,35.549999,19.190001,9.827430,84.512428,34.849998,,51.198467,23.184999,46.250000,20.858318,24.969999,30.620001,64.364548,25.330000,,,41.854637,37.168461,47.549999,31.925997,47.849998,30.030001,,37.509998,,32.830002,58.860001,,,28.180000,,9.858318,,28.365000,18.400000,35.639999,27.667984,,0.362143,1131.800049,2.429000,39.300968,38.860001,37.174999,,36.445000,25.934999,9.865667,21.516384,22.170000,,17.934999,36.740002,65.029732,,12.350000,40.365002,136.872009,92.970001,47.090000,35.660000,19.190001,9.663942,84.732315,35.000000,,51.265579,23.209999,46.400002,20.928234,24.969999,30.950001,64.807693,25.110001,,,42.125687,37.401436,47.509998,31.480076,47.880001,30.450001,,37.590000,,33.160000,59.020000,,,28.350000,,9.826325,,28.250000,18.270000,35.340000,27.773386,
2003-11-24,0.366071,1140.000000,2.464000,39.476028,39.049999,37.224998,,36.525002,26.049999,9.975008,21.516384,22.379999,,17.975000,36.950001,65.297707,,12.400000,40.564999,138.070114,93.949997,47.130001,35.799999,19.320000,9.786558,85.114723,35.169998,,51.486099,23.195000,46.500000,20.741793,25.200001,31.150000,65.175583,25.330000,,,42.125687,37.293907,47.520000,31.764706,47.950001,30.500000,,37.770000,,33.590000,60.020000,,,28.760000,,9.803473,,28.500000,18.383333,35.480000,27.193676,,0.377679,1148.000000,2.566500,39.519794,38.889999,37.450001,,36.669998,26.225000,10.056232,21.806065,22.799999,,18.510000,37.009998,66.280304,,12.630000,40.500000,137.782578,94.919998,47.400002,36.480000,19.540001,9.945504,85.717018,35.270000,,51.428570,23.209999,46.450001,21.156628,25.639999,31.350000,66.521736,25.730000,,,42.039856,37.410393,48.000000,32.153702,48.310001,30.770000,,38.349998,,33.900002,60.240002,,,29.440001,,9.803473,,28.355000,18.693333,35.560001,27.984190,
2003-11-25,0.379107,1145.000000,2.567500,39.721115,38.669998,37.485001,,36.825001,26.225000,10.031240,21.825123,22.860001,,18.549999,37.014999,66.726936,,12.680000,40.200001,137.878418,95.949997,47.020000,36.480000,19.440001,9.900091,85.717018,35.150002,,51.121765,23.150000,46.250000,21.040100,25.610001,31.379999,66.471573,25.870001,,,42.012749,37.311829,47.799999,31.831120,48.400002,30.830000,,38.389999,,33.939999,57.900002,,,29.549999,,9.805759,,28.410000,18.666668,35.500000,29.249012,,0.369286,1143.599976,2.623500,39.694855,38.259998,37.525002,,37.520000,26.209999,9.934396,21.809877,22.620001,,18.580000,37.285000,66.619743,,13.000000,39.950001,138.549362,96.250000,46.500000,36.619999,19.540001,9.836512,85.497131,35.529999,,51.620327,23.285000,45.869999,21.324427,25.760000,31.610001,66.195648,25.400000,,,41.926918,36.944443,47.750000,32.049335,48.435001,31.200001,,38.349998,,33.750000,58.549999,,,29.450001,,9.878885,,28.575001,18.680000,35.820000,30.144928,
2003-11-26,0.373036,1146.000000,2.641500,39.703609,38.200001,37.145000,,37.750000,26.209999,9.937520,21.973776,22.809999,,18.635000,37.349998,66.619743,,12.950000,39.980000,139.507858,96.489998,45.880001,36.619999,19.799999,9.945504,85.841301,35.299999,,51.610737,23.165001,45.990002,21.263832,25.549999,31.510000,66.429764,25.610001,,,41.990162,37.383514,48.000000,32.068310,48.525002,31.200001,,38.599998,,33.330002,59.400002,,,29.700001,,9.878885,,28.674999,18.673332,35.900002,30.830040,,0.370000,1169.000000,2.648000,40.027470,38.279999,37.735001,,37.700001,26.170000,9.915651,21.859426,22.809999,,18.594999,37.625000,67.638069,,12.920000,40.240002,137.878418,96.669998,46.310001,36.549999,19.840000,9.927339,85.956024,35.509998,,51.773731,23.344999,45.950001,21.263832,25.389999,31.790001,66.287628,25.450001,,,41.981129,37.831539,47.959999,32.096775,47.939999,31.389999,,38.580002,,33.849998,59.169998,,,29.650000,,9.958867,,28.680000,18.566668,36.279999,31.488800,
2003-11-28,0.371071,1167.000000,2.642000,40.053726,38.380001,37.029999,,37.630001,26.174999,9.903155,21.859426,22.709999,,18.594999,37.735001,67.262894,,12.940000,40.240002,138.261826,96.669998,45.980000,36.720001,20.000000,9.936421,85.946465,35.299999,,51.773731,23.125000,45.950001,21.263832,25.219999,31.780001,65.760872,25.500000,,,41.908848,37.724014,47.930000,31.736242,47.904999,31.340000,,38.410000,,33.650002,60.099998,,,29.350000,,9.913163,,28.620001,18.533333,36.419998,31.488800,,0.373393,1159.000000,2.698500,40.009964,38.389999,37.715000,,38.025002,26.250000,9.871915,21.626921,22.700001,,18.730000,37.549999,67.084244,,13.200000,40.435001,137.399185,96.080002,45.880001,36.759998,20.230000,9.872843,86.558319,35.400002,,51.984661,23.250000,45.939999,21.361715,25.629999,31.670000,66.086960,25.709999,,,41.845604,37.813622,48.119999,31.850096,48.119999,31.190001,,38.549999,,33.720001,59.570000,,,29.760000,,9.849177,,28.665001,18.546667,36.200001,32.094864,
2003-12-01,0.375714,1159.000000,2.720000,40.255047,37.599998,37.325001,,38.125000,26.299999,9.809435,21.821312,22.920000,,18.735001,38.310001,67.530876,,13.290000,40.400002,139.939178,96.230003,46.029999,36.880001,20.320000,9.900091,86.902489,35.610001,,52.348991,23.325001,46.250000,21.375698,25.950001,31.650000,66.471573,25.900000,,,42.012749,37.813622,48.009998,32.333965,48.174999,31.170000,,39.060001,,33.730000,61.099998,,,30.250000,,9.849177,,28.885000,18.546667,36.500000,32.279316,,0.387679,1183.199951,2.732500,40.307564,38.020000,38.174999,,38.395000,26.450001,9.881287,22.095745,23.180000,,18.645000,37.849998,68.781448,,13.120000,40.740002,139.124451,97.480003,46.330002,36.770000,20.459999,9.918256,87.007645,35.660000,,53.048897,23.510000,46.320000,21.412987,26.350000,31.809999,68.244148,25.840000,,,41.750736,37.948029,48.709999,32.419353,48.520000,32.049999,,39.599998,,33.779999,61.139999,,,30.180000,,10.025137,,28.875000,18.166668,36.389999,32.121212,
2003-12-02,0.385714,1179.000000,2.725000,40.088741,38.000000,38.209999,,38.270000,26.434999,9.765698,22.095745,23.110001,,18.250000,37.799999,68.763580,,13.050000,40.674999,139.124451,97.800003,46.029999,36.400002,20.260000,9.936421,86.586998,35.700001,,53.087250,23.455000,46.020000,21.319765,26.469999,31.660000,68.043480,25.950001,,,41.628761,37.903225,48.080002,32.144215,48.380001,31.990000,,39.090000,,33.680000,62.299999,,,30.180000,,10.025137,,28.875000,18.110001,36.320000,32.147564,,0.384643,1166.199951,2.696500,40.088741,37.830002,38.305000,,37.790001,26.520000,9.859419,22.373991,23.110001,,17.990000,37.820000,68.709984,,12.920000,40.474998,141.281052,97.400002,46.439999,35.869999,20.250000,10.195277,86.759079,35.810001,,53.480347,23.504999,46.130001,21.114677,26.480000,32.220001,67.683945,25.660000,,,41.366749,38.198925,48.139999,32.286530,48.465000,31.610001,,39.419998,,33.700001,62.470001,,,30.110001,,9.922303,,28.584999,17.673332,36.500000,31.620552,
2003-12-03,0.384643,1164.800049,2.705000,40.211281,37.880001,37.950001,,37.965000,26.514999,9.996876,22.404484,23.219999,,17.985001,38.049999,68.602791,,13.010000,41.450001,141.808228,98.250000,45.689999,35.950001,20.260000,10.240690,87.141495,35.810001,,53.307766,23.500000,45.869999,21.184593,26.580000,32.150002,67.600334,25.820000,,,41.651348,38.440861,48.220001,32.362431,48.325001,31.709999,,39.950001,,34.049999,62.599998,,,30.400000,,9.958867,,28.525000,17.763332,36.450001,31.857708,,0.375536,1160.800049,2.575500,40.255047,38.520000,37.724998,,37.740002,26.500000,9.878163,22.259644,23.299999,,17.450001,38.049999,69.728310,,13.180000,41.724998,141.472748,99.290001,45.980000,35.529999,20.209999,10.177112,86.328873,35.799999,,53.787151,23.700001,46.509998,21.464258,26.459999,32.299999,67.717392,25.670000,,,41.506790,38.772400,47.700001,32.210625,48.404999,31.400000,,39.810001,,34.200001,62.549999,,,29.500000,,10.020567,,28.375000,17.563334,36.540001,32.173912,
2003-12-04,0.373929,1157.000000,2.572500,40.018715,38.520000,37.724998,,37.750000,26.530001,9.840675,22.278702,23.719999,,17.370001,38.055000,69.728310,,13.200000,41.625000,140.897659,99.379997,45.200001,35.500000,20.830000,10.149864,86.089867,35.650002,,53.854267,23.625000,46.400002,21.557480,26.459999,32.299999,67.491638,25.719999,,,42.148273,38.772400,47.700001,32.371918,48.275002,31.450001,,40.599998,,33.849998,63.450001,,,29.850000,,10.041133,,28.445000,17.713333,36.320000,32.332016,,0.377679,1178.400024,2.590000,40.325069,39.110001,37.740002,,37.470001,26.850000,9.965636,22.713223,23.980000,,17.520000,38.810001,70.210670,,13.100000,42.169998,139.699554,98.730003,45.130001,34.860001,20.889999,10.263397,87.399620,35.389999,,54.132313,23.580000,47.750000,21.604092,26.559999,31.549999,67.976585,26.200001,,,42.627129,38.620071,48.150002,32.609108,48.395000,31.559999,,40.439999,,33.830002,63.939999,,,29.139999,,10.230804,,28.459999,17.673332,37.020000,32.911728,
2003-12-05,0.373214,1174.000000,2.560000,40.176270,38.860001,37.674999,,38.000000,26.750000,9.868791,22.774206,23.799999,,17.520000,38.799999,69.567520,,13.000000,42.119999,139.747467,98.730003,44.680000,34.529999,20.820000,10.104450,87.284897,35.169998,,54.170662,23.424999,47.450001,21.510870,26.309999,31.400000,67.625420,25.959999,,,42.374149,38.503586,48.160000,32.618595,48.255001,31.450001,,39.720001,,33.799999,64.000000,,,28.799999,,10.230804,,28.415001,17.616667,37.130001,32.911728,,0.372321,1172.599976,2.578000,39.826149,38.000000,37.555000,,38.250000,26.930000,9.862543,22.812323,23.750000,,17.520000,39.000000,69.049423,,12.970000,41.794998,139.459930,98.029999,44.950001,34.720001,20.620001,10.040872,86.653923,34.959999,,54.362415,23.445000,47.419998,21.296459,25.990000,31.510000,67.508362,25.980000,,,42.039856,38.548386,48.500000,32.447819,48.255001,30.820000,,39.450001,,33.950001,63.080002,,,28.360001,,10.292505,,28.400000,17.826668,36.779999,31.963108,
2003-12-08,0.371071,1171.000000,2.577500,39.878670,38.180000,37.560001,,38.224998,26.900000,9.803187,22.812323,23.700001,,17.520000,38.994999,69.049423,,12.900000,41.625000,139.699554,97.800003,45.020000,34.480000,20.660000,10.004541,86.539200,34.730000,,54.189838,23.375000,47.209999,21.254511,26.200001,31.500000,67.558525,26.120001,,,41.922401,38.700718,48.599998,32.258064,48.209999,30.770000,,39.599998,,34.020000,63.450001,,,28.700001,,10.292505,,28.350000,17.826668,36.900002,31.752306,,0.375893,1181.000000,2.554000,40.395096,39.119999,38.000000,,38.389999,26.795000,9.900031,22.850439,24.290001,,17.480000,39.305000,69.924828,,13.220000,42.599998,140.753891,98.800003,45.799999,34.700001,20.879999,10.208901,87.189293,35.459999,,54.458294,23.875000,48.430000,21.389683,25.620001,31.709999,68.520065,26.240000,,,42.600025,39.121864,48.259998,32.666035,48.424999,31.330000,,40.099998,,34.299999,63.750000,,,28.240000,,10.372486,,28.605000,17.799999,37.400002,31.752306,
2003-12-09,0.378036,1180.000000,2.558500,40.465118,39.049999,38.090000,,38.514999,26.799999,9.940644,22.461657,24.370001,,17.480000,39.674999,70.907417,,13.250000,42.605000,141.376907,98.800003,45.480000,34.849998,20.620001,10.408719,87.141495,35.459999,,54.458294,23.730000,48.419998,21.380360,25.809999,31.760000,68.645485,26.440001,,,42.712963,39.426521,47.950001,32.732449,48.424999,31.280001,,40.880001,,34.240002,64.279999,,,28.870001,,10.420475,,28.485001,17.833332,37.700001,31.884058,,0.365179,1198.199951,2.467000,40.001209,38.580002,37.705002,,38.240002,26.465000,9.828179,22.964787,23.230000,,17.100000,39.439999,71.193260,,13.510000,42.520000,141.664444,98.199997,45.250000,34.040001,20.400000,9.972752,86.644356,34.830002,,54.458294,23.879999,48.419998,21.259171,25.420000,31.400000,68.578598,26.379999,,,42.098583,39.381721,47.400002,32.628082,48.285000,31.320000,,39.950001,,33.950001,63.759998,,,27.490000,,10.315356,,28.215000,17.536667,37.639999,31.067194,
2003-12-10,0.365179,1190.000000,2.472500,40.036221,38.500000,38.200001,,38.224998,26.469999,9.818807,22.964787,23.400000,,17.100000,39.500000,71.461243,,13.510000,42.490002,142.095764,98.199997,44.840000,34.060001,20.350000,10.059037,86.701721,34.759998,,54.592522,23.830000,48.500000,21.245188,25.299999,31.280001,68.645485,26.450001,,,42.066959,39.247311,47.250000,32.495255,48.235001,31.270000,,40.130001,,34.360001,63.799999,,,27.629999,,10.271938,,28.219999,17.633333,37.820000,30.909092,,0.363929,1193.599976,2.460000,39.554806,38.869999,37.794998,,38.000000,26.305000,9.771946,22.972408,23.780001,,16.665001,39.340000,70.567978,,13.330000,41.980000,142.431244,97.599998,44.700001,33.080002,20.299999,9.990917,87.695984,34.669998,,54.534996,24.094999,48.400002,21.245188,25.549999,31.370001,67.675583,26.590000,,,42.157310,39.274193,46.900002,32.352940,48.439999,31.309999,,40.070000,,34.599998,63.860001,,,27.920000,,9.997715,,28.205000,17.650000,37.790001,30.382082,
2003-12-11,0.361607,1195.000000,2.463000,39.458523,38.900002,37.849998,,38.200001,26.250000,9.778194,22.957163,23.690001,,16.715000,39.424999,70.585838,,13.380000,42.000000,142.527084,97.970001,44.540001,33.500000,20.549999,9.990917,87.915871,34.820000,,54.515820,24.070000,48.240002,21.235867,25.540001,31.230000,67.884613,26.590000,,,42.148273,38.933693,46.990002,32.390892,48.439999,31.469999,,40.139999,,33.970001,65.000000,,,27.950001,,9.997715,,28.160000,17.716667,37.970001,30.303030,,0.378750,1216.800049,2.540000,39.607327,39.560001,37.945000,,38.970001,26.299999,9.865667,23.235409,23.930000,,17.040001,39.750000,70.907417,,13.740000,42.369999,145.690094,98.339996,44.660000,34.529999,20.820000,10.081744,88.336517,34.980000,,54.554173,24.195000,48.810001,21.282476,25.799999,31.360001,67.926422,26.610001,,,42.207005,39.435486,46.880001,32.903225,48.000000,32.080002,,40.770000,,34.599998,66.160004,,,28.600000,,10.059415,,28.450001,17.603333,37.910000,31.699606,
2003-12-12,0.380714,1230.000000,2.549500,39.738621,39.490002,37.950001,,38.970001,26.475000,9.887535,23.155365,23.879999,,17.110001,39.935001,70.907417,,13.750000,42.244999,145.115005,98.500000,44.340000,34.750000,20.990000,10.172570,88.623329,35.160000,,54.506233,24.250000,48.810001,21.371037,25.860001,31.309999,68.193977,26.690001,,,42.207005,39.292114,46.849998,32.903225,47.994999,32.049999,,40.599998,,34.639999,66.080002,,,28.650000,,10.059415,,28.475000,17.660000,37.939999,32.068512,,0.373036,1242.400024,2.549500,39.563560,39.369999,37.924999,,39.009998,26.805000,9.918775,23.243032,24.090000,,17.129999,40.125000,71.211128,,13.720000,42.264999,144.300293,99.150002,44.570000,34.650002,20.910000,10.131698,88.632889,35.090000,,55.369129,24.684999,48.900002,21.301121,25.780001,31.700001,68.118729,26.650000,,,42.220554,39.399643,46.880001,32.637569,48.410000,32.209999,,40.279999,,34.810001,65.839996,,,28.719999,,10.308501,,28.504999,17.500000,38.060001,31.567852,
2003-12-15,0.383750,1257.000000,2.602500,40.395096,39.730000,38.349998,,39.494999,26.875000,9.928147,23.281149,24.540001,,17.350000,40.130001,71.514839,,14.050000,42.750000,146.600662,99.930000,44.919998,35.439999,21.250000,10.217984,89.321220,35.500000,,55.608822,24.905001,48.910000,21.487564,26.100000,31.950001,69.013374,27.049999,,,42.396736,39.426521,47.099998,32.779884,48.560001,32.459999,,40.900002,,35.290001,67.250000,,,29.690001,,10.317642,,28.625000,17.690001,37.910000,31.936760,,0.360179,1258.000000,2.520500,39.659843,39.200001,38.215000,,39.259998,26.780001,9.909403,22.964787,23.980000,,16.709999,39.474998,71.246857,,14.280000,42.160000,145.354630,97.750000,44.700001,34.349998,20.990000,9.995459,88.059273,35.259998,,54.554173,24.895000,48.599998,21.371037,25.420000,31.830000,68.561874,26.740000,,,41.439030,39.426521,47.369999,32.675522,48.910000,32.430000,,39.849998,,35.189999,66.019997,,,28.340000,,10.166819,,28.040001,16.913334,37.799999,31.383398,
2003-12-16,0.360536,1259.000000,2.480000,39.808643,39.169998,38.150002,,39.285000,26.785000,9.840675,22.983845,23.760000,,16.650000,39.555000,71.068207,,14.290000,42.285000,145.785950,97.760002,45.200001,34.200001,20.790001,10.108992,88.059273,35.400002,,53.930969,24.985001,48.520000,21.450275,25.360001,31.580000,68.561874,26.830000,,,41.551964,39.471325,47.360001,32.685009,49.349998,32.549999,,40.139999,,35.459999,66.010002,,,28.370001,,10.164534,,28.084999,17.000000,37.950001,31.330698,,0.359286,1283.599976,2.475000,39.624832,39.930000,38.750000,,40.509998,26.580000,9.987504,23.235409,23.770000,,16.715000,40.349998,71.997200,,14.350000,42.834999,146.888199,97.519997,45.230000,34.360001,20.850000,10.040872,89.847038,35.720001,,55.302013,25.340000,49.000000,21.324427,24.879999,31.590000,69.381271,27.059999,,,41.949505,39.417564,47.400002,32.827324,49.325001,32.959999,,40.490002,,35.799999,66.360001,,,27.920000,,10.077697,,28.575001,17.129999,38.470001,31.857708,
2003-12-17,0.358571,1283.199951,2.473500,39.651089,39.970001,38.750000,,40.299999,26.650000,9.912527,23.159178,23.780001,,16.690001,40.599998,71.604164,,14.300000,42.840000,146.888199,97.029999,45.299999,34.099998,20.840000,10.040872,89.722755,35.730000,,55.311600,25.275000,49.049999,21.249849,24.750000,31.090000,69.389633,27.040001,,,41.940472,39.023296,47.200001,32.722961,49.320000,33.049999,,40.520000,,35.730000,64.400002,,,27.760000,,10.077697,,28.575001,17.103333,38.630001,31.857708,,0.355000,1279.000000,2.379000,39.388500,40.860001,38.939999,,41.009998,26.940001,9.856295,23.567017,23.490000,,17.004999,40.900002,71.550568,,14.670000,43.674999,147.271606,98.349998,45.410000,35.139999,20.959999,9.972752,89.292542,35.660000,,55.608822,25.084999,49.900002,21.207899,24.500000,31.490000,69.782608,27.040001,,,41.931435,39.014336,47.150002,32.590134,49.189999,32.889999,,40.349998,,35.930000,64.949997,,,27.680000,,10.283364,,28.650000,17.299999,38.880001,32.727272,
2003-12-18,0.355357,1279.000000,2.380500,39.913681,40.980000,38.910000,,41.075001,26.250000,9.762574,23.582264,23.520000,,17.014999,41.375000,71.282593,,14.670000,43.750000,147.942535,97.000000,45.299999,35.139999,20.959999,10.013624,88.910133,35.740002,,55.752636,24.985001,49.889999,21.105356,24.650000,31.350000,69.816055,27.100000,,,41.832050,39.157707,47.369999,32.732449,49.250000,32.950001,,40.200001,,36.360001,67.099998,,,27.650000,,10.329068,,28.700001,17.629999,39.000000,32.727272,,0.357857,1296.000000,2.437500,40.937782,41.349998,39.450001,,41.855000,25.150000,9.971884,24.375072,24.170000,,17.139999,41.775002,72.801140,,14.920000,44.290001,147.846695,97.349998,45.509998,35.330002,21.549999,10.095368,88.652008,35.650002,,55.436241,24.969999,50.080002,21.501547,24.809999,31.490000,69.757523,27.400000,,,42.098583,39.578854,47.139999,32.675522,49.654999,33.779999,,40.709999,,36.810001,67.900002,,,28.879999,,10.639854,,28.895000,17.533333,39.410000,34.334652,
2003-12-19,0.360536,1296.000000,2.440000,41.244137,41.730000,39.450001,,42.099998,24.900000,10.043736,24.356014,24.230000,,17.190001,41.825001,72.801140,,14.980000,44.639999,148.038391,97.099998,45.290001,35.480000,21.650000,10.004541,89.130020,35.750000,,55.426655,25.014999,50.230000,21.501547,25.000000,31.680000,69.857857,27.490000,,,42.374149,39.336918,47.150002,32.675522,49.720001,34.599998,,40.520000,,36.049999,68.099998,,,28.889999,,10.717550,,28.955000,17.563334,39.490002,34.413700,,0.351786,1291.400024,2.462000,41.322914,41.480000,39.500000,,42.375000,24.594999,9.971884,24.176870,23.790001,,17.280001,41.634998,72.443832,,15.240000,44.389999,148.038391,96.379997,45.000000,35.500000,21.809999,10.072661,89.043976,35.779999,,55.071907,25.049999,50.250000,21.301121,24.299999,31.370001,70.292641,27.360001,,,42.017269,39.157707,47.169998,32.514233,48.759998,34.169998,,40.450001,,35.799999,68.040001,,,28.340000,,10.694698,,29.040001,17.450001,39.599998,34.255600,
2003-12-22,0.350893,1287.000000,2.449000,41.322914,41.490002,39.375000,,42.320000,24.600000,9.971884,24.180681,23.879999,,17.100000,41.610001,72.443832,,15.320000,44.435001,147.607071,96.379997,44.650002,35.279999,21.900000,10.036331,88.747612,35.770000,,55.177372,25.025000,50.169998,21.189255,24.110001,31.150000,70.551842,27.160000,,,42.107616,39.354839,46.970001,32.305504,48.799999,34.169998,,40.490002,,36.160000,68.250000,,,28.100000,,10.694698,,29.035000,17.366667,39.349998,34.255600,,0.354464,1292.800049,2.494500,41.524231,41.599998,39.529999,,41.889999,24.565001,10.068729,24.184492,23.980000,,17.100000,41.674999,73.640808,,16.790001,44.330002,148.565552,98.150002,44.980000,34.830002,21.889999,10.081744,89.282982,36.099998,,55.244488,25.080000,49.950001,21.529514,25.160000,31.750000,71.279266,27.180000,,,42.216038,39.310036,46.990002,32.542694,49.075001,34.299999,,40.799999,,36.200001,68.949997,,,28.719999,,10.559872,,28.995001,17.690001,39.470001,34.729908,
2003-12-23,0.355714,1288.000000,2.501000,41.559242,41.720001,39.400002,,41.895000,24.650000,10.078101,24.188305,23.900000,,17.125000,41.674999,73.426430,,16.520000,44.625000,148.325943,98.339996,44.950001,34.549999,22.000000,10.081744,88.977058,36.060001,,55.244488,25.075001,49.950001,21.529514,25.200001,31.750000,71.195648,27.170000,,,42.057926,39.184589,46.650002,32.552181,49.125000,33.799999,,40.590000,,36.650002,69.199997,,,28.400000,,10.559872,,28.995001,17.633333,39.250000,35.098812,,0.353750,1298.000000,2.624000,41.734303,41.939999,39.654999,,41.825001,24.670000,9.981256,24.085392,23.940001,,17.430000,41.590000,73.730141,,16.170000,44.570000,149.044800,98.220001,44.959999,34.599998,21.920000,10.290645,88.709366,36.169998,,55.704697,25.084999,50.060001,21.478243,25.280001,31.590000,70.744148,27.150000,,,41.809464,39.507168,46.480000,32.751423,49.240002,33.750000,,40.790001,,36.240002,69.050003,,,29.170000,,10.484461,,29.180000,17.590000,39.750000,36.126480,
2003-12-24,0.352143,1296.400024,2.615000,41.734303,41.599998,39.625000,,41.665001,24.625000,9.909403,24.085392,23.889999,,17.379999,41.590000,73.712273,,16.170000,44.549999,148.805176,97.820000,44.930000,34.650002,21.790001,10.295186,88.718925,36.180000,,55.656757,25.004999,50.480000,21.408325,23.350000,31.490000,70.744148,27.139999,,,41.809464,39.471325,46.270000,32.817837,49.075001,33.849998,,40.549999,,36.439999,68.800003,,,29.100000,,10.484461,,29.174999,17.610001,39.619999,35.968380,,0.364464,1296.599976,2.666000,41.909363,41.360001,39.625000,,41.755001,24.584999,9.950016,24.356014,23.870001,,17.344999,41.674999,74.123177,,16.200001,44.959999,148.086319,97.550003,45.380001,34.689999,21.840000,10.308810,88.212234,36.130001,,55.656757,24.950001,50.660000,21.417648,23.959999,31.440001,70.434784,27.040001,,,42.532265,39.731182,46.189999,32.941177,49.169998,33.810001,,41.160000,,36.900002,68.900002,,,28.980000,,10.486746,,29.135000,17.480000,39.830002,36.363636,
2003-12-26,0.363393,1298.000000,2.707000,41.909363,41.500000,39.549999,,41.630001,24.584999,10.006248,24.375072,23.830000,,17.424999,41.924999,74.141037,,16.200001,44.959999,148.038391,97.550003,45.500000,34.689999,21.559999,10.263397,88.307838,36.270000,,55.656757,24.975000,50.669998,21.487564,24.000000,31.370001,70.510033,27.049999,,,42.600025,39.784946,46.349998,32.941177,49.025002,33.709999,,41.299999,,37.000000,67.500000,,,28.889999,,10.489031,,29.135000,17.440001,39.810001,36.363636,,0.371071,1294.199951,2.673500,41.865601,41.470001,39.794998,,41.855000,24.650000,10.006248,24.538971,23.750000,,17.350000,41.924999,74.391151,,16.180000,44.910000,147.223679,97.940002,45.450001,34.880001,21.590000,10.263397,88.814529,36.220001,,55.906040,24.980000,50.700001,21.445616,24.090000,31.480000,70.409698,27.209999,,,42.676823,39.749104,46.470001,32.969639,49.119999,33.770000,,41.259998,,36.939999,67.250000,,,28.830000,,10.507313,,29.184999,17.506666,40.049999,35.836628,
2003-12-29,0.373393,1292.000000,2.689500,41.944378,41.540001,39.950001,,41.950001,24.575001,9.996876,24.615202,23.780001,,17.360001,42.150002,73.694405,,16.200001,44.849998,147.127823,98.480003,45.599998,35.000000,22.129999,10.272480,89.005737,36.270000,,56.078617,24.945000,50.349998,21.543497,24.549999,31.500000,70.334450,27.209999,,,42.726517,39.874554,46.470001,32.979126,49.049999,33.750000,,41.259998,,36.869999,67.550003,,,28.879999,,10.511883,,29.150000,17.559999,40.099998,36.021080,,0.377679,1316.000000,2.673500,42.452049,42.000000,40.150002,,42.299999,24.990000,10.137457,24.721926,24.400000,,17.725000,42.750000,75.034302,,16.160000,45.130001,147.750839,99.580002,45.889999,35.580002,22.150000,10.413261,89.407265,36.529999,,56.558006,25.080000,50.759998,21.515532,24.600000,31.719999,70.652176,27.459999,,,42.934319,40.017921,46.759998,33.206833,49.599998,34.150002,,41.799999,,36.950001,68.099998,,,29.420000,,10.639854,,29.389999,17.633333,40.580002,35.994732,
2003-12-30,0.378214,1310.000000,2.659000,42.303249,42.650002,40.005001,,42.250000,24.990000,10.099969,24.683809,24.309999,,17.750000,42.724998,74.587669,,16.150000,44.974998,147.750839,99.900002,46.049999,35.459999,22.250000,10.272480,89.168259,36.540001,,56.232021,25.000000,50.750000,21.464258,24.379999,31.799999,70.568565,27.410000,,,43.020153,40.188171,46.419998,33.206833,49.599998,34.299999,,41.799999,,37.410000,68.250000,,,29.350000,,10.626143,,29.360001,17.650000,40.580002,35.678524,,0.380000,1320.400024,2.641500,42.268238,42.279999,40.250000,,42.035000,24.955000,10.074977,24.920128,24.120001,,17.870001,43.029999,73.354965,,15.990000,45.055000,147.223679,99.160004,46.029999,35.290001,22.410000,10.413261,88.556404,36.599998,,56.414188,25.260000,50.700001,21.534176,24.780001,32.250000,70.468224,27.520000,,,42.902699,40.412186,46.619999,33.273247,49.834999,34.000000,,41.599998,,37.200001,68.879997,,,29.469999,,10.683272,,29.469999,17.593332,40.680000,35.968380,
2003-12-31,0.381250,1320.000000,2.641000,42.285744,42.549999,40.125000,,42.200001,24.955000,10.118713,24.931562,24.170000,,17.870001,43.224998,73.229912,,15.990000,44.875000,146.792358,99.570000,46.049999,35.180000,22.400000,10.354223,88.585083,36.799999,,56.423779,25.260000,50.639999,21.534176,24.840000,32.400002,70.635452,27.420000,,,42.902699,40.681004,46.619999,33.225807,49.735001,33.950001,,41.599998,,37.450001,68.000000,,,29.330000,,10.646709,,29.469999,17.650000,40.930000,35.731224,,0.381607,1325.599976,2.631000,42.215717,42.139999,40.215000,,41.509998,25.025000,10.243674,24.992548,24.230000,,18.059999,43.195000,74.266098,,16.000000,45.195000,148.469711,98.730003,46.619999,35.490002,22.500000,10.431426,88.604210,36.730000,,56.653885,25.375000,51.400002,21.534176,24.830000,32.220001,71.095322,27.370001,,,43.187302,41.120071,46.619999,33.519924,49.939999,34.150002,,41.560001,,37.750000,68.750000,,,29.379999,,10.589580,,29.445000,17.683332,41.000000,36.363636,
2004-01-02,0.384821,1330.000000,2.638000,42.390778,42.500000,39.875000,,41.584999,24.975000,10.281162,24.954433,24.360001,,18.145000,43.240002,74.266098,,16.100000,45.020000,148.565552,98.800003,46.779999,35.750000,22.500000,10.440509,88.776291,36.560001,,56.692234,25.400000,51.400002,21.478243,24.950001,32.200001,71.070236,27.580000,,,43.074364,41.129032,46.939999,33.614799,49.825001,34.150002,,42.750000,,37.709999,69.000000,,,29.629999,,10.626143,,29.250000,17.783333,41.020000,35.889328,,0.380000,1335.800049,2.595000,41.795574,41.990002,39.544998,,41.325001,24.809999,10.296782,24.958244,24.250000,,17.885000,42.945000,73.480026,,16.080000,44.830002,149.140656,97.129997,46.830002,35.020000,22.639999,10.517711,87.523903,36.619999,,56.232021,25.174999,50.700001,21.510870,24.790001,32.080002,69.707359,27.450001,,,42.771690,41.129032,46.459999,33.728653,49.494999,33.669998,,42.299999,,38.060001,68.959999,,,29.309999,,10.516453,,29.084999,17.433332,40.630001,35.810276,
2004-01-05,0.382500,1346.000000,2.600000,42.084423,42.200001,39.660000,,41.924999,24.910000,10.340519,25.186939,24.400000,,18.049999,43.275002,73.533623,,16.370001,44.855000,149.715744,97.300003,46.689999,35.070000,23.000000,10.613079,87.954109,36.660000,,56.270374,25.174999,49.900002,21.510870,24.980000,32.279999,69.882942,27.730000,,,42.690376,41.532257,46.880001,34.127136,49.494999,33.759998,,44.080002,,38.459999,72.169998,,,29.559999,,10.557587,,29.225000,17.600000,41.099998,35.810276,,0.395893,1356.400024,2.663500,42.163200,42.070000,39.660000,,42.450001,25.025000,10.390503,25.632895,24.770000,,17.995001,43.775002,74.873520,,16.590000,44.695000,151.345169,97.180000,46.930000,35.029999,23.340000,10.749319,88.957932,36.549999,,56.260784,25.205000,50.090000,21.627398,25.030001,32.160000,71.036789,28.139999,,,42.956909,41.935486,47.250000,34.629982,49.740002,34.099998,,44.380001,,38.400002,72.290001,,,29.930000,,10.740402,,29.225000,17.373333,41.580002,36.416336,
2004-01-06,0.397321,1356.000000,2.655500,41.970634,42.000000,39.560001,,42.160000,25.000000,10.228054,25.442314,24.830000,,17.995001,43.310001,74.498344,,16.719999,44.375000,150.578384,97.360001,46.590000,35.090000,22.389999,10.672116,88.145317,37.150002,,55.369129,25.110001,49.950001,21.510870,24.980000,32.110001,70.652176,28.190001,,,42.961426,42.204300,47.349998,34.914612,49.410000,34.500000,,44.750000,,38.270000,70.500000,,,29.950001,,10.740402,,29.075001,17.450001,41.520000,35.889328,,0.394464,1353.199951,2.651500,42.233227,41.930000,39.595001,,41.700001,25.190001,10.402999,25.354649,25.059999,,18.035000,43.535000,74.015984,,16.540001,44.549999,150.338760,96.599998,46.720001,35.410000,22.570000,10.794732,88.967499,37.470001,,55.436241,25.100000,49.950001,21.524853,25.330000,32.490002,70.819397,28.240000,,,43.191818,42.249104,47.549999,34.611008,49.490002,35.430000,,45.000000,,37.919998,70.779999,,,29.990000,,10.831810,,29.129999,17.780001,41.299999,37.075100,
2004-01-07,0.394643,1348.000000,2.609000,42.399532,41.930000,39.525002,,41.759998,25.250000,10.371759,25.156446,25.170000,,17.625000,43.424999,73.605080,,16.580000,44.900002,150.242905,96.760002,45.650002,35.439999,22.000000,10.794732,89.043976,37.500000,,55.580059,25.100000,49.770000,21.394342,25.340000,32.490002,70.334450,28.170000,,,43.191818,42.159496,47.500000,34.364326,49.250000,35.250000,,44.590000,,37.730000,70.550003,,,30.070000,,10.831810,,28.885000,17.780001,41.080002,36.837944,,0.403393,1369.800049,2.595000,42.355766,42.279999,39.505001,,41.244999,25.325001,10.681037,25.221243,25.559999,,17.799999,42.980000,74.176773,,16.990000,45.500000,151.824417,98.629997,45.849998,35.900002,22.040001,10.608538,88.699806,38.020000,,56.097794,24.940001,50.099998,21.506208,25.410000,32.279999,69.598663,28.209999,,,43.602909,41.890682,46.939999,34.905125,49.049999,35.360001,,44.470001,,37.650002,69.650002,,,29.950001,,10.715265,,28.834999,17.826668,41.000000,37.206852,
2004-01-08,0.407857,1372.000000,2.604500,42.434544,42.500000,39.505001,,41.369999,25.340000,10.662293,24.679998,25.840000,,17.750000,42.750000,74.105309,,17.150000,45.740002,152.687057,98.730003,45.849998,35.889999,22.090000,10.694823,89.110901,38.099998,,56.299137,24.905001,50.099998,21.650702,25.330000,32.230000,69.598663,28.389999,,,43.602909,41.980286,46.700001,34.914612,49.895000,35.849998,,45.650002,,37.230000,68.839996,,,30.490000,,10.712980,,28.840000,18.046667,40.910000,36.758892,,0.417143,1381.800049,2.512000,42.233227,42.860001,39.525002,,40.924999,25.385000,10.930959,25.080215,26.340000,,17.959999,43.025002,75.731049,,17.100000,46.270000,154.556107,98.750000,45.419998,35.599998,22.250000,11.212534,88.948372,38.669998,,55.743050,25.059999,51.250000,21.729940,25.500000,32.299999,69.130432,28.160000,,,43.765541,41.854839,46.009998,34.582542,49.564999,36.110001,,45.270000,,37.090000,68.800003,,,31.850000,,10.614717,,28.825001,17.753332,40.900002,37.312252,
2004-01-09,0.414821,1376.000000,2.488500,41.883106,42.799999,39.500000,,40.525002,25.264999,10.824742,24.794346,25.980000,,17.934999,42.950001,75.123634,,16.490000,46.009998,151.680649,98.739998,45.029999,35.400002,22.400000,11.103542,87.715103,38.400002,,55.397892,25.059999,51.250000,21.580786,25.280001,32.310001,68.854515,28.030001,,,43.458351,41.559139,45.759998,34.278938,49.439999,36.299999,,44.389999,,36.680000,69.400002,,,31.110001,,10.603291,,28.674999,17.716667,40.450001,36.916996,,0.410714,1382.599976,2.579500,41.918118,42.639999,39.174999,,40.224998,25.245001,10.984067,24.939186,26.480000,,17.700001,42.560001,73.390694,,16.559999,46.099998,152.399506,97.500000,45.660000,35.689999,22.500000,10.971844,87.198853,38.759998,,55.982742,24.795000,51.549999,21.510870,25.150000,32.099998,68.896324,27.660000,,,43.774574,41.774193,45.770000,34.212524,49.820000,36.029999,,44.360001,,36.750000,69.410004,,,31.780001,,10.644424,,28.690001,17.466667,40.290001,36.785244,
2004-01-12,0.415179,1386.000000,2.580500,41.918118,42.639999,39.099998,,40.549999,25.290001,11.027804,25.003983,26.580000,,17.740000,42.660000,73.086983,,16.520000,46.470001,153.118378,97.599998,45.520000,35.630001,22.799999,10.990009,87.198853,38.500000,,55.733459,24.750000,51.450001,21.510870,25.030001,32.000000,69.013374,27.670000,,,43.864925,41.783154,46.049999,34.155598,49.740002,35.980000,,44.360001,,36.599998,69.269997,,,31.780001,,10.653565,,28.690001,17.533333,40.700001,36.653492,,0.423750,1410.000000,2.647500,41.751808,42.410000,39.250000,,41.224998,25.180000,11.046548,25.049723,27.030001,,17.580000,42.349998,74.212502,,16.410000,45.875000,153.789322,97.779999,45.549999,35.200001,22.400000,11.207993,87.523903,38.790001,,56.164909,25.004999,50.880001,21.622734,25.110001,32.029999,69.540131,27.570000,,,43.819752,41.711472,45.830002,33.785580,50.125000,36.669998,,44.450001,,36.400002,69.480003,,,32.799999,,10.859232,,28.480000,17.503332,40.860001,36.969696,
2004-01-13,0.441071,1410.000000,2.633500,41.839340,42.299999,39.125000,,41.474998,25.375000,11.068416,25.053534,27.070000,,19.190001,42.424999,74.498344,,16.219999,46.000000,153.405914,97.849998,45.470001,35.439999,22.010000,11.217075,87.428299,38.799999,,55.838924,24.879999,50.830002,21.599430,25.020000,32.000000,69.439796,27.549999,,,43.819752,42.025089,45.779999,33.776093,50.009998,36.500000,,42.750000,,36.310001,69.199997,,,32.570000,,10.980347,,28.389999,17.463333,40.869999,36.890648,,0.430714,1389.800049,2.745500,41.900612,42.240002,39.150002,,41.250000,25.290001,11.096532,25.110706,26.889999,,18.105000,42.349998,73.694405,,16.280001,46.075001,151.488953,97.669998,45.220001,35.080002,21.940001,11.017257,85.755257,38.900002,,54.995205,24.855000,50.900002,21.534176,24.639999,31.299999,69.297661,27.430000,,,44.068214,41.836918,45.639999,33.339657,49.849998,37.500000,,42.180000,,36.290001,68.519997,,,32.189999,,11.471664,,28.139999,17.586666,40.680000,36.231884,
2004-01-14,0.435714,1389.800049,2.731000,41.970634,42.599998,39.154999,,41.235001,25.424999,11.165261,25.080215,27.020000,,18.174999,42.349998,73.801598,,16.180000,46.075001,152.351578,97.500000,44.950001,35.080002,21.740000,11.135332,85.946465,39.080002,,55.186962,24.860001,50.980000,21.604092,24.799999,31.299999,69.506691,27.520000,,,44.217289,42.132614,45.610001,32.969639,49.875000,37.500000,,41.799999,,36.189999,68.980003,,,32.459999,,11.197441,,28.250000,17.586666,40.580002,36.231884,,0.432143,1392.199951,2.790000,42.670876,43.110001,39.625000,,41.849998,25.209999,11.196501,25.202185,27.400000,,18.155001,42.799999,73.319237,,16.180000,46.529999,153.358002,99.379997,45.459999,35.470001,21.830000,11.217075,86.338432,39.220001,,55.254074,24.900000,51.480000,21.692652,25.070000,31.570000,69.983276,27.700001,,,44.610313,42.168461,45.740002,33.349148,50.014999,36.990002,,42.700001,,36.630001,69.500000,,,32.480000,,11.453382,,28.165001,17.713333,40.680000,36.231884,
2004-01-15,0.409107,1392.199951,2.736500,42.802170,43.200001,39.654999,,42.000000,25.260000,11.227741,25.213619,27.350000,,18.155001,42.939999,73.605080,,16.180000,46.424999,153.693466,100.400002,44.660000,35.529999,21.290001,11.353315,90.889099,39.849998,,55.129433,24.700001,51.700001,21.720617,25.150000,31.570000,69.983276,27.549999,,,44.619347,41.666668,45.950001,33.273247,49.955002,37.099998,,42.509998,,36.590000,69.000000,,,32.480000,,11.425960,,28.264999,17.723333,40.680000,36.231884,,0.408036,1391.000000,2.809000,43.484905,43.040001,39.340000,,41.689999,25.525000,11.165261,24.691433,27.160000,,18.400000,42.215000,72.693947,,16.049999,46.165001,153.358002,101.139999,44.549999,35.430000,21.160000,11.489555,89.885277,38.919998,,54.937679,24.865000,51.200001,21.767229,25.150000,31.340000,70.484947,27.540001,,,44.601276,41.308243,45.500000,33.036053,49.755001,37.549999,,42.090000,,36.299999,68.750000,,,33.650002,,11.304845,,28.250000,17.830000,40.279999,36.047432,
2004-01-16,0.408750,1396.000000,2.813500,43.484905,43.450001,39.349998,,42.000000,25.725000,11.399563,24.737171,27.900000,,18.434999,42.220001,73.229912,,16.110001,46.165001,155.274963,101.150002,44.650002,35.799999,22.000000,11.657584,90.822182,39.000000,,55.033558,24.865000,51.480000,21.785873,25.100000,31.240000,71.028427,27.709999,,,44.700665,40.958782,45.509998,33.111954,49.985001,37.799999,,41.599998,,37.230000,68.550003,,,33.869999,,11.304845,,28.250000,17.883333,40.349998,36.179184,,0.405714,1396.199951,2.786000,43.686222,44.009998,39.509998,,42.070000,25.615000,11.208997,24.821028,29.129999,,18.250000,42.360001,73.444290,,16.129999,46.889999,159.827789,100.480003,44.849998,34.939999,22.000000,11.589464,91.128105,39.270000,,55.052734,24.940001,51.509998,21.674007,25.309999,31.620001,71.471573,27.809999,,,45.306007,40.869175,45.389999,33.206833,49.500000,37.450001,,41.700001,,37.099998,68.949997,,,33.529999,,11.487660,,28.594999,17.826668,40.500000,35.625824,
2004-01-20,0.404821,1391.199951,2.778500,43.633705,44.549999,39.625000,,41.799999,25.750000,11.237113,24.821028,29.350000,,18.105000,42.525002,72.354507,,16.250000,46.625000,161.744766,101.169998,45.220001,34.959999,22.299999,11.662125,91.778206,39.400002,,54.841801,24.850000,51.610001,21.627398,25.420000,31.620001,72.073578,27.980000,,,45.306007,41.514336,45.500000,33.225807,49.200001,37.099998,,42.500000,,37.189999,69.879997,,,33.740002,,11.487660,,28.565001,17.760000,40.500000,35.836628,,0.405893,1382.000000,2.830500,43.975071,43.180000,40.035000,,41.075001,25.540001,11.130897,25.373707,28.860001,,17.830000,43.014999,72.551025,,16.209999,46.915001,159.875717,100.400002,45.580002,35.009998,22.230000,11.385104,92.829826,39.090000,,54.669224,24.965000,50.740002,21.636719,25.170000,31.830000,67.232445,28.100000,,,45.174999,41.532257,46.049999,32.760910,49.334999,37.439999,,42.320000,,37.349998,69.730003,,,33.430000,,11.905850,,28.674999,17.650000,40.880001,35.388668,
2004-01-21,0.405357,1380.000000,2.808000,43.782505,43.230000,40.035000,,41.105000,25.650000,11.184005,25.373707,28.520000,,17.924999,43.099998,72.408104,,16.209999,46.625000,160.402878,100.300003,45.619999,35.150002,22.230000,11.321526,92.954109,39.090000,,54.458294,24.910000,50.750000,21.664684,25.320000,31.670000,67.683945,28.129999,,,45.174999,41.783154,46.000000,33.017078,49.099998,37.549999,,42.150002,,37.759998,68.550003,,,32.900002,,11.974406,,28.520000,17.633333,40.959999,35.388668,,0.403750,1400.599976,2.810000,44.115120,43.599998,40.924999,,41.700001,25.725000,11.287098,25.613836,28.600000,,18.165001,43.389999,73.783730,,16.440001,46.134998,162.223999,101.500000,45.810001,35.639999,22.299999,11.462307,93.403442,40.099998,,54.650047,24.889999,51.380001,21.636719,25.520000,31.809999,68.352844,28.299999,,,45.500259,42.069893,46.189999,33.804554,49.575001,37.700001,,41.980000,,38.110001,68.870003,,,32.310001,,11.940128,,28.920000,17.816668,41.430000,36.047432,
2004-01-22,0.402857,1415.000000,2.840500,43.983826,43.400002,40.924999,,41.775002,25.790001,11.237113,25.899706,28.540001,,18.190001,43.790001,73.605080,,16.440001,45.849998,162.847015,101.070000,45.500000,35.639999,22.230000,11.534968,93.537285,40.040001,,54.650047,24.764999,51.500000,21.534176,25.379999,31.690001,68.545151,28.360001,,,45.581573,42.177418,46.250000,34.582542,49.125000,37.700001,,43.209999,,39.070000,69.099998,,,32.410000,,11.830439,,28.850000,17.830000,41.430000,35.889328,,0.396071,1392.199951,2.859000,43.764999,42.900002,40.849998,,42.000000,25.620001,11.215245,25.686256,28.219999,,18.150000,43.575001,72.872604,,16.430000,45.985001,160.642502,100.680000,45.389999,35.930000,22.110001,11.575840,93.221794,39.939999,,54.141899,24.665001,50.970001,21.482903,25.389999,31.959999,68.653847,28.010000,,,45.319561,42.132614,46.540001,34.288425,49.615002,37.299999,,42.820000,,39.849998,69.750000,,,31.730000,,11.887569,,28.549999,17.726667,41.279999,35.283268,
2004-01-23,0.400357,1395.000000,2.855000,43.896294,42.849998,41.000000,,42.040001,25.665001,11.265230,25.690067,28.139999,,18.160000,43.584999,72.640350,,16.350000,46.075001,161.265518,101.080002,44.490002,36.049999,21.780001,11.603088,93.518166,39.939999,,54.467880,24.700001,50.680000,21.440952,25.340000,31.850000,69.105354,28.280001,,,45.396358,42.428314,46.500000,34.611008,49.740002,37.200001,,42.290001,,36.680000,69.650002,,,31.950001,,11.887569,,28.625000,17.826668,41.349998,35.256916,,0.402857,1376.800049,2.855500,43.729988,41.849998,40.634998,,42.084999,25.495001,11.077788,25.674822,27.330000,,18.145000,43.450001,71.925743,,15.830000,45.814999,159.156845,99.500000,44.119999,35.919998,21.580000,11.489555,93.594643,39.599998,,54.218601,25.020000,50.779999,21.343071,25.250000,31.180000,68.528427,28.480000,,,45.003334,42.043011,46.549999,34.288425,49.180000,37.299999,,42.060001,,37.009998,68.769997,,,30.969999,,11.992687,,28.420000,18.070000,41.040001,35.915680,
2004-01-26,0.401071,1376.000000,2.840000,43.729988,41.849998,40.575001,,41.849998,25.674999,11.015308,25.613836,27.389999,,18.145000,43.424999,71.818550,,15.830000,45.840000,160.450806,99.419998,44.520000,35.889999,21.299999,11.489555,93.594643,39.450001,,54.889740,24.950001,50.830002,21.343071,25.280001,31.299999,68.528427,28.490000,,,45.003334,42.096775,46.130001,34.297913,48.974998,37.349998,,42.430000,,34.820000,68.889999,,,31.200001,,11.985832,,28.400000,18.073334,41.049999,35.704876,,0.410893,1392.599976,2.851500,44.596535,42.439999,41.119999,,42.505001,25.695000,11.262106,25.888269,28.200001,,18.330000,43.799999,72.693947,,15.960000,47.209999,163.613815,102.279999,45.070000,36.299999,21.500000,11.861944,95.458893,40.259998,,56.088207,25.094999,51.599998,21.240526,25.280001,32.480000,68.954849,28.799999,,,45.662891,42.016129,46.790001,34.952560,49.915001,37.040001,,42.759998,,34.299999,68.879997,,,31.990000,,12.214351,,29.020000,18.203333,41.549999,36.758892,
2004-01-27,0.411429,1383.000000,2.836500,44.596535,42.299999,41.150002,,42.849998,25.725000,11.199625,25.842531,28.250000,,18.350000,43.805000,72.711815,,15.850000,47.209999,164.140976,102.190002,44.220001,35.919998,21.299999,11.793824,95.028679,40.150002,,55.733459,25.020000,50.000000,21.040100,25.520000,32.009998,69.122070,28.639999,,,45.599644,41.953403,47.029999,34.952560,49.775002,37.150002,,42.880001,,34.540001,67.650002,,,31.850000,,12.358318,,29.020000,18.166668,41.430000,38.866928,,0.411964,1369.000000,2.787000,44.185143,41.939999,41.000000,,41.000000,25.629999,10.999688,25.808228,27.500000,,18.174999,43.849998,72.497429,,15.940000,46.599998,163.853439,101.050003,44.439999,35.939999,21.150000,11.634877,94.455070,40.029999,,56.184086,24.995001,50.200001,21.105356,25.450001,32.130001,68.645485,28.250000,,,45.206623,42.114697,46.450001,34.345352,49.590000,37.049999,,42.430000,,34.590000,67.059998,,,30.500000,,12.324040,,28.705000,18.143333,41.189999,39.920948,
2004-01-28,0.407857,1379.000000,2.682000,44.535263,41.950001,41.099998,,40.650002,25.525000,10.971571,25.712938,27.840000,,18.240000,43.849998,72.497429,,16.010000,46.849998,164.380600,101.300003,44.500000,36.119999,21.100000,11.653043,94.789673,40.000000,,56.232021,24.900000,50.200001,21.068068,25.549999,32.139999,68.770905,28.299999,,,45.206623,42.051971,47.400002,34.392788,49.590000,36.950001,,42.520000,,34.779999,68.349998,,,30.799999,,12.397166,,28.700001,18.146667,41.400002,39.288540,,0.402143,1362.000000,2.598000,43.546173,41.540001,40.250000,,39.810001,25.424999,10.606061,25.278418,26.780001,,17.895000,43.365002,73.426430,,15.580000,46.224998,161.792679,98.300003,44.230000,34.840000,20.900000,11.026340,93.097511,39.119999,,55.608822,24.695000,49.750000,20.639248,24.860001,32.060001,66.889633,27.709999,,,44.660004,41.487453,46.250000,34.013283,49.310001,36.619999,,41.880001,,34.619999,67.599998,,,30.700001,,12.417733,,28.530001,17.756666,40.810001,38.945984,
2004-01-29,0.404107,1370.000000,2.602000,43.975071,42.500000,40.500000,,40.000000,25.525000,10.662293,25.373707,27.059999,,17.900000,43.575001,76.374207,,15.200000,46.500000,162.942871,99.250000,43.840000,35.049999,20.790001,11.194369,93.785851,39.169998,,56.088207,24.625000,49.790001,20.643909,25.299999,32.110001,66.906357,27.809999,,,44.700665,41.801075,46.639999,34.108158,49.400002,36.630001,,41.820000,,34.560001,67.349998,,,30.990000,,12.431444,,28.629999,17.793333,41.459999,38.998680,,0.405000,1385.400024,2.461000,44.596535,42.299999,40.459999,,38.630001,25.975000,10.809122,25.392765,25.959999,,17.745001,43.654999,73.712273,,14.840000,46.830002,163.086639,99.400002,44.049999,35.599998,20.860001,11.026340,93.699806,39.049999,,56.567593,24.795000,49.270000,21.128660,25.500000,32.139999,66.488297,27.910000,,,44.587727,41.621864,47.020000,34.829224,50.500000,36.919998,,41.139999,,34.060001,66.800003,,,30.590000,,12.246344,,28.920000,18.160000,41.470001,38.972332,
2004-01-30,0.404464,1385.400024,2.474500,44.596535,42.000000,40.400002,,38.525002,26.110001,10.699781,25.396576,26.370001,,17.674999,43.654999,73.962387,,14.400000,46.799999,162.271927,99.410004,44.049999,35.450001,20.900000,10.921889,93.709366,39.049999,,56.605946,24.549999,49.250000,21.049423,25.400000,32.340000,66.220734,27.840000,,,44.474789,40.618279,46.950001,34.648956,50.250000,36.599998,,41.060001,,35.299999,66.050003,,,30.340000,,11.962980,,28.920000,18.083332,41.150002,38.023716,,0.402857,1389.000000,2.520000,45.375553,41.750000,40.730000,,39.064999,25.635000,10.652921,25.110706,25.709999,,17.860001,43.174999,74.944977,,14.540000,45.715000,161.169662,99.550003,44.000000,35.470001,21.340000,10.803815,94.866158,38.889999,,56.625118,24.620001,48.619999,20.690519,25.740000,32.209999,66.128761,27.650000,,,43.688744,40.456989,47.259998,34.753323,50.540001,36.799999,,41.459999,,35.660000,66.400002,,,31.350000,,12.093236,,28.705000,17.950001,40.790001,38.577076,
2004-02-02,0.401071,1392.000000,2.532500,45.419315,41.669998,40.730000,,39.125000,25.639999,10.690409,25.114519,26.110001,,18.025000,43.160000,74.141037,,14.100000,46.000000,161.457214,99.230003,43.560001,35.470001,21.340000,10.858311,94.789673,39.099998,,56.625118,24.500000,48.639999,20.639248,25.820000,32.119999,65.961540,27.610001,,,43.955276,40.546597,47.500000,35.000000,50.404999,36.799999,,40.790001,,35.240002,67.849998,,,31.420000,,12.054388,,28.820000,18.066668,41.259998,38.814228,,0.398571,1417.599976,2.413500,45.988262,42.540001,40.775002,,38.744999,25.170000,10.649797,25.274605,26.200001,,18.375000,43.095001,74.462616,,13.950000,45.595001,161.169662,99.809998,43.580002,35.290001,21.070000,10.944596,95.019119,39.009998,,56.778522,24.805000,48.660000,20.727810,25.990000,32.549999,65.217392,27.400000,,,44.357334,40.716846,47.939999,35.493359,50.840000,36.299999,,40.590000,,34.849998,67.750000,,,30.910000,,12.276051,,28.780001,18.230000,40.689999,38.814228,
2004-02-03,0.398214,1417.599976,2.409500,45.953251,42.540001,40.700001,,38.724998,25.170000,10.699781,25.137388,26.379999,,18.400000,43.000000,74.534073,,13.890000,45.595001,161.313446,99.769997,43.759998,35.049999,21.200001,10.944596,94.646271,39.099998,,56.711411,24.730000,48.349998,20.741793,25.860001,32.610001,66.137123,27.400000,,,44.565140,40.797489,48.130001,35.512333,50.650002,36.450001,,41.209999,,35.049999,67.500000,,,30.410000,,12.145795,,28.860001,18.230000,40.799999,38.735180,,0.397500,1414.800049,2.247000,45.962002,43.099998,40.755001,,38.520000,25.924999,10.556076,25.087837,26.410000,,18.174999,42.924999,73.229912,,13.720000,45.959999,159.156845,101.150002,44.490002,35.049999,21.209999,10.858311,95.602295,39.130001,,56.663471,24.915001,48.369999,20.769758,26.150000,33.150002,65.969902,27.290001,,,44.271500,40.519714,47.650002,35.777988,51.009998,36.060001,,41.820000,,34.930000,67.629997,,,30.760000,,12.244059,,28.980000,18.336666,40.410000,37.786560,
2004-02-04,0.392857,1401.000000,2.240500,45.743179,43.099998,40.560001,,38.125000,26.200001,10.524836,25.091650,24.900000,,18.125000,42.849998,72.801140,,13.560000,46.500000,158.437973,101.150002,44.299999,35.049999,20.750000,10.722071,95.009560,39.119999,,56.232021,24.715000,48.369999,20.676537,26.350000,33.160000,65.969902,27.219999,,,44.271500,40.985664,47.349998,35.815941,50.994999,35.650002,,41.200001,,35.099998,64.750000,,,30.750000,,12.225777,,28.639999,18.316668,40.049999,37.338604,,0.389107,1403.000000,2.269500,45.743179,43.560001,40.849998,,37.950001,26.879999,10.471728,24.874390,24.080000,,18.320000,42.575001,73.694405,,13.890000,46.775002,159.013077,99.750000,45.090000,35.459999,20.740000,10.531335,95.783936,38.919998,,56.826462,24.875000,48.799999,20.765097,26.410000,33.480000,66.429764,27.010000,,,44.768425,41.299282,47.599998,36.309299,51.599998,35.810001,,40.799999,,35.080002,64.650002,,,30.070000,,12.102377,,28.549999,18.463333,40.349998,37.602108,
2004-02-05,0.389643,1404.000000,2.301500,45.568119,43.630001,40.849998,,37.900002,27.000000,10.468604,24.965866,24.400000,,18.225000,42.650002,73.694405,,14.000000,47.125000,159.636093,99.769997,45.200001,35.500000,21.139999,10.531335,95.602295,39.110001,,56.826462,24.799999,48.799999,20.998152,26.230000,33.340000,66.137123,27.059999,,,44.836189,41.854839,48.450001,36.480076,51.334999,36.049999,,41.840000,,36.410000,67.000000,,,30.450001,,12.202925,,28.584999,18.613333,40.480000,37.549408,,0.400357,1426.599976,2.302000,45.585625,44.360001,41.000000,,38.160000,27.309999,10.406123,24.882011,23.820000,,18.045000,42.514999,74.873520,,14.150000,47.755001,160.642502,98.839996,44.970001,35.500000,21.240000,10.585831,94.512428,38.959999,,57.392139,25.190001,49.700001,21.096033,26.700001,33.700001,66.053513,26.959999,,,45.676441,41.424732,48.549999,36.432636,51.345001,35.549999,,42.049999,,36.209999,67.529999,,,30.030001,,12.191499,,28.530001,18.750000,40.380001,38.208168,
2004-02-06,0.400893,1424.800049,2.305500,45.821957,44.360001,41.000000,,38.200001,27.325001,10.459231,24.794346,24.049999,,18.025000,42.424999,74.587669,,14.200000,47.564999,159.444397,99.290001,44.810001,35.599998,21.080000,10.563124,94.502869,39.000000,,57.459251,25.125000,49.680000,21.068068,27.200001,33.700001,66.053513,27.030001,,,45.784863,42.043011,49.000000,36.290321,51.250000,35.650002,,41.849998,,36.599998,67.550003,,,30.200001,,12.152651,,28.715000,18.833332,40.230000,38.076416,,0.405536,1443.599976,2.317500,46.443417,44.349998,41.380001,,39.250000,27.400000,10.427991,25.167881,24.740000,,18.059999,42.709999,75.159363,,14.280000,48.439999,159.013077,101.339996,44.759998,36.330002,21.299999,10.799273,94.588913,39.730000,,56.912750,25.495001,49.389999,21.315104,27.160000,33.189999,66.730766,27.080000,,,46.358585,42.204300,50.209999,36.859585,51.180000,36.750000,,42.459999,,36.860001,68.699997,,,31.309999,,12.063528,,28.980000,19.193333,40.509998,39.868248,
2004-02-09,0.403929,1449.000000,2.337500,46.259605,44.200001,41.200001,,39.230000,27.480000,10.465480,25.175505,24.850000,,18.065001,42.740002,75.212959,,14.110000,48.174999,159.827789,101.339996,44.750000,36.330002,21.000000,10.853769,94.942642,39.849998,,56.912750,25.549999,49.450001,21.184593,26.930000,33.009998,66.722404,27.190001,,,46.358585,42.473118,50.000000,36.527515,50.930000,36.840000,,42.790001,,36.130001,67.019997,,,31.469999,,12.084095,,28.799999,19.016666,40.310001,40.052700,,0.404821,1436.599976,2.293000,46.487183,43.959999,40.840000,,38.834999,27.459999,10.387379,25.221243,24.670000,,17.950001,42.889999,74.659134,,14.160000,48.189999,157.623260,101.870003,44.599998,36.169998,20.980000,10.790191,94.598473,39.509998,,57.526367,26.200001,49.270000,21.235867,26.910000,33.099998,66.379601,26.900000,,,46.340515,42.249104,49.939999,36.138519,51.275002,37.099998,,42.529999,,36.130001,66.739998,,,31.219999,,12.248629,,28.844999,19.106667,40.730000,39.683792,
2004-02-10,0.403929,1436.599976,2.292500,46.390900,43.820000,40.849998,,38.770000,27.535000,10.434239,25.225056,24.620001,,17.875000,42.790001,75.391609,,14.100000,48.145000,158.965149,101.650002,44.900002,36.299999,21.120001,10.785649,94.120461,39.430000,,57.526367,26.174999,49.250000,20.625265,26.780001,33.099998,66.513374,26.870001,,,46.214024,42.410393,50.220001,36.043644,51.099998,36.500000,,42.660000,,36.029999,67.400002,,,31.260000,,12.237203,,28.775000,19.049999,40.580002,39.683792,,0.410357,1470.000000,2.279500,46.259605,43.770000,40.810001,,38.279999,27.500000,10.599813,25.472809,24.780001,,17.920000,43.270000,75.391609,,14.390000,48.150002,155.754211,102.180000,45.220001,36.049999,21.459999,10.953678,95.229446,39.480000,,57.372963,26.084999,49.180000,20.821030,26.780001,33.020000,67.934784,27.020000,,,46.561874,42.517921,50.790001,36.091084,51.174999,36.220001,,43.139999,,36.270000,67.599998,,,31.350000,,12.404022,,28.785000,19.176666,41.090000,39.525692,
2004-02-11,0.412321,1461.000000,2.293000,46.084545,43.599998,40.660000,,38.154999,27.625000,9.800062,25.457561,24.830000,,17.870001,43.285000,75.034302,,14.460000,47.875000,155.754211,103.599998,45.080002,36.099998,21.459999,11.094460,94.837479,39.580002,,57.209972,25.799999,49.700001,20.704502,26.770000,32.970001,67.516724,26.969999,,,46.598015,42.383514,50.500000,35.958256,51.090000,36.250000,,43.349998,,35.849998,67.599998,,,31.299999,,12.431444,,28.719999,19.233334,41.009998,39.367588,,0.425000,1487.000000,2.357000,47.012363,44.490002,40.994999,,39.480000,27.535000,9.756326,26.044544,24.240000,,18.065001,43.785000,77.946350,,14.640000,47.935001,158.533829,107.089996,45.150002,36.830002,21.620001,10.826521,95.564056,40.270000,,58.446789,25.900000,49.299999,20.788403,27.049999,33.180000,68.060204,27.150000,,,46.950378,42.688171,51.099998,36.195446,51.599998,37.049999,,44.049999,,36.490002,68.000000,,,31.620001,,12.657678,,29.100000,19.023333,41.919998,39.604744,
2004-02-12,0.421607,1482.199951,2.346500,46.933586,44.299999,40.875000,,39.375000,27.514999,9.825055,25.998806,24.190001,,18.350000,43.779999,77.356796,,14.690000,47.775002,158.869293,107.330002,42.799999,36.770000,21.490000,10.899183,95.659653,40.220001,,58.197506,25.660000,49.400002,20.699842,26.930000,33.180000,68.060204,27.090000,,,46.950378,42.383514,50.750000,36.053131,51.480000,37.049999,,44.049999,,35.509998,66.599998,,,31.320000,,12.637112,,29.049999,18.923332,41.779999,39.683792,,0.423750,1498.199951,2.353000,46.697254,44.369999,40.825001,,39.345001,27.530001,9.390815,26.029299,24.049999,,19.115000,43.709999,78.303658,,14.550000,48.110001,157.479492,107.400002,43.389999,36.570000,21.400000,10.404178,94.933075,40.360001,,57.852348,25.770000,49.320000,20.816368,26.680000,33.099998,67.709030,26.950001,,,46.823887,42.383514,50.919998,35.796963,51.195000,36.840000,,44.139999,,35.500000,66.550003,,,31.299999,,12.728519,,28.700001,18.993334,41.910000,40.210804,
2004-02-13,0.425893,1499.599976,2.364500,46.741020,44.200001,41.025002,,39.250000,27.530001,9.434552,26.075039,24.230000,,19.115000,43.590000,77.892754,,14.490000,47.994999,158.150436,107.349998,42.450001,36.599998,21.389999,10.603996,94.741875,40.470001,,58.101631,25.990000,49.000000,20.890945,26.610001,33.150002,67.767555,26.980000,,,46.823887,42.293907,50.650002,35.721062,51.375000,36.799999,,44.320000,,35.740002,67.900002,,,31.430000,,12.774223,,28.750000,19.110001,41.889999,40.579708,,0.410714,1494.400024,2.319000,46.959846,44.450001,40.785000,,38.709999,27.514999,9.340831,26.158894,24.059999,,18.750000,43.259998,77.338928,,14.360000,47.970001,156.808548,105.849998,42.520000,36.169998,21.360001,10.449591,95.325050,40.160000,,58.139980,25.570000,49.400002,20.755775,26.629999,32.939999,66.622070,26.590000,,,46.823887,42.231182,50.520000,35.464897,51.025002,36.250000,,43.459999,,35.299999,68.000000,,,30.770000,,12.726234,,28.684999,18.773333,41.910000,39.657444,
2004-02-17,0.412500,1500.000000,2.307000,46.846058,44.599998,40.900002,,39.325001,27.700001,9.440800,26.280863,24.459999,,18.990000,43.625000,76.820839,,14.400000,48.095001,158.533829,106.650002,42.049999,36.259998,21.740000,10.603996,95.592735,40.419998,,58.724831,25.650000,49.520000,20.755775,26.790001,33.250000,67.224083,26.719999,,,46.643188,42.222221,50.580002,35.806454,51.240002,36.500000,,43.230000,,36.000000,69.000000,,,30.980000,,12.783364,,28.805000,19.126667,42.200001,40.184452,,0.413571,1502.400024,2.276500,46.986103,44.599998,40.930000,,39.759998,27.674999,9.606373,26.440950,24.250000,,18.750000,43.660000,77.053085,,14.580000,48.275002,158.390060,106.919998,42.849998,36.299999,21.809999,10.622162,95.000000,40.660000,,58.475552,25.570000,49.009998,20.685860,27.000000,33.689999,67.157188,26.990000,,,47.076866,42.132614,51.000000,35.815941,51.560001,36.299999,,43.330002,,35.930000,69.330002,,,31.170000,,13.002742,,28.700001,19.173332,42.230000,40.316208,
2004-02-18,0.413929,1502.599976,2.268000,46.994858,44.900002,40.825001,,39.610001,27.799999,9.637613,26.261805,24.370001,,18.750000,43.700001,76.910164,,14.530000,48.040001,158.390060,107.160004,42.599998,36.549999,21.520000,10.735695,94.942642,40.669998,,58.475552,25.570000,48.990002,20.685860,27.000000,33.720001,67.056854,26.900000,,,47.140114,41.890682,50.799999,35.578747,51.709999,36.049999,,43.290001,,35.939999,69.400002,,,31.480000,,13.002742,,28.700001,19.200001,42.110001,40.447960,,0.415357,1487.199951,2.243500,46.741020,44.590000,40.785000,,39.455002,27.750000,9.621993,25.987371,24.090000,,18.565001,43.310001,77.714104,,14.390000,47.884998,156.952332,106.900002,42.490002,35.889999,21.410000,10.676658,94.091782,40.480000,,58.283798,25.620001,48.750000,20.499416,27.049999,33.619999,66.605354,26.770000,,,46.882614,41.362007,51.270000,35.493359,51.474998,36.580002,,42.590000,,35.520000,69.150002,,,31.440001,,12.863346,,28.475000,19.066668,41.799999,40.210804,
2004-02-19,0.416607,1491.199951,2.257500,46.959846,44.900002,40.785000,,39.625000,27.825001,9.668853,26.078850,24.230000,,18.625000,43.525002,77.678368,,14.450000,48.005001,158.150436,107.099998,43.299999,36.299999,21.610001,10.840145,94.091782,40.730000,,58.350910,25.575001,48.930000,20.639248,27.170000,33.720001,66.872910,26.920000,,,46.887135,41.129032,51.549999,35.730549,51.360001,36.410000,,43.029999,,36.060001,69.449997,,,31.950001,,12.863346,,28.549999,19.400000,41.900002,40.289856,,0.401250,1469.199951,2.232500,46.741020,44.520000,40.685001,,39.264999,28.250000,9.450172,26.059792,23.680000,,18.635000,43.290001,77.106682,,14.450000,47.630001,156.233459,105.769997,43.270000,35.560001,21.520000,10.835604,93.499046,40.820000,,59.367210,25.500000,48.459999,20.788403,27.250000,33.240002,66.137123,26.459999,,,47.072350,40.752689,51.330002,35.370018,51.215000,35.939999,,42.700001,,36.320000,68.860001,,,30.900000,,12.808501,,28.785000,19.459999,41.950001,38.708828,
2004-02-20,0.401786,1475.000000,2.240000,46.767281,44.650002,40.645000,,39.264999,28.325001,9.659481,26.223690,23.650000,,18.635000,43.575001,77.624779,,14.460000,47.630001,157.144028,106.349998,43.450001,35.750000,21.600000,10.762943,94.263863,40.820000,,59.664429,25.225000,48.650002,20.788403,27.230000,33.250000,66.371239,26.660000,,,47.388577,40.770611,51.500000,35.370018,51.369999,35.980000,,42.689999,,35.810001,68.779999,,,30.900000,,12.785649,,28.790001,19.566668,42.200001,38.998680,,0.400000,1472.800049,2.258500,46.530949,44.340000,40.669998,,38.410000,28.025000,9.428304,25.968313,23.190001,,18.240000,43.305000,76.499260,,14.170000,47.215000,156.712708,106.519997,43.020000,35.700001,21.600000,10.504087,93.030594,40.570000,,60.278046,25.469999,48.500000,20.718487,27.160000,33.200001,66.638794,26.570000,,,47.081387,40.412186,51.750000,35.360531,51.250000,36.209999,,41.810001,,35.220001,69.059998,,,30.620001,,12.735375,,28.445000,19.809999,42.029999,37.971012,
2004-02-23,0.398929,1480.000000,2.259000,46.478432,44.540001,40.700001,,38.599998,28.030001,9.428304,26.052168,23.170000,,18.240000,43.424999,76.642181,,14.170000,47.215000,156.952332,106.570000,42.889999,35.790001,22.000000,10.603996,93.116638,40.580002,,60.278046,25.275000,48.490002,20.788403,27.139999,33.200001,66.680603,26.730000,,,46.981998,40.412186,51.549999,35.360531,51.275002,36.209999,,42.080002,,35.369999,69.849998,,,30.620001,,12.714808,,28.625000,19.813334,42.230000,38.076416,,0.396250,1480.599976,2.198500,46.443417,43.619999,41.000000,,38.610001,28.004999,9.218994,26.242748,22.750000,,18.200001,44.169998,76.749374,,13.980000,46.759998,160.163254,106.669998,43.119999,35.380001,21.840000,10.404178,91.739960,40.310001,,61.073826,25.170000,47.720001,20.835012,27.770000,33.209999,67.257523,26.610001,,,46.051395,40.483871,52.090000,35.151802,51.785000,35.830002,,40.950001,,35.299999,69.419998,,,29.740000,,12.749086,,28.430000,20.016666,42.580002,37.496704,
2004-02-24,0.395357,1478.000000,2.196000,46.443417,43.299999,40.775002,,38.400002,27.930000,9.278351,26.166515,22.549999,,18.100000,44.174999,76.284874,,13.930000,46.759998,160.115326,105.650002,42.759998,35.790001,21.799999,10.331517,91.013382,40.099998,,60.661552,25.110001,47.599998,20.835012,27.780001,33.049999,67.098663,26.610001,,,45.852627,40.008961,51.900002,34.819733,51.759998,35.830002,,40.480000,,34.580002,68.349998,,,29.600000,,12.691956,,28.370001,19.983334,42.500000,37.364956,,0.399286,1476.000000,2.116000,46.548454,43.220001,40.724998,,38.349998,27.610001,9.315839,26.273239,23.049999,,18.049999,44.090000,76.534988,,13.590000,45.790001,159.492310,104.320000,43.080002,35.990002,21.660000,10.217984,92.533463,40.200001,,60.901245,24.889999,46.639999,21.058744,27.629999,33.250000,66.454849,26.879999,,,45.328594,40.430107,52.099998,35.265656,50.889999,35.500000,,40.790001,,34.459999,68.199997,,,29.910000,,12.803931,,28.360001,19.983334,42.310001,36.706192,
2004-02-25,0.397857,1449.199951,2.125000,46.434666,43.220001,40.750000,,38.325001,27.725000,9.372071,26.261805,23.160000,,18.075001,44.095001,76.534988,,13.590000,45.509998,159.588165,104.570000,42.900002,36.400002,21.440001,10.308810,92.256210,40.400002,,61.121765,24.799999,46.799999,21.054085,27.770000,33.349998,66.095322,26.900000,,,45.084648,39.874554,51.810001,35.170776,50.959999,35.450001,,40.669998,,34.549999,67.599998,,,30.180000,,12.774223,,28.320000,19.916668,42.450001,37.022400,,0.407321,1488.000000,2.147000,46.898575,43.820000,40.855000,,38.590000,27.500000,9.350203,26.216066,23.580000,,18.525000,43.919998,78.160736,,13.660000,46.380001,158.006653,105.820000,43.080002,36.410000,21.379999,10.331517,92.294456,40.349998,,61.927132,24.825001,46.990002,20.974846,27.940001,33.139999,65.693977,26.700001,,,46.060429,40.053764,52.099998,35.341557,51.345001,35.750000,,40.599998,,34.410000,67.610001,,,30.660000,,13.196984,,28.615000,19.959999,42.650002,37.154148,
2004-02-26,0.408571,1487.000000,2.160000,46.697254,43.000000,40.805000,,38.500000,27.490000,9.309591,26.090284,23.510000,,18.504999,43.924999,77.124542,,13.570000,46.025002,156.808548,105.830002,42.860001,36.419998,21.469999,10.331517,92.036331,40.349998,,61.706615,24.820000,46.759998,20.974846,27.780001,33.180000,65.484947,26.590000,,,45.861660,39.157707,51.849998,35.151802,51.200001,35.759998,,39.080002,,34.090000,67.860001,,,30.660000,,13.139854,,28.600000,19.840000,42.619999,37.891964,,0.411429,1488.400024,2.182500,46.732265,42.439999,41.000000,,38.974998,27.735001,9.356451,26.242748,23.350000,,18.420000,44.055000,77.070953,,13.660000,45.974998,156.568924,106.290001,42.720001,36.840000,21.450001,10.544959,92.533463,40.560001,,62.118889,24.915001,46.540001,20.853659,28.299999,33.259998,65.367889,26.500000,,,45.825520,39.426521,51.740002,35.227703,51.535000,36.299999,,39.750000,,34.349998,68.199997,,,31.250000,,13.487203,,28.625000,19.799999,42.310001,37.285904,
2004-02-27,0.410000,1486.000000,2.178500,46.653488,42.650002,40.950001,,38.849998,27.775000,9.362699,26.242748,23.490000,,18.100000,44.150002,77.070953,,13.620000,45.980000,156.952332,106.790001,42.330002,37.000000,21.799999,10.585831,92.543022,40.660000,,62.138062,24.559999,46.610001,20.476110,27.309999,33.160000,65.426422,26.469999,,,45.825520,39.516129,51.880001,35.142315,51.400002,36.150002,,39.630001,,34.340000,69.000000,,,31.200001,,13.484918,,28.200001,19.799999,42.459999,34.782608,,0.427143,1480.000000,2.150500,46.758526,43.369999,40.959999,,37.875000,27.725000,9.356451,26.250372,23.160000,,18.750000,44.174999,77.660507,,13.750000,46.060001,155.850067,105.870003,42.619999,36.310001,21.809999,10.313351,92.256210,41.020000,,62.013424,24.980000,46.279999,20.802385,28.299999,33.790001,65.234116,26.530001,,,45.676441,39.560932,51.900002,34.772297,51.255001,36.840000,,39.599998,,34.299999,69.129997,,,30.650000,,13.711152,,28.674999,19.853333,42.169998,37.259552,
2004-03-01,0.430357,1487.000000,2.151000,46.758526,43.380001,41.070000,,38.000000,27.825001,9.459544,26.505747,23.250000,,18.799999,44.375000,77.749832,,13.880000,46.189999,156.664780,107.300003,42.529999,36.580002,21.950001,10.399637,92.256210,41.230000,,62.032597,24.865000,46.099998,20.965525,28.400000,33.709999,65.610367,26.629999,,,46.010738,40.107529,51.910000,35.237190,51.290001,37.049999,,40.270000,,34.500000,70.599998,,,30.650000,,13.722578,,28.875000,19.889999,42.580002,37.259552,,0.428929,1481.800049,2.148500,46.959846,43.770000,41.064999,,38.419998,28.120001,9.465792,26.909775,23.530001,,18.844999,45.134998,78.196465,,13.990000,45.830002,157.144028,107.349998,42.560001,36.840000,21.980000,10.445050,92.772469,41.529999,,62.348991,24.809999,46.230000,20.876963,28.410000,34.220001,65.869568,26.700001,,,46.155296,40.098564,52.160000,35.009487,51.930000,37.400002,,40.240002,,34.599998,70.699997,,,31.020000,,13.861974,,28.815001,20.150000,42.520000,37.628456,
2004-03-02,0.428571,1481.800049,2.136500,46.697254,43.549999,41.080002,,38.125000,28.049999,9.531396,26.681080,23.530001,,18.850000,44.884998,78.196465,,13.990000,45.955002,157.814957,106.900002,42.119999,36.770000,22.049999,10.535876,93.307838,41.419998,,62.320229,24.700001,46.500000,20.802385,28.320000,34.340000,66.011703,26.610001,,,46.055912,39.802868,51.849998,34.829224,51.930000,37.250000,,39.740002,,34.279999,70.599998,,,31.400000,,13.859689,,28.850000,20.133333,42.200001,37.812912,,0.425179,1478.400024,2.100500,46.749771,43.330002,41.250000,,38.794998,28.065001,9.350203,26.505747,23.030001,,18.565001,44.639999,77.053085,,14.120000,45.840000,155.706284,106.400002,42.080002,37.029999,22.370001,10.376930,92.562141,41.669998,,62.138062,24.639999,45.639999,20.737131,28.420000,34.000000,65.476585,26.389999,,,45.089169,39.560932,52.299999,34.772297,51.060001,37.000000,,39.450001,,34.090000,71.120003,,,31.280001,,13.462066,,28.660000,19.850000,42.040001,37.444004,
2004-03-03,0.421429,1472.000000,2.093000,46.697254,43.070000,40.950001,,38.799999,27.924999,9.375195,26.509558,22.950001,,18.575001,44.645000,76.820839,,14.110000,45.845001,155.562515,106.400002,41.599998,36.910000,22.250000,10.358765,92.323135,41.680000,,61.975071,24.500000,45.310001,20.741793,28.379999,34.000000,65.484947,26.350000,,,45.039474,38.978497,52.299999,34.772297,50.830002,37.000000,,39.349998,,33.330002,70.349998,,,31.290001,,13.379799,,28.660000,19.850000,42.029999,37.496704,,0.427143,1494.000000,2.158500,46.819798,43.060001,41.310001,,38.660000,28.155001,9.497032,26.578167,22.700001,,18.799999,44.915001,76.820839,,13.880000,45.825001,157.431564,106.510002,41.950001,37.049999,22.260000,10.431426,92.581261,42.099998,,61.792904,24.570000,45.270000,20.793064,28.889999,33.639999,66.011703,26.370001,,,44.949123,39.444443,52.430000,35.066414,51.230000,37.250000,,39.889999,,33.619999,70.599998,,,30.740000,,13.544333,,28.875000,20.120001,41.900002,37.523056,
2004-03-04,0.427321,1491.400024,2.156000,46.741020,42.869999,41.200001,,38.535000,28.174999,9.556389,26.581978,22.719999,,18.750000,44.915001,76.856567,,13.840000,45.650002,156.712708,107.029999,41.560001,37.150002,22.350000,10.399637,92.332695,42.000000,,61.668266,24.450001,45.349998,20.788403,28.850000,33.599998,66.061874,26.330000,,,44.917503,39.032257,52.200001,35.123341,51.180000,37.099998,,39.900002,,33.580002,70.000000,,,30.719999,,13.544333,,28.900000,20.270000,41.799999,37.549408,,0.449286,1499.599976,2.219500,46.706009,42.630001,41.060001,,38.450001,28.020000,9.593877,26.513371,23.190001,,18.700001,44.665001,77.356796,,13.690000,45.404999,157.671188,108.519997,42.049999,37.099998,22.309999,10.367847,92.151054,42.599998,,61.390221,24.415001,45.000000,20.974846,28.840000,33.520000,65.961540,26.370001,,,44.135975,39.560932,52.290001,35.455406,51.049999,37.590000,,40.169998,,33.750000,69.790001,,,31.120001,,13.553473,,29.059999,20.350000,41.750000,37.549408,
2004-03-05,0.445536,1489.000000,2.189500,46.478432,42.549999,40.875000,,38.049999,27.969999,9.468916,26.517181,22.850000,,18.650000,44.595001,76.374207,,13.640000,45.150002,156.473083,107.320000,42.000000,36.849998,22.549999,10.277021,91.730400,42.599998,,61.294342,24.375000,44.770000,20.928234,28.250000,33.520000,65.886292,26.230000,,,43.706814,39.426521,52.299999,35.341557,50.924999,37.599998,,40.150002,,33.980000,69.949997,,,30.950001,,13.553473,,29.059999,20.266666,41.720001,37.285904,,0.477500,1485.599976,2.204500,46.189583,42.720001,41.369999,,38.185001,28.174999,9.509528,26.806862,22.889999,,18.570000,45.110001,75.588127,,14.100000,45.340000,157.048172,109.050003,42.200001,37.450001,22.750000,10.326975,92.208412,43.009998,,61.466923,25.049999,45.049999,21.170610,29.850000,34.119999,65.769234,26.350000,,,44.194702,39.381721,52.220001,35.265656,50.880001,37.869999,,40.750000,,34.430000,70.540001,,,31.469999,,13.765996,,29.195000,20.080000,42.490002,37.364956,
2004-03-08,0.475357,1484.000000,2.198000,46.277111,42.720001,41.200001,,38.825001,28.139999,9.490784,26.902151,23.100000,,18.700001,45.174999,75.195091,,14.030000,45.154999,155.754211,109.059998,42.040001,37.450001,22.600000,10.331517,92.246651,43.040001,,61.428570,24.990000,45.599998,21.394342,29.850000,34.000000,65.735786,26.309999,,,44.158562,39.399643,52.110001,35.483871,50.880001,37.869999,,40.650002,,34.230000,70.500000,,,31.650000,,13.765996,,29.174999,20.016666,42.500000,37.312252,,0.464286,1472.199951,2.175000,46.513443,42.419998,41.220001,,38.445000,28.260000,9.372071,26.917398,22.360001,,18.405001,45.349998,74.748459,,13.700000,44.889999,152.543289,107.349998,41.939999,37.220001,22.379999,10.290645,90.430206,42.939999,,61.447746,24.930000,45.209999,21.375698,29.309999,34.209999,64.941475,25.830000,,,43.720364,39.184589,52.279999,35.588234,51.235001,37.259998,,40.139999,,34.060001,70.040001,,,30.600000,,13.896252,,29.299999,20.153334,42.560001,36.758892,
2004-03-09,0.462500,1468.000000,2.171000,46.434666,42.200001,41.049999,,38.625000,28.150000,9.343955,26.871658,22.250000,,18.264999,45.349998,77.267471,,13.720000,44.860001,151.393097,107.349998,41.080002,36.950001,22.600000,10.326975,90.152962,42.939999,,61.313519,24.875000,45.430000,21.310444,29.389999,34.099998,64.941475,25.799999,,,43.607430,39.444443,52.049999,35.853889,51.025002,37.049999,,40.349998,,34.770000,71.099998,,,30.750000,,13.896252,,29.174999,20.066668,42.349998,36.495388,,0.483929,1460.000000,2.135500,46.548454,41.680000,40.884998,,38.200001,28.129999,9.334583,26.921209,22.120001,,18.165001,45.005001,73.086983,,13.530000,44.564999,151.249329,105.760002,40.990002,36.970001,22.590000,10.145322,90.372849,42.470001,,60.930012,25.090000,44.980000,21.012135,28.980000,34.500000,65.091972,25.719999,,,43.887512,39.345879,52.750000,35.388992,51.244999,37.240002,,40.000000,,34.529999,70.220001,,,30.260000,,13.663163,,29.219999,20.093332,42.779999,36.363636,
2004-03-10,0.482857,1455.000000,2.136000,46.522194,41.750000,40.889999,,38.500000,28.275000,9.343955,26.993629,22.299999,,18.165001,45.009998,72.765411,,13.610000,44.525002,151.632721,105.760002,40.560001,36.830002,22.500000,10.063579,90.229446,42.490002,,61.188877,25.090000,45.130001,21.012135,29.030001,34.580002,65.025085,25.650000,,,44.181149,39.336918,52.590000,35.341557,52.130001,37.250000,,38.950001,,34.599998,70.470001,,,30.440001,,13.690585,,29.219999,19.983334,43.000000,36.627140,,0.494286,1438.199951,2.077500,45.681908,41.119999,39.994999,,36.755001,28.275000,9.309591,26.383776,22.209999,,18.035000,44.365002,71.300453,,13.190000,43.654999,149.044800,103.550003,40.470001,36.400002,22.190001,10.131698,88.967499,42.029999,,61.246407,24.950001,44.560001,20.709164,28.910000,34.150002,63.545151,25.370001,,,44.230843,39.130825,52.240002,34.506641,52.764999,36.630001,,38.580002,,34.380001,69.120003,,,29.680000,,13.478062,,29.219999,19.586666,42.430000,36.627140,
2004-03-11,0.486964,1430.000000,2.054500,45.209244,41.000000,40.000000,,36.674999,28.049999,9.284599,26.242748,22.080000,,17.985001,44.224998,69.281677,,13.000000,43.299999,148.182159,103.559998,40.000000,36.209999,21.889999,10.036331,87.954109,41.750000,,61.198467,24.775000,44.450001,20.667215,28.799999,33.770000,62.934784,25.180000,,,44.045624,38.781361,52.099998,34.250473,52.650002,36.639999,,37.790001,,34.189999,69.400002,,,29.350000,,13.414077,,29.100000,19.436666,42.299999,35.704876,,0.484821,1417.000000,2.064000,45.104210,40.150002,39.775002,,36.575001,27.450001,9.075289,25.934010,22.340000,,17.725000,43.465000,69.638985,,13.020000,43.169998,145.785950,102.989998,39.490002,36.090000,21.540001,10.000000,87.198853,41.310001,,59.664429,24.090000,44.630001,20.187124,28.700001,32.980000,63.001671,25.090000,,,43.639050,37.903225,51.700001,33.434536,51.974998,36.849998,,37.709999,,33.939999,68.779999,,,29.200001,,13.196984,,28.855000,19.299999,41.349998,36.258236,
2004-03-12,0.487857,1419.000000,2.067500,45.209244,40.080002,39.924999,,36.665001,27.410000,9.119025,25.975937,22.680000,,17.719999,43.564999,70.925285,,13.040000,43.250000,146.792358,104.150002,39.730000,36.049999,21.549999,10.172570,87.954109,41.349998,,59.300095,24.170000,44.520000,20.210428,28.959999,33.180000,63.001671,25.379999,,,43.526112,37.679211,51.400002,33.823528,52.000000,36.880001,,38.130001,,34.759998,69.099998,,,29.450001,,13.254113,,28.940001,19.330000,41.450001,36.231884,,0.492143,1432.199951,2.122000,45.620636,40.299999,40.160000,,37.465000,27.459999,9.212746,26.357096,23.129999,,17.650000,44.224998,70.335732,,13.290000,43.955002,146.648590,104.930000,40.000000,36.090000,21.809999,10.154405,89.196938,41.520000,,59.750717,24.225000,44.480000,20.326956,29.010000,32.799999,63.729095,25.379999,,,43.571289,37.741936,51.549999,33.481972,52.060001,37.779999,,38.080002,,35.389999,70.059998,,,29.809999,,13.254113,,28.959999,19.493334,42.029999,37.075100,
2004-03-15,0.482679,1422.000000,2.113000,45.401810,39.950001,40.014999,,37.049999,27.475000,9.178382,26.357096,22.959999,,17.650000,44.224998,69.924828,,13.270000,43.955002,147.846695,104.800003,40.029999,35.950001,22.059999,10.108992,88.527725,41.279999,,59.654842,24.325001,44.310001,20.233734,28.809999,32.700001,63.628761,25.299999,,,43.458351,38.082436,51.349998,33.434536,51.650002,37.790001,,37.560001,,34.560001,70.059998,,,29.370001,,13.254113,,28.910000,19.350000,41.779999,36.758892,,0.472321,1401.199951,2.054000,44.596535,39.779999,39.695000,,36.990002,27.240000,9.053421,26.124588,22.780001,,17.245001,43.830002,68.477737,,13.020000,43.500000,145.210846,102.820000,40.040001,35.410000,21.510000,9.859219,87.782028,40.930000,,58.878235,23.855000,44.340000,19.553217,28.450001,32.520000,62.600334,25.160000,,,43.864925,37.921146,51.349998,33.159393,51.259998,37.330002,,36.970001,,34.160000,69.300003,,,29.120001,,12.968464,,28.889999,19.299999,41.779999,36.363636,
2004-03-16,0.474107,1413.000000,2.064500,44.885384,38.980000,40.075001,,37.250000,27.275000,9.137769,26.185574,23.000000,,17.475000,44.000000,69.353134,,13.160000,43.500000,146.888199,103.500000,40.080002,35.580002,21.700001,9.913715,88.336517,41.150002,,59.117928,24.000000,44.000000,19.669744,28.830000,32.520000,64.640465,25.260000,,,43.869442,37.965950,51.250000,33.396584,51.560001,37.480000,,37.869999,,34.099998,69.940002,,,29.459999,,12.936472,,29.000000,19.400000,41.950001,36.627140,,0.461071,1410.000000,2.106500,44.333946,39.410000,40.055000,,37.674999,27.330000,9.059669,26.132212,23.120001,,17.105000,43.840000,69.192345,,13.080000,43.470001,146.169342,103.059998,40.080002,35.860001,21.889999,9.895550,88.384323,41.330002,,58.964523,24.080000,43.820000,19.576523,28.660000,32.400002,65.894646,25.180000,,,43.616463,37.894264,51.200001,33.605312,51.529999,37.299999,,37.349998,,34.180000,69.760002,,,29.570000,,12.767367,,29.035000,19.323334,42.070000,36.600792,
2004-03-17,0.463571,1424.000000,2.152000,44.727829,39.549999,40.325001,,37.775002,27.375000,9.231490,26.166515,23.360001,,17.160000,44.040001,68.870773,,13.220000,43.564999,146.648590,103.570000,39.270000,36.189999,22.129999,9.900091,88.499046,41.689999,,58.964523,24.190001,44.250000,19.646439,28.730000,32.380001,66.429764,25.250000,,,43.639050,37.992832,51.290001,33.586338,51.544998,37.700001,,37.869999,,34.040001,70.500000,,,29.700001,,12.824497,,29.125000,19.323334,42.240002,36.943348,,0.467679,1460.199951,2.140000,44.640301,39.799999,40.224998,,38.610001,27.500000,9.069041,26.261805,23.500000,,17.315001,44.459999,70.049881,,13.370000,43.474998,147.415375,104.010002,39.540001,36.500000,22.530001,10.045413,89.282982,42.279999,,59.290508,24.440001,44.470001,19.856188,28.700001,32.880001,66.521736,25.129999,,,43.675190,37.930107,51.419998,33.111954,52.110001,38.049999,,38.259998,,34.299999,71.139999,,,29.750000,,13.016453,,29.184999,19.450001,42.240002,37.259552,
2004-03-18,0.463214,1459.000000,2.126500,44.552769,39.750000,39.924999,,38.485001,27.500000,9.028429,26.261805,23.389999,,17.315001,44.134998,69.889091,,13.370000,43.424999,146.792358,103.849998,39.660000,36.500000,22.530001,9.954587,88.957932,41.799999,,58.916588,24.434999,44.470001,19.860847,28.480000,32.970001,66.237457,24.959999,,,43.797161,37.974911,51.419998,32.979126,51.810001,37.900002,,38.279999,,34.139999,71.050003,,,29.600000,,13.128428,,29.165001,19.383333,42.099998,37.338604,,0.458393,1468.199951,2.150500,45.130466,39.720001,40.040001,,38.599998,27.500000,9.037801,26.814486,23.170000,,17.410000,44.875000,70.174942,,13.320000,44.029999,147.223679,103.699997,39.630001,36.990002,22.340000,10.022707,88.766731,42.020000,,59.223392,24.520000,44.509998,19.623133,28.020000,32.730000,66.789299,24.889999,,,43.751987,38.216846,51.419998,32.922199,52.215000,37.060001,,38.439999,,34.279999,70.690002,,,29.290001,,13.340951,,29.155001,19.646667,42.459999,37.628456,
2004-03-19,0.456429,1461.000000,2.151500,45.130466,39.720001,40.250000,,38.605000,27.500000,9.028429,26.871658,23.139999,,17.350000,44.764999,70.174942,,13.310000,43.875000,146.744431,103.110001,39.560001,37.000000,22.549999,10.027248,88.776291,42.020000,,59.204220,24.525000,44.980000,19.576523,28.020000,32.950001,66.789299,24.770000,,,43.756504,38.216846,51.099998,32.827324,52.220001,37.599998,,38.430000,,34.380001,70.629997,,,29.200001,,13.368373,,29.155001,19.616667,42.209999,37.417656,,0.461786,1442.000000,2.140000,44.710323,39.430000,39.924999,,38.150002,27.375000,8.953452,26.410458,22.500000,,17.280001,44.099998,69.942688,,13.060000,43.139999,144.444061,102.660004,39.639999,36.680000,22.309999,9.822888,87.590820,41.330002,,58.897411,24.389999,44.099998,19.306179,28.100000,32.470001,66.688965,24.629999,,,43.566769,38.145161,50.930000,32.210625,52.014999,36.549999,,38.220001,,34.049999,70.379997,,,27.790001,,13.288391,,28.785000,19.533333,41.500000,37.101448,
2004-03-22,0.453036,1439.000000,2.087500,44.640301,38.430000,39.724998,,37.825001,27.375000,8.919088,26.357096,22.230000,,17.049999,43.674999,69.103020,,12.980000,43.139999,143.485580,102.160004,39.869999,36.299999,22.450001,9.636694,87.256210,41.250000,,58.657719,24.174999,44.250000,19.166348,27.650000,32.299999,66.137123,24.480000,,,43.187302,37.589607,50.520000,32.210625,51.724998,36.500000,,37.369999,,34.150002,68.970001,,,27.500000,,13.290676,,28.785000,19.433332,41.250000,37.101448,,0.461786,1413.800049,2.042500,43.948814,38.680000,39.365002,,37.750000,26.825001,8.919088,26.280863,22.350000,,17.299999,43.650002,67.405815,,12.910000,43.424999,140.945587,101.300003,39.730000,36.060001,22.070000,9.709355,87.017204,40.799999,,57.842762,24.125000,44.509998,19.012531,28.350000,32.110001,66.647156,24.500000,,,44.032074,37.007168,50.790001,31.973434,51.985001,36.290001,,37.310001,,34.009998,68.690002,,,27.309999,,13.254113,,28.400000,19.366667,40.939999,36.205536,
2004-03-23,0.462143,1416.000000,2.066000,44.158886,38.930000,39.705002,,37.849998,26.775000,8.969072,26.318979,22.680000,,17.500000,43.875000,68.174026,,13.000000,43.549999,142.766708,103.250000,39.860001,36.200001,22.400000,9.741144,87.571701,41.150002,,58.149570,24.150000,44.849998,19.157026,28.350000,32.189999,66.889633,24.650000,,,43.955276,37.706093,51.000000,32.277039,51.224998,36.169998,,37.849998,,34.220001,70.400002,,,27.600000,,13.318099,,28.500000,19.386667,41.009998,36.231884,,0.451607,1400.000000,2.011500,43.948814,39.110001,39.264999,,37.924999,26.495001,8.797251,26.094095,22.360001,,17.245001,43.735001,69.710442,,12.890000,43.049999,139.939178,101.389999,39.980000,36.209999,22.150000,9.713896,87.304016,40.980000,,57.948227,24.065001,44.900002,19.073126,27.760000,32.160000,66.555183,24.150000,,,43.923653,37.903225,50.959999,32.390892,51.680000,35.900002,,37.549999,,34.000000,70.110001,,,27.150000,,13.311243,,28.309999,19.403334,40.759998,36.627140,
2004-03-24,0.451250,1398.000000,2.015500,44.097614,38.730000,39.290001,,37.974998,26.424999,8.800375,26.147457,22.410000,,17.340000,43.755001,69.406731,,12.840000,43.105000,139.220306,101.500000,39.509998,36.150002,22.350000,9.732062,87.543022,40.990002,,58.044106,24.150000,44.700001,19.133720,27.639999,32.279999,66.555183,24.379999,,,43.968826,37.903225,50.980000,32.476280,51.580002,35.900002,,37.439999,,33.000000,69.860001,,,27.170000,,13.311243,,28.375000,19.430000,40.700001,36.100132,,0.455357,1386.400024,1.981500,43.791260,39.029999,39.154999,,38.165001,26.400000,8.747266,25.632895,22.670000,,17.275000,42.939999,69.817635,,12.990000,43.660000,139.843323,99.239998,39.810001,35.990002,22.299999,9.818347,87.734222,40.740002,,57.861938,24.245001,45.599998,19.138380,27.700001,31.620001,66.413040,24.410000,,,43.941723,37.517921,50.790001,32.428844,51.509998,35.910000,,37.529999,,33.060001,69.739998,,,27.580000,,13.053016,,28.285000,19.526667,40.099998,36.495388,
2004-03-25,0.466786,1392.000000,2.000000,43.975071,39.250000,39.325001,,38.250000,26.750000,8.769135,25.651953,22.820000,,17.350000,43.049999,70.139214,,13.040000,43.910000,139.987091,100.000000,39.189999,36.049999,22.250000,9.945504,88.097511,40.849998,,58.005753,24.325001,45.560001,19.250246,27.850000,31.629999,66.889633,24.600000,,,43.941723,38.082436,51.000000,32.760910,51.974998,36.160000,,37.910000,,32.490002,70.750000,,,28.049999,,13.082724,,28.375000,19.750000,40.200001,36.548092,,0.479821,1408.199951,2.099500,43.721233,39.720001,39.869999,,38.575001,27.455000,8.894096,25.171694,23.580000,,17.629999,42.340000,71.371918,,13.180000,43.875000,142.335388,101.849998,39.380001,37.150002,22.389999,10.149864,88.326958,41.500000,,58.906998,24.379999,45.790001,19.301519,28.450001,31.500000,67.742477,25.190001,,,43.801682,38.261650,51.220001,32.552181,52.270000,37.060001,,38.759998,,32.939999,71.059998,,,28.809999,,12.922761,,28.570000,19.940001,40.250000,37.444004,
2004-03-26,0.482143,1401.000000,2.100500,43.721233,39.520000,39.799999,,38.474998,27.514999,8.869103,25.339401,23.590000,,17.424999,42.375000,71.032478,,13.130000,43.889999,143.868973,101.849998,39.660000,36.959999,22.650000,10.090827,88.326958,41.299999,,58.772770,24.299999,45.799999,19.343470,28.200001,31.510000,67.391304,25.110001,,,43.639050,38.055557,51.000000,32.258064,52.224998,37.119999,,37.919998,,32.570000,72.139999,,,28.750000,,13.025594,,28.565001,19.900000,40.349998,37.154148,,0.482857,1403.800049,2.085000,43.791260,39.349998,40.049999,,38.720001,27.360001,9.134645,25.461372,23.400000,,17.500000,42.669998,70.996742,,13.280000,43.750000,144.252365,103.750000,39.799999,36.930000,22.910000,10.154405,88.690247,41.250000,,59.463085,24.389999,45.810001,19.450674,27.870001,31.420000,66.872910,25.030001,,,43.815231,37.930107,51.060001,32.533207,51.974998,36.830002,,37.900002,,32.709999,73.010002,,,28.590000,,13.078154,,28.475000,19.803333,40.740002,37.549408,
2004-03-29,0.488750,1405.599976,2.098500,44.053848,39.799999,40.400002,,39.220001,27.275000,9.137769,25.632895,23.690001,,17.535000,42.825001,71.532707,,13.350000,43.755001,146.552734,104.190002,39.599998,36.930000,23.250000,10.422343,88.900574,41.470001,,59.520615,24.690001,45.900002,19.553217,28.020000,31.500000,66.889633,25.250000,,,43.819752,37.634411,51.750000,32.751423,52.150002,36.730000,,38.630001,,32.610001,74.300003,,,28.790001,,13.139854,,28.600000,19.883333,40.869999,37.496704,,0.498393,1431.199951,2.138000,44.517757,39.930000,40.520000,,39.740002,27.674999,9.056545,25.701504,23.850000,,17.770000,42.689999,72.640350,,13.410000,43.650002,146.073486,104.220001,39.980000,37.299999,23.250000,10.522252,88.604210,42.060001,,59.511024,24.700001,45.540001,19.623133,28.469999,31.860001,67.558525,25.309999,,,43.729401,37.948029,52.209999,33.225807,52.439999,37.290001,,38.849998,,32.619999,74.260002,,,29.090000,,13.388940,,28.584999,20.043333,41.090000,38.076416,
2004-03-30,0.495357,1425.000000,2.135500,44.771595,39.799999,40.514999,,39.639999,27.650000,9.022181,26.139835,23.730000,,17.750000,42.814999,72.354507,,13.550000,44.325001,145.929718,103.699997,39.810001,37.299999,23.350000,10.522252,88.594643,42.060001,,59.300095,24.775000,45.540001,19.576523,28.350000,30.879999,67.366219,25.209999,,,43.661636,37.679211,53.180000,33.235294,52.384998,37.490002,,38.849998,,32.349998,74.449997,,,29.090000,,13.388940,,28.590000,19.966667,41.410000,38.076416,,0.498571,1434.400024,2.190000,45.436825,40.330002,40.884998,,40.000000,28.025000,9.047173,26.440950,23.930000,,17.730000,43.540001,72.086525,,13.650000,43.889999,147.079910,104.260002,39.930000,37.410000,23.260000,10.504087,88.260040,41.980000,,59.290508,25.115000,45.669998,19.609150,28.660000,31.709999,68.294312,25.200001,,,44.113388,38.064514,53.279999,33.339657,52.990002,38.459999,,39.130001,,32.299999,74.419998,,,29.049999,,13.436929,,28.415001,20.000000,41.549999,38.550724,
2004-03-31,0.498571,1434.400024,2.192500,45.305527,40.500000,40.889999,,39.730000,27.924999,9.081537,26.681080,23.930000,,17.775000,43.595001,72.211586,,13.700000,43.919998,147.031982,104.269997,39.630001,37.320000,23.100000,10.490463,88.021034,42.090000,,59.386387,25.030001,45.560001,19.613811,28.700001,31.740000,68.503342,25.200001,,,44.063694,38.028675,53.250000,33.339657,52.875000,38.299999,,39.459999,,32.610001,74.419998,,,29.160000,,13.676874,,28.375000,19.943333,41.650002,38.234520,,0.482857,1427.000000,2.164000,45.384304,41.070000,40.490002,,39.535000,27.549999,8.984692,26.608660,23.570000,,17.650000,43.889999,71.961472,,13.570000,44.665001,146.265182,104.349998,39.950001,37.360001,23.139999,10.372389,87.801147,41.950001,,60.498562,25.150000,45.639999,19.832882,28.570000,32.009998,68.453178,24.930000,,,44.461235,38.172043,53.849998,33.254269,52.439999,38.730000,,39.310001,,32.669998,74.500000,,,29.219999,,13.702011,,28.334999,19.896667,41.590000,38.392624,
2004-04-01,0.480179,1451.000000,2.172500,45.384304,41.070000,40.724998,,39.575001,27.575001,8.969072,26.681080,23.690001,,17.650000,43.974998,71.979340,,13.520000,44.904999,145.785950,104.239998,40.080002,37.299999,22.690001,10.422343,87.638626,41.950001,,60.498562,25.240000,46.000000,19.809578,28.750000,32.049999,68.453178,24.950001,,,44.474789,38.422939,53.709999,33.870968,52.474998,38.599998,,39.799999,,32.849998,72.459999,,,29.360001,,13.800274,,28.360001,19.583332,41.900002,38.603428,,0.484107,1466.400024,2.237000,45.690659,40.770000,40.735001,,39.500000,27.459999,9.112777,26.181763,23.740000,,17.450001,43.980000,72.408104,,13.420000,44.915001,146.744431,106.000000,40.000000,37.080002,22.620001,10.413261,88.307838,42.259998,,60.843719,25.290001,46.000000,20.359585,28.910000,31.950001,67.767555,25.080000,,,44.434132,38.844086,54.150002,33.766602,52.990002,39.779999,,40.610001,,33.080002,73.040001,,,29.900000,,13.238117,,28.625000,19.450001,41.520000,39.130436,
2004-04-02,0.495536,1488.000000,2.300000,46.172073,41.099998,40.974998,,40.125000,27.490000,9.253358,26.223690,24.160000,,17.600000,44.200001,73.122719,,13.720000,45.000000,148.134232,107.000000,39.490002,37.299999,22.700001,10.558583,89.435944,42.500000,,61.323105,25.525000,46.150002,20.392212,28.559999,32.150002,68.561874,25.480000,,,44.655487,38.118279,54.250000,34.250473,53.174999,39.950001,,40.889999,,32.970001,73.750000,,,30.500000,,13.235832,,28.709999,19.666668,41.990002,39.209484,,0.491071,1486.000000,2.304500,45.891979,41.840000,40.255001,,40.599998,27.809999,9.087785,26.273239,24.430000,,17.389999,44.014999,73.944519,,13.660000,45.270000,148.853104,105.949997,39.439999,36.680000,22.799999,10.481381,90.057358,41.529999,,60.968361,25.465000,46.689999,20.746452,28.940001,31.860001,68.377930,25.850000,,,44.867809,38.064514,53.849998,34.155598,53.055000,39.779999,,41.119999,,33.320000,73.760002,,,30.410000,,12.867916,,28.305000,19.533333,41.910000,39.314888,
2004-04-05,0.490714,1498.000000,2.283500,45.804447,41.849998,40.255001,,40.500000,27.750000,9.087785,26.166515,24.290001,,17.875000,44.075001,73.855194,,13.630000,45.250000,148.469711,105.949997,39.450001,36.529999,23.000000,10.517711,89.818359,41.279999,,60.882072,25.375000,46.500000,20.695181,28.790001,31.719999,68.478264,25.809999,,,44.836189,37.562725,53.810001,34.269451,52.825001,39.500000,,40.759998,,32.930000,74.400002,,,30.410000,,12.911335,,28.275000,19.520000,41.970001,39.262188,,0.505714,1519.800049,2.348000,46.032028,42.540001,40.625000,,41.205002,27.420000,9.300219,26.482878,24.809999,,18.674999,44.529999,73.372833,,14.070000,46.009998,151.345169,105.699997,39.650002,37.240002,23.139999,10.735695,90.038239,41.750000,,61.303932,25.290001,46.660000,20.881624,29.360001,32.200001,69.188965,25.950001,,,45.631268,38.216846,54.480000,34.278938,53.174999,39.770000,,41.849998,,33.049999,74.900002,,,30.940001,,13.128428,,28.315001,19.546667,42.250000,39.420292,
2004-04-06,0.494821,1519.800049,2.315500,45.821957,42.349998,40.575001,,41.000000,27.225000,9.197126,26.566732,24.750000,,18.700001,44.529999,73.176315,,14.000000,45.830002,150.865936,105.699997,40.750000,37.840000,22.639999,10.672116,89.483749,41.599998,,61.073826,25.100000,46.099998,20.848997,29.120001,32.230000,68.854515,25.770000,,,45.468639,38.216846,54.299999,33.918407,52.750000,39.750000,,40.799999,,32.790001,74.320000,,,29.760000,,13.199269,,28.299999,19.500000,42.060001,38.998680,,0.496964,1516.400024,2.322000,45.865719,42.360001,41.000000,,41.455002,27.490000,9.312715,26.555298,24.650000,,18.570000,44.525002,73.962387,,14.000000,46.584999,151.057632,105.580002,40.650002,36.939999,22.719999,10.603996,89.579353,41.500000,,61.773731,25.434999,47.320000,20.807047,29.010000,31.799999,69.255852,25.799999,,,45.762276,38.396057,54.709999,33.965843,53.500000,39.840000,,41.169998,,32.599998,74.040001,,,29.160000,,13.021024,,28.590000,19.673332,42.189999,39.104084,
2004-04-07,0.493036,1519.000000,2.310000,45.909485,42.160000,40.950001,,41.310001,27.325001,9.262730,26.566732,24.549999,,18.375000,44.584999,73.390694,,13.930000,46.435001,151.728561,105.370003,41.330002,37.119999,22.580000,10.513170,89.263863,41.500000,,61.553211,25.350000,48.099998,20.807047,28.910000,31.950001,69.080269,25.740000,,,45.717098,38.620071,54.759998,33.937382,53.375000,39.799999,,41.340000,,32.910000,74.050003,,,29.280001,,13.055302,,28.525000,19.566668,42.020000,38.998680,,0.487679,1525.000000,2.292500,45.848213,41.759998,40.724998,,41.049999,27.180000,9.153390,26.681080,24.240000,,18.420000,44.875000,72.765411,,13.670000,46.500000,150.482529,105.250000,41.560001,36.490002,22.510000,10.499546,88.986618,41.369999,,61.773731,25.540001,47.759998,20.695181,28.900000,31.500000,69.188965,25.590000,,,45.549953,38.870968,54.840000,33.842506,53.224998,39.450001,,41.340000,,32.410000,73.699997,,,29.299999,,13.071298,,28.375000,19.326668,41.900002,39.314888,
2004-04-08,0.497857,1538.000000,2.392000,46.023273,41.950001,40.970001,,41.349998,27.275000,9.243986,26.966948,24.670000,,18.400000,45.000000,73.408562,,13.770000,46.825001,152.303665,106.400002,41.139999,36.750000,22.510000,10.599455,89.866158,41.750000,,61.984661,25.660000,47.759998,20.788403,29.020000,31.750000,69.356186,25.820000,,,45.762276,39.068100,54.980000,34.146111,53.349998,39.980000,,41.650002,,32.660000,74.300003,,,29.700001,,13.254113,,28.475000,19.330000,42.230000,39.472992,,0.491607,1525.400024,2.405000,45.638142,41.349998,40.525002,,40.990002,27.135000,9.134645,27.107977,24.150000,,18.230000,44.970001,72.854736,,13.590000,46.215000,150.530457,105.699997,40.930000,36.200001,22.459999,10.386013,89.024857,41.150002,,61.169704,25.620001,47.540001,20.816368,28.670000,31.450001,68.921402,25.480000,,,45.441532,38.808243,54.740002,33.776093,53.200001,39.759998,,41.540001,,32.650002,74.000000,,,29.180000,,13.208410,,28.440001,18.896667,42.450001,38.919632,
2004-04-12,0.491071,1533.800049,2.408000,45.568119,41.700001,40.625000,,41.099998,27.150000,9.297095,27.252817,24.219999,,18.230000,45.025002,72.854736,,13.620000,46.224998,151.201401,105.800003,40.930000,36.259998,22.469999,10.386013,89.388145,41.160000,,62.329819,25.525000,47.150002,20.765097,28.820000,31.530001,69.088631,25.480000,,,45.486710,38.888889,54.700001,33.776093,53.439999,39.599998,,41.770000,,32.849998,73.500000,,,29.350000,,13.265539,,28.584999,18.933332,42.700001,38.787880,,0.500714,1535.400024,2.398000,45.743179,42.150002,40.985001,,41.875000,26.990000,9.478288,27.580612,24.129999,,18.695000,45.735001,73.962387,,13.690000,46.715000,151.536865,105.820000,41.000000,36.459999,22.639999,10.277021,89.617592,41.560001,,60.949184,25.424999,46.910000,20.867641,29.020000,31.080000,69.916389,25.610001,,,45.554470,38.539429,55.009998,33.842506,53.560001,39.759998,,41.660000,,32.560001,74.360001,,,29.469999,,13.768282,,28.514999,19.113333,43.110001,39.130436,
2004-04-13,0.499643,1547.000000,2.399500,45.865719,42.169998,40.994999,,41.930000,27.000000,9.543893,27.813120,24.400000,,19.250000,45.750000,74.409019,,13.720000,46.840000,151.872345,105.820000,40.580002,36.459999,22.379999,10.277021,89.665390,41.639999,,60.949184,25.430000,47.419998,20.932896,29.040001,31.330000,69.832779,25.680000,,,45.726135,37.831539,54.980000,34.041744,53.560001,38.980000,,41.389999,,32.430000,73.519997,,,29.480000,,13.955667,,28.450001,19.133333,43.389999,39.130436,,0.480893,1507.000000,2.329000,44.990421,41.779999,40.250000,,41.009998,26.780001,9.368947,27.229946,23.620001,,18.625000,45.380001,72.872604,,13.410000,46.215000,148.565552,103.120003,40.529999,35.860001,22.230000,10.104450,88.948372,40.040001,,61.025887,25.445000,46.450001,20.643909,28.270000,30.840000,68.887962,25.450001,,,45.391842,37.508961,54.750000,33.576851,52.965000,37.930000,,41.160000,,32.150002,72.699997,,,28.980000,,13.683729,,27.825001,18.823334,42.820000,37.707512,
2004-04-14,0.477500,1513.000000,2.304000,44.640301,41.730000,39.625000,,40.834999,26.750000,9.306467,27.233759,23.350000,,18.600000,45.174999,72.640350,,13.290000,46.215000,146.888199,102.000000,40.049999,35.500000,21.879999,10.000000,88.049713,39.660000,,60.786194,25.400000,46.700001,20.601959,27.309999,30.950001,68.260872,25.389999,,,45.306007,37.724014,54.299999,33.586338,52.525002,37.830002,,39.619999,,31.760000,71.599998,,,28.950001,,13.596892,,27.635000,18.826668,42.580002,37.865612,,0.475714,1501.000000,2.339500,43.589939,41.570000,40.044998,,40.514999,27.424999,9.575133,27.466267,23.260000,,18.520000,45.500000,73.247772,,13.240000,46.360001,146.073486,101.410004,40.520000,35.820000,21.900000,9.986376,89.579353,39.270000,,61.418983,25.594999,46.770000,20.741793,27.000000,30.990000,69.113708,25.510000,,,45.513813,37.912186,54.910000,33.975330,52.904999,37.869999,,40.290001,,32.189999,71.900002,,,28.680000,,13.370658,,27.620001,19.139999,43.299999,38.023716,
2004-04-15,0.514643,1505.000000,2.349000,43.589939,41.849998,40.220001,,40.625000,27.525000,9.628241,27.519629,23.180000,,18.525000,45.520000,73.837326,,13.250000,46.450001,147.127823,101.650002,41.450001,35.830002,21.740000,10.013624,89.674950,39.340000,,61.361458,25.719999,46.980000,20.835012,26.990000,31.090000,69.113708,25.530001,,,45.581573,38.664875,54.910000,34.070210,52.990002,37.860001,,39.860001,,32.349998,70.900002,,,29.170000,,13.432358,,27.650000,19.143333,43.299999,38.023716,,0.523214,1493.599976,2.349500,43.546173,41.529999,40.139999,,40.400002,27.750000,9.434552,27.714018,22.820000,,18.594999,45.750000,73.444290,,13.120000,46.035000,147.415375,101.730003,42.660000,35.860001,21.670000,9.940963,89.340347,38.770000,,61.390221,25.600000,46.779999,20.755775,26.930000,31.290001,69.272575,25.219999,,,45.296974,39.381721,54.810001,35.426945,53.060001,38.240002,,39.770000,,32.560001,71.050003,,,28.020000,,13.391225,,27.469999,19.263332,43.680000,36.890648,
2004-04-16,0.520536,1503.000000,2.352500,43.721233,42.029999,40.224998,,40.849998,27.900000,9.568885,27.824554,22.690001,,18.594999,46.150002,73.980247,,13.200000,46.349998,147.990463,102.250000,42.320000,36.150002,21.950001,9.940963,88.240921,39.020000,,61.716202,25.725000,47.299999,20.755775,27.200001,31.290001,69.648827,25.330000,,,45.491226,39.202511,55.099998,35.474384,53.325001,39.700001,,39.689999,,32.299999,71.800003,,,27.990000,,13.423218,,27.500000,19.400000,43.740002,37.154148,,0.521071,1504.000000,2.275000,44.272675,41.500000,40.389999,,40.985001,27.875000,9.447048,27.744511,22.480000,,18.805000,45.865002,74.480476,,13.340000,46.180000,149.667816,103.360001,42.580002,36.200001,22.500000,9.990917,88.221794,39.259998,,61.591564,25.965000,47.000000,20.876963,27.459999,31.360001,70.008362,25.160000,,,45.513813,39.354839,54.790001,35.692600,52.985001,39.540001,,39.750000,,32.689999,72.820000,,,27.660000,,13.322669,,28.035000,19.480000,43.860001,36.837944,
2004-04-19,0.502143,1502.000000,2.267500,44.132626,41.630001,40.389999,,40.974998,28.000000,9.406435,27.744511,22.549999,,18.805000,45.865002,74.462616,,13.350000,46.099998,149.428192,103.250000,42.209999,36.049999,22.090000,9.913715,87.858505,39.250000,,61.764141,26.150000,46.599998,20.876963,26.450001,31.280001,70.192307,25.080000,,,44.949123,39.516129,54.700001,35.768501,53.264999,39.540001,,39.650002,,32.410000,72.699997,,,27.650000,,13.427788,,27.889999,19.333332,43.849998,36.758892,,0.506250,1499.599976,2.355500,43.948814,41.490002,40.580002,,40.500000,28.155001,9.578257,27.843613,22.860001,,19.065001,45.935001,74.498344,,13.350000,45.529999,149.044800,102.480003,42.320000,36.000000,22.030001,9.863760,87.896751,39.360001,,61.658676,26.500000,46.930000,20.956202,26.750000,31.389999,70.033447,25.530001,,,44.723251,39.695339,55.070000,35.654648,53.009998,39.849998,,39.849998,,32.650002,72.769997,,,28.400000,,13.416362,,27.955000,19.456667,43.730000,37.206852,
2004-04-20,0.503750,1508.000000,2.383000,43.913799,41.470001,40.580002,,40.625000,28.225000,9.503280,27.847424,22.920000,,19.075001,45.549999,74.391151,,13.850000,45.375000,149.284424,102.650002,41.900002,36.150002,22.250000,9.854678,87.954109,39.419998,,61.697029,26.525000,46.860001,20.965525,27.049999,30.980000,70.234116,25.650000,,,44.836189,38.888889,54.950001,35.341557,53.009998,39.849998,,40.090000,,32.160000,73.150002,,,28.480000,,13.654022,,27.959999,19.500000,43.720001,37.417656,,0.495179,1460.000000,2.260000,43.336102,40.549999,40.040001,,39.990002,28.305000,9.365823,27.073673,22.110001,,19.000000,45.009998,72.479568,,13.560000,45.500000,146.025574,99.910004,41.549999,35.650002,22.420000,9.609446,86.663483,38.540001,,61.955894,26.139999,45.730000,20.569332,26.549999,31.270000,69.565216,25.330000,,,44.135975,38.933693,54.209999,34.819733,52.305000,39.009998,,39.110001,,31.950001,73.309998,,,27.350000,,13.649452,,27.680000,19.366667,43.299999,36.732544,
2004-04-21,0.492857,1459.800049,2.260000,42.977230,40.490002,40.099998,,40.000000,28.500000,9.334583,27.119411,22.250000,,18.985001,44.950001,71.997200,,14.650000,45.919998,146.408966,100.250000,42.150002,35.709999,21.690001,9.573115,87.141495,38.540001,,62.051773,25.799999,45.820000,20.625265,26.750000,31.400000,69.565216,25.360001,,,44.271500,39.202511,54.000000,34.810246,52.055000,39.070000,,39.020000,,32.130001,73.000000,,,27.400000,,13.768282,,27.665001,19.066668,42.560001,36.548092,,0.495179,1464.000000,2.286000,43.659966,40.849998,40.290001,,40.540001,28.125000,9.194002,26.913586,22.370001,,19.344999,44.935001,72.997658,,14.940000,45.980000,147.127823,100.000000,42.189999,35.540001,21.799999,9.682107,87.246651,37.680000,,62.090126,26.065001,45.990002,20.681198,26.950001,32.099998,70.192307,25.450001,,,44.343781,39.256271,54.669998,35.009487,51.770000,39.830002,,38.990002,,32.459999,73.760002,,,27.360001,,13.626600,,28.105000,19.450001,42.950001,36.837944,
2004-04-22,0.492143,1461.000000,2.297500,43.397373,41.700001,40.345001,,41.500000,28.049999,9.200250,26.738253,22.150000,,19.350000,44.799999,72.997658,,14.940000,46.250000,146.169342,100.010002,41.990002,35.470001,21.850000,9.673025,86.520073,37.700001,,61.697029,25.350000,45.750000,21.207899,27.000000,32.200001,70.050163,25.510000,,,44.271500,38.028675,54.299999,34.914612,51.639999,39.900002,,38.849998,,32.880001,74.830002,,,26.920000,,13.626600,,28.105000,19.416668,42.689999,36.495388,,0.496071,1474.000000,2.443000,44.447735,42.270000,40.695000,,42.049999,28.209999,9.090909,27.260441,23.150000,,19.530001,45.900002,74.784187,,15.770000,47.110001,147.846695,101.800003,42.700001,36.349998,22.120001,9.904632,86.749519,38.380001,,62.972195,25.730000,46.299999,22.312574,27.400000,32.950001,72.700668,25.950001,,,45.400875,38.485664,54.889999,34.667931,52.314999,40.150002,,39.200001,,33.360001,76.320000,,,27.639999,,14.159049,,28.375000,19.533333,43.299999,37.971012,
2004-04-23,0.494643,1474.199951,2.300000,44.272675,42.160000,40.724998,,42.055000,28.110001,9.050297,27.264252,23.250000,,19.500000,45.904999,74.015984,,15.800000,47.360001,148.565552,101.050003,41.750000,36.099998,21.719999,9.922797,86.998085,38.400002,,62.809204,25.625000,46.110001,22.093504,27.350000,32.820000,72.157188,27.400000,,,45.333115,37.992832,54.900002,34.601517,52.215000,40.150002,,39.130001,,33.660000,75.800003,,,27.950001,,14.138483,,28.375000,19.410000,43.250000,38.339920,,0.494643,1479.199951,2.314500,44.001331,42.450001,40.724998,,40.980000,28.320000,9.034677,27.378599,23.320000,,19.469999,45.845001,73.962387,,15.700000,47.404999,147.079910,100.410004,42.099998,36.490002,21.799999,9.841054,87.265778,38.299999,,63.221478,25.525000,46.209999,22.065538,27.340000,33.090000,73.494980,27.540001,,,45.012371,38.019714,54.950001,34.554081,52.494999,40.750000,,38.849998,,32.830002,75.750000,,,27.940001,,13.925960,,28.200001,19.656668,42.970001,34.729908,
2004-04-26,0.492500,1486.000000,2.316500,44.010082,43.150002,40.724998,,41.000000,28.445000,9.165886,27.443396,23.389999,,19.575001,45.974998,74.373291,,15.850000,47.375000,147.846695,101.000000,41.820000,36.599998,21.750000,9.841054,86.759079,38.310001,,63.173538,25.525000,46.270000,22.000282,27.459999,32.970001,73.168900,27.450001,,,45.012371,40.071686,55.000000,34.554081,52.750000,40.500000,,39.770000,,31.000000,75.720001,,,28.389999,,13.983090,,28.309999,19.590000,43.250000,35.783924,,0.484464,1460.599976,2.362500,44.010082,43.240002,40.625000,,40.450001,28.530001,9.325211,27.710207,23.139999,,19.549999,46.125000,74.516212,,15.690000,47.150002,147.367447,101.150002,41.680000,36.349998,21.400000,9.841054,86.453156,38.549999,,62.464046,25.344999,46.500000,22.140116,27.320000,32.779999,73.369568,27.240000,,,44.781979,40.026882,54.689999,34.430740,52.619999,39.340000,,39.240002,,30.790001,74.949997,,,27.459999,,14.220750,,28.195000,19.379999,43.009998,35.731224,
2004-04-27,0.486429,1470.000000,2.379500,44.071354,43.240002,40.700001,,40.650002,28.500000,9.353327,27.714018,23.120001,,19.549999,46.150002,74.766327,,15.790000,47.275002,148.182159,100.550003,41.450001,36.369999,20.900000,9.809264,86.663483,38.560001,,62.502396,25.375000,47.250000,22.144775,27.480000,33.000000,72.976585,27.160000,,,44.750355,39.462364,54.740002,34.762810,52.625000,38.000000,,39.389999,,30.790001,75.150002,,,27.400000,,14.248172,,28.375000,19.383333,43.070000,36.205536,,0.481071,1453.199951,2.400000,43.896294,43.549999,40.895000,,40.900002,28.510000,9.362699,28.152349,22.940001,,19.514999,46.445000,74.819923,,16.030001,47.500000,146.408966,100.910004,41.560001,36.529999,20.950001,9.654859,87.103249,38.619999,,62.435284,25.355000,46.880001,22.373169,27.200001,33.060001,73.896324,27.219999,,,44.953644,39.695339,54.639999,34.573055,52.814999,37.470001,,39.599998,,30.629999,75.000000,,,27.100000,,14.298446,,28.545000,19.533333,43.750000,35.415020,
2004-04-28,0.478929,1450.000000,2.381000,43.694977,44.049999,40.709999,,41.000000,28.434999,9.887535,28.205713,22.730000,,19.514999,46.525002,74.337555,,15.940000,47.650002,145.450470,100.250000,40.700001,36.279999,20.549999,9.559491,86.328873,38.549999,,62.272289,25.350000,46.980000,22.377831,27.770000,32.970001,73.494980,27.010000,,,44.894917,39.211472,54.599998,34.411766,52.500000,37.570000,,38.959999,,29.690001,74.199997,,,26.959999,,14.396709,,28.424999,19.403334,43.680000,35.415020,,0.472321,1430.199951,2.348500,42.924713,44.029999,40.450001,,39.849998,28.200001,9.434552,28.110422,22.370001,,19.350000,45.869999,73.104851,,15.500000,46.474998,143.868973,98.400002,40.700001,35.990002,20.510000,9.400545,86.434036,37.930000,,61.562801,25.105000,47.349998,22.247320,27.610001,32.900002,72.508362,26.559999,,,44.452202,38.754478,53.889999,34.041744,52.084999,37.380001,,38.360001,,29.360001,73.760002,,,26.719999,,14.728062,,28.150000,19.326668,43.119999,35.494072,
2004-04-29,0.472321,1433.199951,2.345000,42.933464,44.029999,40.575001,,40.150002,28.270000,9.497032,28.110422,22.410000,,19.375000,45.799999,73.194176,,15.550000,46.349998,144.491989,98.919998,41.099998,35.900002,20.600000,9.464124,86.051628,37.970001,,61.840843,25.070000,47.680000,22.303253,27.790001,32.900002,72.508362,26.510000,,,44.791012,39.560932,53.650002,34.041744,52.275002,37.580002,,38.360001,,30.030001,73.769997,,,26.700001,,14.785192,,28.225000,19.360001,43.250000,35.441368,,0.478036,1436.000000,2.309500,42.924713,43.250000,40.325001,,38.790001,28.924999,9.550141,27.191832,21.910000,,19.264999,45.174999,70.871689,,15.370000,46.959999,144.012741,98.260002,41.450001,35.730000,20.580000,9.191644,85.162521,37.650002,,61.840843,25.230000,47.380001,22.088842,27.180000,32.910000,72.006691,26.480000,,,44.637417,39.516129,54.110001,33.747627,52.985001,36.630001,,37.759998,,30.500000,72.570000,,,25.430000,,14.549817,,28.209999,19.190001,42.540001,35.388668,
2004-04-30,0.476964,1445.000000,2.303000,42.977230,43.250000,40.340000,,39.000000,29.075001,9.606373,27.443396,21.730000,,19.290001,45.700001,71.461243,,15.470000,47.025002,144.348221,98.510002,42.680000,35.730000,20.200001,9.159855,85.095604,37.799999,,62.070950,25.230000,47.430000,22.163420,27.559999,32.959999,71.948158,26.590000,,,44.569656,40.098564,54.400002,33.728653,53.299999,36.529999,,38.310001,,31.400000,72.650002,,,25.580000,,14.602377,,28.299999,19.256666,42.900002,35.441368,,0.460357,1433.000000,2.180000,42.845936,42.689999,40.244999,,38.865002,28.940001,9.422056,27.176584,20.910000,,19.315001,45.750000,70.907417,,15.360000,46.810001,143.533493,96.750000,42.000000,35.189999,20.150000,8.946412,84.292542,37.599998,,62.751678,25.285000,47.700001,21.981638,27.230000,32.910000,72.307693,26.129999,,,44.836189,40.143368,54.490002,33.927895,52.895000,36.790001,,37.279999,,31.100000,73.209999,,,25.100000,,14.570384,,28.230000,19.000000,42.549999,35.388668,
2004-05-03,0.464286,1440.000000,2.174000,42.880947,43.250000,40.115002,,38.950001,28.945000,9.415808,27.203266,21.120001,,19.315001,45.805000,71.586304,,15.200000,46.794998,144.348221,96.949997,42.000000,35.250000,19.750000,9.059946,84.254303,38.009998,,62.962608,25.325001,47.549999,22.046892,27.430000,32.919998,72.324417,26.190001,,,44.840706,40.089607,54.750000,34.051231,52.735001,36.700001,,37.689999,,31.049999,73.309998,,,25.200001,,14.570384,,28.260000,19.000000,42.900002,35.388668,,0.465536,1437.199951,2.220500,43.231068,43.580002,40.490002,,39.685001,29.459999,9.350203,28.167597,21.120001,,19.745001,46.595001,71.121803,,15.270000,47.099998,145.210846,96.919998,42.259998,35.230000,19.770000,8.923706,84.149139,37.860001,,63.691277,25.309999,47.529999,22.307915,27.760000,33.080002,72.767555,26.350000,,,45.152412,40.197132,54.869999,34.364326,53.395000,37.930000,,37.779999,,31.000000,72.480003,,,24.450001,,14.840037,,28.485001,18.846666,43.680000,35.810276,
2004-05-04,0.463750,1433.000000,2.220500,43.196056,43.580002,40.465000,,39.685001,29.334999,9.328335,28.167597,21.180000,,19.850000,46.674999,71.443375,,15.150000,47.174999,145.785950,97.750000,42.580002,35.220001,19.950001,9.019074,84.149139,37.930000,,63.691277,25.260000,47.750000,22.340542,27.879999,33.080002,72.265884,26.350000,,,45.179520,40.681004,54.799999,34.535103,53.160000,37.779999,,38.840000,,31.200001,72.680000,,,24.559999,,14.853748,,28.385000,18.866667,43.639999,35.309620,,0.466786,1433.400024,2.197500,43.161041,43.279999,40.759998,,39.505001,29.365000,9.268978,28.171408,21.370001,,19.995001,46.540001,72.140121,,15.410000,47.314999,145.881790,97.370003,42.720001,35.360001,20.090000,9.028156,85.086044,38.310001,,63.585812,25.135000,47.869999,22.349863,27.610001,32.860001,72.324417,26.330000,,,44.989784,40.913979,54.389999,34.734344,53.150002,37.830002,,38.959999,,31.080000,73.769997,,,24.700001,,15.009141,,28.525000,18.666668,43.520000,35.151516,
2004-05-05,0.467857,1432.000000,2.199000,43.064758,43.130001,40.605000,,39.494999,29.280001,9.281475,28.171408,21.490000,,20.000000,46.349998,72.140121,,15.310000,47.049999,141.951996,97.500000,43.000000,35.230000,20.150000,9.082652,85.803062,38.310001,,63.374882,25.400000,47.799999,22.321898,27.480000,32.799999,72.324417,26.320000,,,44.989784,40.994625,54.299999,34.582542,53.205002,37.830002,,38.900002,,31.650000,73.849998,,,24.990000,,15.013711,,28.299999,18.633333,43.380001,35.046112,,0.475893,1430.000000,2.213000,43.344856,43.759998,40.785000,,39.400002,29.290001,9.140893,28.666914,21.260000,,20.264999,47.195000,71.407646,,15.120000,47.084999,146.121414,96.150002,43.500000,35.259998,20.260000,9.082652,85.047798,38.049999,,63.039310,25.545000,48.299999,22.489697,27.809999,32.630001,71.697327,26.299999,,,45.265350,41.048386,54.520000,34.753323,53.404999,37.939999,,39.209999,,31.799999,74.059998,,,24.910000,,15.084552,,28.309999,18.620001,43.990002,35.388668,
2004-05-06,0.471429,1420.000000,2.179500,43.126030,43.680000,40.455002,,39.200001,29.150000,9.090909,28.624987,21.030001,,20.000000,47.099998,70.657303,,15.000000,47.040001,145.450470,95.150002,43.090000,35.000000,20.180000,8.987284,84.225624,37.799999,,62.799618,25.375000,48.549999,22.373169,27.520000,32.380001,71.170570,26.160000,,,46.055912,40.698925,54.500000,34.753323,53.235001,37.880001,,38.180000,,31.590000,72.050003,,,24.570000,,15.130256,,28.135000,18.600000,43.900002,34.650856,,0.474643,1424.000000,2.157000,43.047253,43.930000,40.049999,,38.924999,29.245001,8.903468,28.400103,21.500000,,20.334999,46.759998,70.299995,,14.890000,46.935001,146.025574,95.150002,43.279999,34.360001,20.100000,8.982743,84.474190,37.599998,,62.943432,25.535000,48.880001,22.279947,27.270000,32.549999,70.877930,26.120001,,,45.220177,40.770611,54.849998,34.677418,53.889999,37.660000,,38.000000,,31.750000,71.550003,,,25.080000,,14.888026,,28.075001,18.193333,43.830002,34.387352,
2004-05-07,0.474107,1415.000000,2.148000,42.627110,43.599998,39.825001,,38.700001,29.170000,8.840987,28.403915,21.500000,,20.250000,46.439999,69.764038,,14.650000,46.700001,145.306702,94.500000,42.730000,33.500000,20.000000,8.991826,83.891014,37.490002,,62.943432,25.450001,48.509998,22.093504,26.980000,32.299999,70.610367,26.030001,,,45.107239,40.367386,54.549999,34.459202,53.750000,37.630001,,37.080002,,31.900000,69.000000,,,24.900000,,14.888026,,28.000000,18.146667,43.500000,34.361000,,0.476250,1407.199951,2.095000,42.443298,43.400002,39.275002,,38.560001,28.815001,8.987816,27.877916,21.690001,,20.469999,45.825001,67.691666,,14.400000,46.720001,143.773117,93.040001,43.060001,33.000000,19.950001,9.082652,84.311661,36.480000,,62.291466,25.370001,48.570000,21.762568,26.709999,32.080002,70.593643,25.780001,,,45.116272,40.259857,54.360001,34.497154,53.360001,36.590000,,37.330002,,31.980000,69.699997,,,25.420000,,14.728062,,27.545000,17.966667,43.250000,34.150200,
2004-05-10,0.469107,1388.000000,2.061500,42.276989,43.000000,39.049999,,38.049999,28.725000,8.875351,27.443396,21.400000,,20.375000,45.250000,67.245026,,14.250000,46.474998,142.575012,90.750000,42.669998,32.599998,19.500000,9.014532,83.747612,35.950001,,62.157238,25.250000,48.299999,21.646042,26.719999,31.980000,69.941475,25.629999,,,44.935574,39.919353,54.299999,34.345352,53.360001,36.400002,,37.139999,,31.459999,66.849998,,,25.219999,,14.524680,,27.375000,17.833332,42.630001,33.992096,,0.469286,1395.000000,2.063000,42.233227,42.590000,38.959999,,36.439999,28.504999,8.762887,27.359541,21.620001,,20.514999,44.584999,66.280304,,14.010000,46.150002,143.916901,92.099998,42.250000,33.439999,19.639999,9.046322,83.059273,35.410000,,61.697029,24.965000,47.759998,21.450275,26.639999,31.600000,69.849495,25.930000,,,44.497375,39.578854,53.799999,34.155598,52.834999,35.680000,,37.189999,,31.290001,66.709999,,,25.629999,,14.305302,,27.395000,18.406668,42.049999,33.728588,
2004-05-11,0.471429,1395.199951,2.096000,42.110683,42.500000,39.000000,,36.630001,28.655001,8.778507,27.298555,21.860001,,20.500000,44.584999,66.619743,,14.010000,46.099998,144.348221,92.250000,41.709999,33.450001,19.680000,9.105359,83.365204,35.900002,,61.649090,24.700001,47.770000,21.487564,26.580000,31.639999,70.627090,26.090000,,,44.497375,39.489246,53.450001,33.965843,53.099998,35.630001,,37.450001,,31.260000,67.500000,,,26.049999,,14.307587,,27.395000,18.406668,42.299999,34.018444,,0.484643,1411.400024,2.135000,42.136944,43.180000,39.215000,,36.549999,28.535000,8.897220,27.896975,22.250000,,19.955000,45.480000,68.031105,,14.380000,45.775002,144.971237,93.110001,41.849998,33.490002,20.010000,9.132607,83.298279,35.189999,,61.284756,25.025000,47.529999,21.790533,26.450001,31.590000,70.359535,25.940001,,,44.023037,39.991039,53.779999,34.070210,53.040001,36.430000,,37.700001,,31.330000,68.370003,,,26.340000,,14.718921,,27.549999,18.176666,42.599998,34.519104,
2004-05-12,0.478393,1402.000000,2.117000,42.014400,43.200001,39.525002,,36.650002,28.434999,8.869103,27.919844,22.170000,,19.940001,45.349998,67.655930,,14.300000,45.555000,143.773117,91.849998,42.080002,33.349998,20.799999,9.014532,83.413002,35.299999,,61.131351,25.000000,47.189999,21.697313,26.270000,31.590000,69.899666,25.870001,,,44.474789,40.080647,53.549999,33.870968,52.990002,36.380001,,37.400002,,31.500000,69.480003,,,26.150000,,14.819470,,27.525000,18.033333,42.270000,34.123848,,0.487500,1425.000000,2.151000,42.198212,43.580002,40.169998,,37.430000,28.455000,8.831615,27.862671,21.959999,,20.049999,45.915001,66.637611,,14.490000,46.355000,145.690094,92.919998,42.049999,33.529999,20.650000,9.132607,82.992355,35.770000,,61.361458,24.959999,47.910000,21.925705,26.070000,31.170000,71.362877,25.940001,,,44.709698,39.955196,53.639999,33.880455,53.070000,36.090000,,36.950001,,31.559999,69.860001,,,25.980000,,14.853748,,27.950001,18.353333,43.000000,33.833992,
2004-05-13,0.483929,1422.000000,2.123000,41.926868,43.630001,39.980000,,37.240002,28.465000,8.797251,27.538687,21.780001,,20.014999,45.770000,66.548279,,14.350000,46.205002,144.491989,93.120003,41.779999,33.250000,20.219999,9.046322,82.973228,35.549999,,61.361458,24.834999,47.849998,21.809177,26.139999,30.950001,71.070236,25.820000,,,44.903950,39.731182,53.200001,33.444023,53.075001,36.049999,,36.599998,,31.370001,68.669998,,,25.850000,,14.819470,,27.825001,18.353333,42.650002,33.491436,,0.485536,1420.199951,2.180500,42.425793,43.619999,40.090000,,37.330002,27.995001,8.725398,27.424337,21.760000,,19.870001,45.935001,67.262894,,14.410000,46.810001,145.450470,93.449997,41.700001,33.720001,20.240000,9.096276,83.355644,35.750000,,61.169704,24.805000,47.619999,21.897739,26.090000,30.600000,70.660538,26.100000,,,45.116272,39.784946,53.150002,33.586338,52.654999,36.060001,,37.570000,,31.350000,69.029999,,,25.700001,,14.798903,,28.049999,18.416668,42.730000,33.807644,
2004-05-14,0.486607,1416.199951,2.185000,42.425793,43.099998,40.174999,,37.250000,27.975000,8.719150,27.443396,21.690001,,19.870001,45.974998,67.280762,,14.480000,46.810001,145.210846,94.120003,41.730000,33.580002,20.389999,9.078111,82.839386,35.730000,,61.169704,24.680000,47.419998,21.897739,26.090000,30.670000,70.242477,26.000000,,,45.120789,39.695339,53.099998,33.415562,52.779999,36.130001,,37.290001,,31.680000,68.320000,,,25.879999,,14.801188,,28.049999,18.433332,42.799999,33.807644,,0.483214,1416.000000,2.152500,42.767159,43.439999,40.099998,,37.845001,27.875000,8.856607,27.950336,21.240000,,20.090000,46.345001,67.245026,,14.700000,47.595001,144.539917,94.010002,41.950001,33.799999,20.450001,8.905540,82.609940,35.660000,,60.987537,25.000000,47.430000,22.060877,26.170000,30.980000,70.075249,25.860001,,,45.039474,39.740143,53.750000,33.776093,53.205002,35.970001,,37.400002,,31.780001,68.080002,,,25.360001,,15.068556,,28.495001,18.353333,43.270000,33.860344,
2004-05-17,0.476786,1398.000000,2.112000,42.452049,42.700001,39.625000,,37.150002,27.750000,8.709778,27.767382,20.760000,,20.090000,46.025002,66.816261,,14.230000,47.049999,142.335388,92.800003,41.970001,33.250000,20.500000,8.755677,81.548759,35.060001,,60.642380,24.815001,47.430000,21.860451,25.750000,30.950001,69.197327,25.469999,,,44.949123,40.206093,53.220001,33.301708,52.939999,35.799999,,36.709999,,32.000000,67.349998,,,24.920000,,15.164534,,28.155001,18.216667,43.299999,33.596840,,0.475714,1387.800049,2.104000,42.688381,42.730000,39.935001,,36.770000,28.084999,8.631678,28.030380,20.930000,,19.750000,45.775002,65.851532,,14.270000,47.189999,143.629349,92.680000,41.910000,33.470001,20.590000,8.855586,81.768639,35.310001,,60.517738,24.905001,46.849998,21.515532,25.870001,30.910000,69.581940,25.540001,,,44.696144,39.955196,53.520000,33.681213,53.139999,35.340000,,36.709999,,31.690001,67.449997,,,25.150000,,15.020567,,28.455000,18.233334,43.049999,33.359684,
2004-05-18,0.481607,1390.000000,2.110000,42.697132,42.840000,40.125000,,37.275002,28.174999,8.734770,28.030380,21.080000,,19.799999,45.775002,66.333900,,14.320000,47.250000,144.012741,93.099998,42.500000,34.450001,20.490000,8.941871,82.294456,35.680000,,60.565678,24.850000,47.090000,21.580786,25.930000,30.850000,69.665550,25.700001,,,44.786495,40.232975,53.439999,33.681213,53.105000,35.320000,,37.110001,,31.770000,68.550003,,,25.500000,,15.020567,,28.549999,18.350000,43.049999,33.544136,,0.483214,1388.599976,2.099500,42.880947,43.020000,40.424999,,36.875000,28.075001,8.787879,27.515816,21.000000,,20.025000,45.095001,66.726936,,14.450000,47.250000,145.833862,93.309998,42.400002,34.619999,20.500000,9.005450,82.275337,35.570000,,60.584850,25.049999,47.090000,22.144775,25.790001,30.610001,69.498329,25.830000,,,45.143379,40.304661,53.250000,33.728653,53.029999,35.540001,,37.500000,,31.820000,69.000000,,,25.230000,,14.538391,,28.924999,18.403334,42.689999,34.097496,
2004-05-19,0.489286,1398.000000,2.119000,42.968475,43.099998,40.590000,,37.250000,28.125000,8.909716,27.481512,21.299999,,20.100000,45.215000,67.709526,,14.690000,47.424999,147.511230,94.750000,42.750000,34.849998,20.600000,9.627611,83.556404,36.000000,,60.882072,25.014999,47.299999,22.186726,26.010000,30.780001,69.397995,26.030001,,,45.355701,40.107529,53.250000,33.965843,53.035000,35.650002,,38.340000,,32.209999,69.559998,,,25.750000,,14.611517,,28.980000,18.540001,42.799999,34.624508,,0.472679,1391.000000,2.084500,42.749653,43.380001,40.325001,,36.900002,27.955000,8.784755,27.157528,21.360001,,19.840000,44.955002,66.816261,,14.080000,46.860001,144.971237,92.680000,42.470001,34.020000,20.209999,9.332425,83.221794,35.740002,,60.076702,24.680000,47.419998,22.205370,25.750000,30.480000,68.821068,25.620001,,,45.084648,40.089607,52.900002,33.368122,52.740002,36.080002,,37.799999,,32.070000,68.949997,,,25.440001,,14.538391,,28.850000,18.260000,42.599998,34.387352,
2004-05-20,0.475536,1391.199951,2.082500,42.758404,43.139999,40.450001,,36.900002,27.875000,8.828491,27.134659,21.290001,,19.825001,44.910000,66.816261,,14.080000,46.779999,145.019150,93.050003,42.299999,34.020000,20.420000,9.391462,83.231361,35.750000,,59.837009,24.590000,47.320000,22.205370,25.700001,30.299999,68.938126,25.750000,,,44.768425,40.125446,52.650002,33.273247,52.555000,36.250000,,38.139999,,32.000000,68.500000,,,25.450001,,14.549817,,28.850000,18.260000,42.560001,34.571804,,0.476964,1400.199951,2.049000,43.178551,42.919998,40.660000,,36.130001,27.985001,8.894096,26.932644,21.520000,,19.980000,44.750000,66.316032,,14.180000,46.610001,144.875381,92.400002,42.180000,34.099998,20.500000,9.414169,83.575523,35.910000,,60.824547,24.815001,46.610001,22.321898,25.309999,29.950001,68.729095,25.730000,,,44.926537,39.856632,53.799999,33.102467,53.345001,36.540001,,37.950001,,31.740000,68.570000,,,25.170000,,14.341865,,29.000000,18.280001,42.730000,34.624508,
2004-05-21,0.480357,1406.000000,2.063500,43.187302,43.150002,40.740002,,36.279999,28.250000,9.022181,27.309992,21.680000,,19.950001,45.000000,66.780533,,14.290000,46.875000,145.258774,92.620003,42.119999,34.250000,20.730000,9.486830,83.738052,35.880001,,61.121765,25.135000,46.880001,22.582916,25.330000,30.270000,68.938126,25.969999,,,45.116272,40.116486,54.000000,33.149906,53.424999,37.500000,,38.169998,,31.930000,69.900002,,,25.250000,,14.453839,,29.100000,18.333332,42.980000,34.782608,,0.484107,1403.000000,2.058500,43.441139,43.400002,40.735001,,36.514999,28.615000,8.934708,26.860224,21.639999,,19.930000,44.805000,67.423683,,14.240000,46.724998,146.888199,91.739998,41.930000,34.470001,20.650000,9.455041,83.298279,36.080002,,61.524448,24.690001,46.860001,22.634190,25.450001,29.920000,69.331100,25.889999,,,45.197590,39.731182,53.459999,33.026566,53.455002,36.869999,,37.750000,,31.850000,69.279999,,,24.940001,,14.524680,,29.025000,18.363333,42.599998,35.177868,
2004-05-24,0.487321,1411.000000,2.064500,43.607445,44.220001,40.919998,,37.500000,28.740000,9.097157,26.883093,21.770000,,20.025000,44.950001,68.781448,,14.470000,46.924999,148.278015,92.449997,41.880001,34.599998,20.639999,9.491371,83.891014,36.270000,,61.764141,24.799999,47.000000,22.783344,25.400000,30.000000,69.339462,26.049999,,,45.346664,40.035843,53.750000,32.988613,53.459999,36.939999,,38.450001,,31.940001,69.529999,,,25.150000,,14.625229,,29.200001,18.423332,42.660000,35.230568,,0.488214,1396.000000,2.081500,43.703728,44.560001,40.775002,,37.000000,28.400000,8.990940,27.653032,21.650000,,19.990000,45.084999,68.138298,,14.290000,46.830002,147.511230,91.730003,41.820000,34.650002,20.690001,9.418710,83.269600,36.080002,,61.294342,24.915001,47.560001,22.755377,25.350000,29.950001,69.021736,25.760000,,,45.274384,39.910393,53.419998,32.685009,53.084999,36.950001,,38.389999,,31.910000,69.209999,,,24.850000,,14.853748,,29.165001,18.330000,42.799999,34.993412,
2004-05-25,0.491071,1394.400024,2.087500,43.589939,44.549999,40.610001,,36.900002,28.410000,9.044049,27.717831,21.570000,,20.004999,45.549999,67.906044,,14.300000,46.820000,147.127823,91.730003,42.180000,34.660000,20.500000,9.436876,82.934990,36.090000,,61.198467,24.850000,47.570000,22.815971,25.200001,29.950001,69.013374,25.709999,,,45.107239,40.161289,53.220001,32.514233,52.980000,36.599998,,38.599998,,32.220001,68.599998,,,24.740000,,14.860603,,29.165001,18.280001,43.000000,35.098812,,0.507321,1440.000000,2.181000,44.167637,44.700001,41.220001,,37.325001,28.580000,9.237738,28.114235,22.240000,,20.575001,45.834999,69.120888,,14.680000,47.400002,149.571976,93.110001,42.750000,35.299999,20.959999,9.545867,84.799232,36.840000,,62.607861,25.195000,48.230000,23.118940,25.450001,29.879999,69.933113,26.100000,,,46.299858,40.349461,53.820000,32.960152,53.880001,37.099998,,39.410000,,32.660000,69.800003,,,25.330000,,14.958867,,29.375000,18.496668,43.820000,35.388668,
2004-05-26,0.505893,1439.000000,2.193000,43.896294,44.349998,41.055000,,37.325001,28.580000,9.293971,28.159973,22.240000,,20.575001,45.834999,69.317406,,14.680000,47.235001,149.428192,93.029999,42.700001,35.250000,20.850000,9.536785,84.741875,36.849998,,62.579098,25.209999,48.240002,22.974447,25.540001,29.900000,70.000000,25.990000,,,46.146263,40.008961,53.869999,32.846298,53.505001,37.180000,,39.299999,,32.490002,70.150002,,,25.330000,,15.082267,,29.375000,18.400000,43.779999,35.177868,,0.509107,1442.199951,2.234500,43.983826,44.759998,41.470001,,37.424999,28.945000,9.275226,27.969395,22.350000,,20.520000,45.490002,69.638985,,15.020000,46.939999,149.955368,93.389999,42.919998,35.459999,20.799999,9.650318,84.464630,36.830002,,62.694153,25.110001,48.529999,22.979109,25.750000,30.010000,70.234116,26.139999,,,46.191437,40.421146,53.299999,33.102467,53.799999,37.040001,,39.540001,,32.630001,69.930000,,,25.040001,,15.086837,,29.559999,18.426666,43.549999,35.915680,
2004-05-27,0.508214,1450.000000,2.263500,44.290180,45.000000,41.500000,,37.625000,28.945000,9.353327,27.973206,22.540001,,20.625000,45.514999,70.478653,,15.200000,47.424999,150.003296,94.199997,42.830002,35.500000,21.240000,9.750227,84.847038,36.990002,,63.269417,25.450001,48.900002,23.016397,25.950001,30.110001,70.693977,26.160000,,,46.250164,40.591396,53.470001,33.206833,53.865002,37.150002,,40.099998,,33.299999,70.699997,,,25.150000,,15.139397,,29.775000,18.500000,43.650002,36.073780,,0.503036,1456.000000,2.381000,44.657806,46.200001,41.305000,,37.584999,28.760000,9.178382,27.622540,22.540001,,20.980000,45.105000,71.246857,,15.040000,47.860001,149.811600,93.290001,43.250000,35.840000,21.549999,9.600363,84.694077,36.950001,,63.537872,25.660000,49.880001,23.002415,26.270000,30.030001,71.028427,26.190001,,,46.981998,41.146954,53.529999,33.586338,54.290001,37.259998,,40.240002,,33.520000,71.099998,,,25.840000,,14.849177,,29.525000,18.656668,43.369999,36.152832,
2004-05-28,0.501429,1462.000000,2.363500,44.570274,46.000000,41.305000,,37.625000,28.790001,9.209622,28.148539,22.600000,,20.985001,45.000000,71.086067,,15.030000,47.674999,149.859512,93.290001,42.500000,35.840000,21.500000,9.695731,84.588913,36.869999,,63.691277,25.690001,49.799999,22.960464,26.360001,30.080000,71.070236,26.139999,,,46.981998,40.367386,53.549999,33.785580,54.145000,37.279999,,40.500000,,33.340000,72.000000,,,25.959999,,14.849177,,29.500000,18.656668,43.099998,35.836628,,0.501071,1466.000000,2.425000,44.377708,45.799999,41.564999,,37.674999,28.600000,9.044049,27.950336,22.370001,,20.840000,45.200001,71.282593,,14.850000,47.814999,149.140656,93.910004,42.450001,35.919998,21.600000,9.645777,84.694077,36.840000,,63.183125,25.674999,49.540001,22.993092,26.400000,29.860001,70.702339,26.230000,,,46.588978,40.474911,53.369999,33.529411,53.910000,37.150002,,40.400002,,33.169998,72.349998,,,26.110001,,15.107404,,29.400000,18.576668,43.250000,35.678524,
2004-06-01,0.496250,1460.400024,2.393500,44.333946,45.900002,41.400002,,37.674999,28.639999,9.044049,27.996077,22.100000,,20.799999,45.404999,70.693031,,14.860000,47.650002,148.565552,93.800003,42.290001,35.770000,21.750000,9.645777,84.130020,36.840000,,63.211887,25.600000,49.439999,22.993092,26.209999,29.879999,70.342812,26.129999,,,46.507664,40.376343,53.049999,33.349148,53.755001,37.220001,,39.810001,,32.669998,72.800003,,,25.910000,,15.219378,,29.420000,18.483334,43.500000,35.388668,,0.501071,1460.000000,2.511500,44.290180,45.880001,41.520000,,37.980000,28.770000,9.037801,28.666914,22.240000,,20.809999,45.650002,70.746628,,15.040000,47.814999,148.757263,93.000000,42.770000,35.759998,21.500000,9.613987,84.244743,36.849998,,62.866730,25.535000,49.110001,22.965126,26.469999,29.900000,70.928093,26.110001,,,46.688362,40.537636,53.459999,33.633778,54.299999,37.200001,,40.070000,,32.599998,72.769997,,,25.860001,,15.683272,,29.315001,18.480000,43.700001,35.309620,
2004-06-02,0.500536,1474.000000,2.524500,44.509007,47.220001,41.770000,,38.049999,28.895000,9.090909,28.754581,22.290001,,20.809999,45.849998,71.336182,,15.200000,47.814999,149.428192,93.000000,43.279999,35.000000,21.600000,9.636694,84.741875,37.049999,,62.607861,25.799999,49.400002,23.063007,26.200001,30.020000,71.446487,26.120001,,,46.688362,40.752689,53.380001,33.728653,54.424999,37.200001,,40.459999,,33.040001,72.599998,,,25.950001,,15.710695,,29.400000,18.480000,43.849998,35.520424,,0.516429,1477.199951,2.517500,44.570274,46.750000,41.564999,,38.209999,28.709999,8.990940,28.464899,22.410000,,20.809999,45.685001,72.015068,,14.890000,48.500000,149.044800,91.769997,41.389999,35.669998,21.780001,9.677566,84.110901,37.299999,,62.847553,25.969999,49.959999,23.361317,26.430000,30.049999,71.580269,26.129999,,,47.103973,40.860214,54.259998,33.908916,54.404999,37.240002,,40.080002,,32.759998,72.879997,,,25.180000,,15.310786,,29.260000,18.783333,43.779999,35.256916,
2004-06-03,0.512857,1476.000000,2.492500,44.430229,46.450001,41.525002,,38.014999,28.559999,8.931584,28.514450,22.290001,,20.775000,45.705002,71.586304,,14.880000,48.505001,149.044800,91.779999,41.720001,35.500000,21.530001,9.595822,83.986618,37.150002,,62.837967,25.975000,49.959999,23.286739,26.430000,30.049999,71.454849,26.049999,,,47.162701,40.681004,54.049999,33.776093,54.349998,37.200001,,39.950001,,32.450001,73.309998,,,24.950001,,15.345064,,29.260000,18.683332,43.709999,34.993412,,0.507143,1469.000000,2.470000,44.421474,46.099998,41.514999,,37.575001,28.525000,8.872227,28.544945,22.350000,,20.799999,45.470001,68.692116,,14.750000,48.275002,148.565552,90.550003,42.080002,35.480000,21.500000,9.591281,83.508606,36.959999,,62.253117,25.885000,49.509998,23.268097,26.520000,30.690001,70.877930,25.889999,,,46.936825,40.555557,53.970001,33.728653,53.974998,36.459999,,39.630001,,32.410000,73.169998,,,24.340000,,15.137112,,29.145000,18.866667,43.549999,34.782608,
2004-06-04,0.510000,1481.000000,2.502500,44.640301,46.299999,41.625000,,37.805000,28.655001,8.862855,28.594494,22.840000,,21.000000,45.455002,69.496056,,14.770000,48.320000,149.524048,91.500000,42.080002,35.570000,22.000000,9.613987,84.082214,37.299999,,62.492809,26.010000,49.570000,23.491827,26.860001,30.790001,71.321068,26.030001,,,46.991035,40.887096,53.970001,33.918407,54.235001,36.619999,,39.799999,,33.040001,73.970001,,,24.650000,,15.191956,,29.400000,19.016666,43.500000,34.808960,,0.513929,1482.000000,2.547500,44.622795,46.900002,41.799999,,37.750000,28.459999,8.997188,28.182842,22.780001,,20.955000,45.099998,70.103477,,14.910000,48.705002,149.667816,91.519997,42.369999,35.330002,22.200001,9.654859,83.709366,37.279999,,62.061359,26.135000,49.299999,23.538439,26.860001,30.270000,70.953178,25.950001,,,46.972965,41.236561,54.340000,33.795067,53.935001,36.560001,,40.009998,,33.029999,74.559998,,,25.209999,,14.844607,,29.295000,18.863333,43.369999,35.309620,
2004-06-07,0.518571,1494.000000,2.584500,44.771595,47.500000,41.869999,,38.099998,28.465000,9.065917,28.301003,23.070000,,21.125000,45.294998,70.657303,,14.980000,48.860001,150.865936,92.349998,42.099998,35.580002,22.450001,9.750227,84.847038,37.529999,,62.464046,26.135000,49.500000,23.585049,26.969999,30.260000,70.953178,26.020000,,,46.981998,41.505375,54.349998,34.155598,54.130001,36.709999,,40.470001,,33.450001,75.540001,,,25.600000,,14.881170,,29.395000,18.903334,44.000000,35.704876,,0.532321,1496.000000,2.588000,45.034184,48.130001,42.314999,,38.849998,28.799999,9.175258,28.891798,23.889999,,20.955000,46.080002,71.139664,,15.200000,49.389999,151.824417,93.580002,42.549999,35.840000,22.850000,9.836512,84.741875,38.139999,,63.163952,26.355000,49.799999,23.836746,26.610001,30.639999,71.220734,26.430000,,,47.433750,41.863800,54.669998,34.174572,54.750000,37.660000,,41.160000,,33.799999,76.709999,,,26.230000,,15.297075,,29.504999,19.166668,44.000000,36.284584,
2004-06-08,0.535536,1493.000000,2.565000,44.841618,48.000000,42.075001,,38.599998,28.625000,9.112777,28.891798,23.559999,,20.725000,46.244999,70.710899,,15.200000,49.049999,151.201401,93.580002,42.560001,35.750000,22.650000,9.763851,84.741875,38.049999,,63.317352,26.200001,49.939999,23.608355,26.690001,30.540001,70.903008,26.280001,,,47.365990,41.532257,54.500000,34.013283,54.674999,37.650002,,41.279999,,33.410000,75.949997,,,25.670000,,15.297075,,29.440001,19.083332,43.990002,36.363636,,0.541964,1482.400024,2.597000,45.226749,48.090000,42.075001,,38.560001,28.885000,9.287723,28.495394,23.740000,,20.885000,45.575001,71.086067,,15.420000,48.990002,150.818008,94.000000,42.930000,35.930000,22.860001,9.990917,86.080307,38.060001,,63.451584,26.305000,50.389999,23.864714,26.840000,30.559999,72.015053,26.600000,,,47.492477,41.935486,54.950001,34.288425,55.145000,38.150002,,41.730000,,33.549999,76.010002,,,26.040001,,14.771481,,29.400000,19.226667,43.889999,36.205536,
2004-06-09,0.537321,1478.000000,2.581000,45.034184,48.090000,41.950001,,38.490002,28.889999,9.194002,28.457277,23.580000,,20.825001,45.299999,70.782364,,15.350000,48.799999,150.482529,94.010002,42.779999,35.480000,22.600000,9.990917,85.946465,37.990002,,63.652924,25.950001,50.500000,23.734203,26.889999,30.549999,71.906357,26.400000,,,47.433750,41.523296,54.720001,34.250473,55.025002,38.169998,,40.900002,,33.029999,75.750000,,,25.799999,,14.796618,,29.400000,19.166668,43.349998,36.179184,,0.539286,1467.599976,2.512000,44.841618,48.660000,41.775002,,37.700001,29.055000,9.212746,28.243828,23.559999,,20.740000,45.000000,70.996742,,15.400000,49.150002,149.428192,93.000000,42.759998,35.439999,22.350000,9.954587,86.128105,37.680000,,63.394054,25.879999,50.080002,23.668947,26.580000,30.510000,71.413040,26.469999,,,47.379539,41.146954,54.599998,33.994308,55.380001,37.720001,,40.400002,,32.500000,75.000000,,,25.219999,,15.130256,,29.000000,19.010000,43.450001,36.627140,
2004-06-10,0.539286,1468.000000,2.520000,44.972916,48.619999,41.755001,,37.825001,28.955000,9.256482,28.316250,23.670000,,20.740000,45.275002,70.996742,,15.540000,49.000000,149.284424,93.010002,42.500000,35.639999,22.400000,9.954587,86.261948,37.709999,,63.374882,26.000000,50.299999,23.585049,26.740000,30.379999,71.438126,26.379999,,,47.614449,41.075268,54.580002,34.089184,55.380001,37.700001,,40.650002,,32.630001,75.949997,,,25.500000,,15.166819,,29.225000,19.143333,43.650002,36.890648,,0.548929,1465.199951,2.497000,44.815361,48.750000,42.105000,,37.799999,29.075001,9.250234,28.605928,23.820000,,21.260000,45.395000,71.228996,,15.580000,49.400002,150.913849,93.010002,42.509998,35.750000,22.580000,9.877384,86.481834,37.799999,,63.163952,25.815001,50.950001,23.342672,27.049999,30.980000,72.090302,26.770000,,,47.569275,41.182796,54.950001,33.833015,55.259998,37.689999,,40.799999,,32.810001,76.379997,,,25.129999,,14.984004,,29.305000,19.066668,43.980000,37.206852,
2004-06-14,0.547321,1462.000000,2.467000,44.465240,48.500000,41.849998,,37.799999,28.900000,9.169010,28.605928,23.530001,,21.260000,45.049999,70.567978,,15.540000,49.200001,150.242905,92.150002,41.599998,35.500000,21.900000,9.718438,86.089867,37.730000,,63.163952,25.615000,51.049999,23.585049,26.830000,31.000000,71.571907,26.549999,,,47.411163,40.197132,54.700001,33.576851,55.000000,37.689999,,39.759998,,32.090000,75.449997,,,24.850000,,14.986289,,29.250000,18.900000,43.990002,37.206852,,0.537857,1455.199951,2.462500,44.684067,48.830002,41.275002,,37.380001,29.049999,9.003436,28.148539,23.320000,,21.230000,45.000000,70.460785,,15.220000,48.904999,151.297241,91.529999,41.570000,35.509998,21.900000,9.804723,86.108986,37.570000,,62.617451,25.690001,50.450001,23.417250,27.000000,30.719999,71.195648,26.900000,,,47.420197,40.555557,54.660000,33.349148,55.270000,37.799999,,39.759998,,32.110001,74.989998,,,24.459999,,14.929159,,29.020000,18.793333,43.849998,37.417656,
2004-06-15,0.545357,1462.000000,2.485500,45.051689,49.900002,41.599998,,37.500000,29.084999,9.062793,28.224771,23.500000,,21.389999,45.165001,70.710899,,15.280000,49.000000,151.872345,92.180000,41.779999,35.799999,22.110001,9.850136,86.510513,37.599998,,62.857143,25.924999,50.299999,23.860052,27.000000,30.780001,71.864548,26.990000,,,47.533134,40.860214,54.880001,33.444023,55.299999,38.200001,,40.450001,,32.299999,77.000000,,,24.830000,,15.070841,,29.299999,18.883333,44.009998,37.523056,,0.548036,1443.000000,2.505500,44.832867,49.250000,42.115002,,37.695000,29.094999,9.203374,28.434408,23.639999,,21.299999,45.299999,70.085617,,15.410000,49.130001,152.447433,90.209999,41.950001,35.770000,22.510000,9.854678,86.558319,37.250000,,62.607861,25.615000,49.840000,23.515133,26.680000,30.740000,71.530098,27.410000,,,47.406647,40.967743,55.180000,33.292221,55.520000,38.500000,,40.470001,,32.619999,77.900002,,,24.629999,,15.319927,,29.125000,18.903334,44.080002,38.023716,
2004-06-16,0.547500,1441.000000,2.504500,44.806606,49.470001,42.125000,,37.709999,29.125000,9.197126,28.605928,23.760000,,21.290001,45.650002,70.103477,,15.460000,49.165001,152.303665,90.489998,42.570000,35.779999,22.680000,9.818347,86.281075,37.279999,,62.751678,25.545000,49.750000,23.515133,26.740000,30.830000,71.530098,27.340000,,,47.379539,40.788528,55.250000,33.292221,55.500000,38.639999,,40.349998,,32.610001,78.550003,,,24.629999,,15.420475,,29.129999,18.900000,44.400002,37.918316,,0.584643,1446.400024,2.528500,45.086704,49.900002,41.965000,,37.005001,29.235001,9.247110,28.971842,23.879999,,21.320000,45.994999,70.067749,,15.630000,49.654999,153.885162,89.980003,42.480000,36.000000,22.740000,9.763851,86.405357,37.320000,,63.221478,25.594999,50.470001,23.403267,26.709999,30.780001,71.279266,27.320000,,,47.966816,40.672043,55.220001,33.415562,55.590000,38.610001,,40.250000,,32.599998,78.540001,,,24.160000,,15.564442,,29.100000,18.706667,44.730000,37.312252,
2004-06-17,0.581429,1443.000000,2.525500,44.990421,49.580002,41.825001,,37.005001,29.170000,9.203374,29.219593,23.450001,,21.290001,46.099998,70.085617,,15.750000,49.654999,153.549698,89.250000,42.259998,35.950001,22.740000,9.673025,86.520073,37.279999,,63.135185,25.594999,50.490002,23.421911,26.610001,30.639999,71.070236,27.309999,,,47.966816,40.770611,54.900002,33.301708,55.584999,38.680000,,40.529999,,32.240002,78.779999,,,24.110001,,15.580439,,29.014999,18.666668,44.799999,37.048748,,0.585893,1445.199951,2.488500,45.042938,49.470001,41.834999,,37.360001,29.174999,9.187754,29.131927,23.360001,,21.190001,46.389999,69.764038,,15.640000,49.639999,155.083267,89.339996,42.520000,35.669998,22.690001,9.577657,86.462715,37.320000,,63.250240,25.545000,49.400002,23.296062,26.719999,30.860001,71.847824,27.770000,,,47.632519,40.851254,54.939999,33.462997,55.185001,39.389999,,40.430000,,31.889999,78.150002,,,23.250000,,15.882084,,29.205000,18.616667,44.770000,37.233204,
2004-06-18,0.583214,1440.000000,2.472000,45.051689,49.320000,41.904999,,37.224998,29.180000,9.078413,29.158607,23.200001,,20.850000,46.400002,69.853363,,15.640000,49.325001,154.987427,89.000000,42.680000,35.680000,22.799999,9.536785,86.233269,37.410000,,63.259827,25.424999,49.799999,23.296062,26.719999,30.850000,71.847824,27.770000,,,47.637039,40.949821,54.820000,33.358635,55.189999,39.389999,,40.439999,,31.680000,78.500000,,,23.190001,,15.870658,,29.275000,18.606667,44.770000,37.154148,,0.587679,1443.400024,2.480000,45.480587,49.799999,42.255001,,37.209999,29.190001,9.272102,29.231028,23.420000,,20.980000,46.709999,71.479111,,15.890000,49.840000,156.137604,89.180000,42.900002,35.369999,23.010000,9.500454,86.099426,37.230000,,63.614574,25.695000,50.680000,23.272757,26.920000,31.200001,72.817726,28.350000,,,47.935192,41.146954,55.000000,33.614799,55.095001,39.130001,,40.799999,,32.099998,79.300003,,,23.180000,,16.028336,,29.299999,18.540001,44.980000,37.470356,
2004-06-21,0.591429,1438.000000,2.472500,45.349293,49.650002,42.255001,,37.450001,29.100000,9.222118,29.234840,23.559999,,21.014999,46.674999,71.461243,,15.950000,49.950001,156.137604,89.889999,42.880001,35.250000,23.280001,9.464124,86.424477,37.200001,,63.710449,25.650000,50.580002,23.240129,26.799999,31.250000,72.658859,28.219999,,,47.935192,41.218639,54.939999,33.444023,55.090000,39.130001,,40.639999,,31.889999,80.720001,,,23.309999,,16.366545,,29.264999,18.400000,44.889999,37.206852,,0.577321,1431.400024,2.488500,45.077950,49.500000,42.470001,,37.490002,29.139999,8.965948,29.211971,22.870001,,20.965000,46.650002,70.996742,,15.650000,49.470001,156.233459,88.790001,42.880001,35.720001,23.090000,9.441417,85.554497,37.000000,,63.394054,25.584999,50.500000,23.193518,26.860001,30.850000,72.976585,28.350000,,,47.451820,41.146954,54.900002,33.396584,55.500000,38.849998,,40.599998,,31.959999,80.430000,,,23.000000,,16.039762,,29.260000,18.309999,44.730000,37.681160,
2004-06-22,0.576786,1431.400024,2.483500,44.885384,49.349998,42.384998,,38.000000,29.100000,8.962824,29.158607,22.879999,,20.900000,46.500000,70.103477,,15.650000,49.375000,155.754211,88.349998,42.520000,35.349998,23.309999,9.423252,85.353729,37.000000,,63.087250,25.490000,50.400002,23.268097,26.719999,30.930000,73.403008,28.150000,,,47.325329,40.940861,54.619999,33.368122,56.340000,38.900002,,40.480000,,31.990000,80.440002,,,23.040001,,16.044333,,29.260000,18.056667,44.430000,37.549408,,0.589286,1446.000000,2.450000,45.077950,49.669998,42.259998,,38.325001,29.340000,8.834739,29.417795,23.219999,,20.840000,46.915001,70.871689,,16.000000,49.590000,157.431564,90.599998,42.730000,35.040001,23.360001,9.486830,86.061188,36.959999,,63.489933,25.510000,50.939999,23.240129,26.900000,30.940001,74.832779,28.290001,,,47.524101,40.905018,55.549999,33.111954,55.900002,38.820000,,40.439999,,31.980000,79.930000,,,23.850000,,16.323126,,29.379999,18.020000,44.900002,38.682476,
2004-06-23,0.589286,1446.000000,2.438500,44.955406,49.500000,42.174999,,38.345001,29.225000,8.828491,29.436853,23.209999,,20.840000,46.990002,70.550110,,16.000000,49.250000,157.479492,91.000000,42.619999,34.900002,23.900000,9.464124,86.137665,37.099998,,63.394054,25.530001,50.849998,23.263433,26.900000,30.709999,74.431435,28.200001,,,47.433750,40.600357,55.450001,33.140415,56.049999,38.950001,,40.340000,,31.830000,80.449997,,,23.870001,,16.339123,,29.350000,18.020000,44.910000,38.392624,,0.601786,1441.599976,2.540500,44.981667,50.669998,42.384998,,38.945000,29.209999,8.815995,29.970474,23.969999,,20.850000,47.439999,72.801140,,16.360001,50.075001,160.163254,91.720001,42.950001,35.439999,24.209999,9.595822,86.797325,37.619999,,63.231064,25.650000,51.810001,23.300722,27.110001,30.780001,74.874580,28.299999,,,48.048130,40.725807,55.490002,33.168880,55.959999,39.740002,,40.490002,,31.959999,81.199997,,,24.320000,,16.976690,,29.525000,17.850000,45.459999,39.130436,
2004-06-24,0.598393,1441.599976,2.550000,44.815361,50.259998,42.474998,,39.070000,29.075001,8.766011,29.920925,23.799999,,20.850000,47.349998,72.461700,,16.360001,49.950001,159.204773,92.250000,42.680000,35.500000,24.250000,9.577657,86.309753,37.619999,,63.116013,25.575001,51.459999,23.300722,27.000000,30.780001,74.540131,28.480000,,,47.912605,40.815411,55.270000,32.941177,55.709999,39.750000,,40.959999,,31.799999,81.250000,,,24.270000,,16.967550,,29.375000,17.860001,45.310001,39.130436,,0.592500,1428.000000,2.551000,44.605289,50.349998,42.720001,,39.549999,29.080000,8.719150,29.768461,23.680000,,20.754999,47.200001,72.229454,,16.150000,49.465000,159.444397,93.190002,42.639999,35.400002,24.389999,9.545867,86.032501,37.770000,,63.077660,25.520000,52.110001,23.291401,27.080000,30.750000,74.063545,28.389999,,,47.885502,40.591396,55.130001,33.026566,55.290001,39.310001,,40.919998,,31.850000,80.779999,,,24.110001,,16.800732,,29.344999,17.716667,45.270000,38.313568,
2004-06-25,0.590536,1429.199951,2.552500,44.640301,50.419998,42.724998,,39.424999,29.040001,8.803499,29.768461,23.719999,,20.760000,47.205002,72.229454,,16.150000,49.299999,159.108917,93.199997,42.250000,35.549999,24.250000,9.518619,85.994263,37.779999,,63.039310,25.559999,52.299999,23.338013,27.040001,30.620001,74.080269,28.480000,,,47.795151,40.439068,55.000000,33.007591,55.380001,39.480000,,40.799999,,32.110001,80.099998,,,24.020000,,16.707039,,29.200001,17.896667,45.279999,38.313568,,0.601786,1435.000000,2.590000,44.946655,51.299999,42.000000,,39.075001,28.674999,8.753515,29.421608,23.430000,,20.670000,46.695000,72.032936,,15.850000,50.299999,154.220642,94.550003,42.349998,35.250000,24.290001,9.450500,85.611855,37.990002,,62.176414,25.049999,51.970001,23.184196,26.990000,30.660000,74.130432,28.570000,,,47.903568,40.564514,54.000000,32.087288,54.750000,39.790001,,41.200001,,31.940001,79.760002,,,24.030001,,16.720751,,28.764999,17.503332,44.250000,38.129116,
2004-06-28,0.610357,1438.000000,2.619000,45.025433,51.299999,42.424999,,39.275002,28.850000,8.753515,29.417795,23.760000,,21.000000,46.820000,72.086525,,16.000000,50.334999,157.191940,95.150002,42.279999,35.500000,24.600000,9.482289,85.764816,38.090000,,62.464046,25.174999,51.900002,23.300722,26.799999,30.639999,74.456520,28.600000,,,47.885502,40.430107,54.009998,32.390892,55.160000,39.849998,,42.000000,,32.139999,81.199997,,,24.410000,,16.796162,,28.889999,17.469999,44.500000,38.735180,,0.580179,1430.599976,2.669500,44.587784,50.209999,42.360001,,38.740002,28.879999,8.644174,28.990898,23.299999,,20.844999,46.410000,71.711357,,15.650000,49.764999,154.843658,93.260002,42.250000,35.459999,24.330000,9.527702,84.808792,37.950001,,63.039310,25.195000,50.790001,23.310045,26.580000,31.000000,74.155518,28.280001,,,47.704800,40.367386,54.169998,32.314991,54.599998,39.430000,,41.520000,,31.799999,80.000000,,,23.780001,,16.407679,,28.875000,17.486668,44.380001,37.681160,
2004-06-29,0.572679,1430.599976,2.661000,44.587784,49.990002,42.230000,,38.700001,28.885000,8.666042,28.891798,23.280001,,20.844999,46.325001,71.729225,,15.640000,49.764999,154.987427,93.000000,41.810001,35.330002,24.540001,9.500454,84.464630,37.950001,,63.116013,25.200001,50.700001,23.235468,26.600000,31.030001,74.155518,28.180000,,,47.578308,39.964157,54.070000,32.428844,54.450001,39.200001,,41.500000,,31.910000,80.650002,,,23.700001,,16.380257,,28.500000,17.403334,44.250000,37.681160,,0.580357,1427.000000,2.685500,44.876633,50.509998,42.285000,,39.410000,29.299999,8.700406,28.834623,23.709999,,21.075001,46.720001,73.122719,,15.870000,50.270000,154.939499,94.000000,41.869999,35.169998,24.480000,9.582198,84.407265,38.290001,,63.154362,25.270000,51.849998,23.272757,26.410000,31.200001,75.083611,28.500000,,,48.292076,39.901436,53.700001,32.580647,54.849998,40.000000,,41.950001,,31.830000,81.730003,,,24.049999,,16.489944,,28.674999,17.326668,44.570000,37.918316,
2004-06-30,0.581429,1426.000000,2.680500,44.745335,50.509998,42.290001,,39.400002,29.225000,8.703530,28.968029,23.780001,,21.150000,46.724998,73.069122,,15.970000,49.985001,155.274963,94.000000,41.220001,35.070000,24.400000,9.514078,84.416824,38.380001,,63.183125,25.225000,51.400002,23.328690,26.420000,31.180000,75.100334,28.570000,,,48.021027,39.919353,53.849998,32.666035,54.779999,39.880001,,41.919998,,31.889999,81.580002,,,24.290001,,16.595064,,28.775000,17.366667,44.520000,37.971012,,0.581071,1425.599976,2.720000,44.972916,51.090000,42.310001,,39.720001,29.225000,8.778507,29.078566,23.700001,,21.010000,47.055000,72.711815,,15.650000,49.650002,155.274963,94.160004,41.459999,35.200001,24.320000,9.582198,84.273422,38.770000,,63.163952,25.240000,52.080002,23.249451,26.000000,31.680000,75.259193,28.559999,,,48.517948,39.874554,53.880001,32.523720,54.439999,40.070000,,41.810001,,31.990000,81.620003,,,24.180000,,16.855576,,28.615000,17.500000,44.410000,38.208168,
2004-07-01,0.573214,1418.000000,2.690000,44.964161,50.099998,42.314999,,39.599998,29.299999,8.800375,29.177666,23.650000,,21.014999,47.025002,72.443832,,15.650000,49.459999,155.274963,94.169998,41.119999,35.209999,24.450001,9.468665,84.397705,38.580002,,63.317352,25.254999,51.599998,23.305384,26.090000,31.600000,75.250839,28.700001,,,48.427601,39.919353,53.970001,32.457306,54.560001,40.000000,,42.099998,,31.920000,82.620003,,,24.070000,,16.876143,,28.584999,17.700001,44.529999,37.681160,,0.576786,1430.000000,2.628000,44.929150,49.900002,41.990002,,39.090000,29.365000,8.694158,29.120493,23.110001,,20.850000,46.735001,70.978882,,15.020000,48.994999,153.405914,93.650002,40.849998,34.990002,24.010000,9.346049,83.652008,38.169998,,63.240650,25.180000,51.430000,23.347334,26.309999,31.180000,73.720734,28.629999,,,48.508915,39.713261,53.549999,32.191650,54.250000,39.500000,,41.220001,,32.099998,82.120003,,,23.540001,,17.095522,,28.295000,17.253332,44.590000,37.444004,
2004-07-02,0.544286,1430.000000,2.631000,44.929150,49.520000,42.000000,,39.090000,29.299999,8.697282,29.120493,23.139999,,20.875000,46.735001,70.835960,,15.030000,48.875000,153.118378,93.849998,41.220001,34.990002,23.650000,9.346049,83.604210,38.180000,,63.279003,25.299999,51.439999,23.347334,26.299999,31.020000,73.854515,28.620001,,,48.427601,40.188171,53.349998,32.220116,54.279999,39.549999,,41.650002,,32.110001,81.699997,,,23.440001,,17.081810,,28.350000,17.333332,44.400002,37.444004,,0.555000,1432.000000,2.629500,44.850372,49.520000,42.115002,,38.360001,29.190001,8.734770,29.040449,22.950001,,20.830000,46.625000,70.389320,,14.950000,48.779999,151.776489,93.610001,41.230000,34.689999,23.580000,9.268847,83.212234,38.080002,,63.125599,25.264999,51.570000,23.202841,26.120001,31.020000,73.160538,28.570000,,,48.102341,40.188171,53.240002,32.201138,54.330002,38.860001,,41.680000,,32.160000,81.550003,,,23.020000,,17.170933,,28.615000,17.309999,44.720001,37.285904,
2004-07-06,0.558393,1432.000000,2.627500,44.640301,49.900002,42.005001,,38.360001,29.084999,8.712902,29.177666,22.680000,,20.684999,46.700001,70.121346,,14.800000,48.575001,151.441025,92.610001,40.619999,34.400002,23.440001,9.173479,82.695984,38.000000,,63.422817,25.230000,51.299999,23.146908,26.000000,30.870001,72.801003,28.320000,,,47.840324,39.471325,52.950001,32.163189,54.259998,38.869999,,40.680000,,32.060001,80.150002,,,22.780001,,17.321754,,28.490000,17.266666,44.799999,37.259552,,0.552679,1422.000000,2.562000,44.491501,49.310001,41.830002,,38.365002,29.145000,8.516089,29.116680,22.370001,,20.920000,46.695000,69.621117,,14.960000,48.650002,152.543289,92.199997,40.799999,34.669998,23.290001,9.100817,81.931168,37.250000,,62.991371,25.330000,51.799999,23.226147,26.129999,31.549999,73.202339,28.020000,,,48.292076,39.462364,53.500000,32.134724,54.150002,38.820000,,40.130001,,32.029999,79.470001,,,22.299999,,17.314899,,28.459999,17.360001,45.099998,36.258236,
2004-07-07,0.550893,1416.000000,2.539500,44.509007,49.549999,41.950001,,38.240002,29.125000,8.559825,29.063318,22.410000,,20.924999,46.680000,69.996284,,14.860000,48.599998,152.064041,91.599998,40.410000,34.549999,23.120001,9.087193,81.548759,37.259998,,62.991371,25.254999,51.810001,23.258774,26.049999,31.420000,73.202339,27.670000,,,48.246899,39.686378,53.220001,31.992411,54.150002,38.820000,,39.360001,,32.560001,78.250000,,,22.209999,,17.314899,,28.459999,17.383333,45.099998,36.021080,,0.542679,1415.599976,2.550000,44.649052,49.389999,42.115002,,38.750000,29.049999,8.525461,29.490215,22.420000,,21.049999,46.720001,70.478653,,14.960000,49.375000,153.453842,90.570000,40.669998,35.000000,23.240000,9.200727,81.596558,36.860001,,62.924255,25.209999,53.040001,23.268097,26.420000,31.320000,73.938126,28.100000,,,48.924526,39.686378,53.360001,31.992411,54.419998,39.009998,,39.799999,,32.599998,78.589996,,,22.610001,,17.728519,,28.615000,17.440001,45.369999,36.469036,
2004-07-08,0.538036,1412.000000,2.425500,44.596535,49.389999,41.974998,,38.674999,29.000000,8.594189,29.394926,22.290001,,21.049999,46.480000,70.389320,,14.900000,49.375000,152.734985,89.900002,40.549999,34.799999,22.740000,9.128065,81.261948,36.919998,,62.924255,25.264999,53.040001,23.142246,26.299999,31.370001,73.938126,27.879999,,,48.653477,40.098564,53.150002,31.992411,54.450001,39.009998,,38.650002,,33.160000,77.889999,,,22.150000,,17.728519,,28.475000,17.299999,45.490002,36.126480,,0.538214,1402.400024,2.475000,44.001331,49.970001,41.805000,,38.264999,29.030001,8.628554,29.372057,22.170000,,21.264999,46.674999,69.746170,,14.770000,50.130001,151.920258,90.000000,40.630001,34.290001,22.629999,9.078111,79.971321,36.750000,,62.694153,25.280001,53.299999,22.690123,26.500000,31.570000,73.361206,27.639999,,,48.843208,39.874554,53.180000,32.201138,54.549999,38.130001,,37.959999,,33.000000,77.070000,,,22.290001,,17.362888,,28.469999,17.393333,45.320000,35.836628,
2004-07-09,0.540536,1402.000000,2.493500,44.220158,49.939999,42.049999,,38.549999,29.014999,8.703530,29.444477,22.270000,,21.264999,46.820000,70.389320,,14.970000,50.130001,153.597610,90.699997,40.980000,34.299999,22.799999,9.105359,80.688339,37.040001,,62.895493,25.285000,53.299999,22.769360,26.420000,31.549999,73.745819,27.780001,,,49.231716,40.053764,53.200001,32.258064,54.459999,38.279999,,38.900002,,33.400002,78.000000,,,22.420000,,17.413162,,28.514999,17.400000,45.450001,35.994732,,0.536250,1399.400024,2.416000,43.773754,50.040001,41.955002,,38.540001,28.879999,8.619182,29.482594,22.360001,,21.535000,46.974998,69.942688,,15.160000,50.450001,154.172714,90.050003,40.750000,34.369999,22.980000,9.141689,80.200768,36.830002,,63.211887,25.510000,53.990002,22.811310,26.510000,31.360001,73.285950,27.860001,,,49.240749,39.901436,53.049999,32.258064,54.720001,38.290001,,40.040001,,33.220001,79.010002,,,22.719999,,17.417732,,28.510000,17.253332,45.450001,35.968380,
2004-07-12,0.536071,1395.000000,2.411000,43.633705,49.950001,42.005001,,38.540001,28.825001,8.600437,29.486404,22.160000,,21.584999,46.950001,70.049881,,15.010000,50.375000,154.412338,90.050003,40.250000,34.369999,22.850000,9.082652,80.305923,37.000000,,62.943432,25.510000,53.599998,22.979109,26.420000,31.360001,73.386292,27.670000,,,49.240749,39.991039,52.950001,32.191650,54.790001,38.419998,,39.560001,,33.520000,79.849998,,,22.219999,,17.534279,,28.385000,17.240000,45.250000,35.757576,,0.520357,1411.400024,2.452500,43.511162,50.200001,42.424999,,39.115002,28.830000,8.706654,29.303448,22.290001,,21.219999,46.900002,70.335732,,15.150000,50.785000,156.233459,90.660004,40.290001,34.660000,22.889999,9.132607,80.401527,36.900002,,62.703739,25.415001,54.340000,22.960464,26.820000,31.360001,73.494980,27.889999,,,49.412415,40.250896,53.070000,31.897533,54.880001,38.259998,,39.439999,,33.669998,79.790001,,,22.340000,,17.328611,,28.785000,17.403334,45.439999,35.889328,
2004-07-13,0.522321,1429.800049,2.455500,43.397373,50.200001,42.349998,,38.779999,28.629999,8.700406,29.051884,22.350000,,21.325001,46.884998,70.514381,,15.300000,50.750000,156.856476,90.000000,39.970001,34.700001,23.350000,9.178020,82.122368,36.700001,,62.703739,25.209999,54.000000,22.927837,26.830000,31.299999,73.118729,27.910000,,,49.285927,39.605736,52.919998,32.068310,54.560001,38.459999,,39.419998,,33.330002,82.160004,,,22.330000,,17.333181,,28.610001,17.410000,45.099998,35.757576,,0.521786,1406.199951,2.480000,43.318596,50.259998,42.564999,,39.634998,28.740000,8.684786,29.265333,22.139999,,21.815001,46.990002,69.924828,,15.150000,50.794998,157.383636,90.360001,39.840000,34.860001,23.629999,9.196185,81.500954,37.139999,,63.250240,25.330000,54.520000,23.235468,26.680000,31.080000,73.060204,27.600000,,,48.825142,39.534050,53.180000,32.409866,54.900002,38.610001,,39.349998,,33.430000,82.889999,,,22.420000,,17.392595,,28.885000,17.670000,45.209999,36.389988,
2004-07-14,0.515357,1398.000000,2.447500,43.152290,50.259998,42.299999,,39.474998,28.650000,8.612933,29.177666,22.299999,,21.815001,46.910000,69.245941,,15.050000,50.794998,157.191940,89.559998,40.230000,34.770000,22.950001,9.059946,81.108986,36.869999,,63.039310,25.254999,54.299999,23.212164,27.100000,30.980000,72.382942,27.400000,,,48.834175,39.758064,53.180000,32.258064,54.580002,38.580002,,38.919998,,33.580002,80.169998,,,22.000000,,17.335466,,28.815001,17.543333,44.950001,36.389988,,0.528214,1402.199951,2.475000,43.108524,49.320000,42.150002,,39.389999,28.445000,8.747266,29.768461,22.100000,,21.639999,47.375000,69.817635,,15.100000,49.224998,158.773453,89.889999,39.849998,34.509998,22.900000,9.037239,80.430206,36.450001,,63.106422,25.580000,54.009998,23.123602,27.790001,31.260000,73.737457,28.129999,,,48.382423,39.946236,53.410000,32.267551,55.080002,38.939999,,38.849998,,33.549999,79.639999,,,22.389999,,17.527422,,28.750000,17.526667,45.459999,36.073780,
2004-07-15,0.583214,1402.800049,2.475500,43.239819,49.099998,42.259998,,39.389999,28.445000,8.712902,29.901867,22.170000,,21.750000,47.430000,70.085617,,15.100000,49.025002,158.677597,90.199997,39.790001,34.660000,23.150000,9.019074,80.430206,36.540001,,63.163952,25.674999,53.970001,23.305384,27.799999,31.299999,73.737457,28.049999,,,48.246899,39.793907,52.759998,32.286530,55.080002,38.930000,,39.049999,,33.290001,80.639999,,,22.370001,,17.573126,,28.875000,17.610001,45.369999,36.073780,,0.588036,1390.599976,2.433500,42.802170,49.139999,41.924999,,39.700001,28.450001,8.809747,30.081011,22.129999,,21.420000,47.395000,69.799767,,15.030000,48.665001,159.923630,88.330002,39.299999,34.330002,22.850000,8.923706,80.325050,36.000000,,63.029720,25.420000,53.669998,22.960464,27.910000,30.610001,74.096992,27.870001,,,48.237865,39.157707,51.919998,30.910816,55.009998,39.660000,,38.849998,,33.360001,79.620003,,,21.860001,,17.474863,,28.700001,17.443333,45.320000,35.810276,
2004-07-16,0.585714,1402.000000,2.449500,43.064758,49.599998,42.275002,,39.740002,28.450001,8.950328,30.115316,22.389999,,21.559999,47.794998,71.371918,,15.200000,49.000000,161.121750,89.529999,39.540001,34.639999,22.980000,8.955495,82.265778,36.250000,,63.422817,25.625000,53.980000,23.072330,28.000000,30.549999,74.665550,28.180000,,,48.608299,39.363800,52.299999,30.929790,55.520000,40.200001,,39.549999,,33.389999,79.620003,,,22.049999,,17.881626,,28.990000,17.583332,45.700001,36.363636,,0.575000,1380.199951,2.355000,42.653370,49.130001,42.235001,,38.904999,28.160000,8.716026,30.302082,21.530001,,21.240000,47.700001,70.460785,,14.850000,48.500000,158.581757,87.250000,39.389999,33.919998,22.900000,8.919164,80.573616,35.869999,,63.000957,25.290001,54.700001,22.988432,27.809999,30.299999,73.444817,27.480000,,,48.590229,38.978497,52.299999,30.721064,55.099998,39.549999,,38.630001,,33.150002,79.419998,,,21.139999,,17.909048,,28.955000,17.549999,45.830002,35.019764,
2004-07-19,0.571607,1380.800049,2.363000,42.845936,49.349998,42.400002,,38.910000,28.209999,8.753515,30.237286,21.420000,,21.275000,47.634998,70.621574,,14.850000,48.500000,159.588165,87.500000,39.119999,33.950001,22.879999,8.855586,80.783936,35.950001,,63.240650,25.325001,54.700001,23.142246,27.760000,30.120001,71.488297,27.620001,,,48.789001,39.229389,52.299999,30.844402,55.500000,39.549999,,38.709999,,33.130001,79.250000,,,20.799999,,17.911335,,29.049999,17.553333,45.799999,35.283268,,0.570893,1376.000000,2.301000,42.408283,48.669998,42.689999,,39.095001,28.065001,8.750391,30.157244,21.360001,,21.480000,47.584999,70.121346,,14.980000,48.950001,159.252701,87.500000,39.360001,33.270000,22.969999,8.969119,81.548759,36.000000,,62.972195,25.170000,54.650002,23.030380,27.930000,31.129999,69.439796,27.950001,,,48.680580,38.799282,52.139999,30.464895,54.680000,39.910000,,38.810001,,33.200001,79.070000,,,20.930000,,17.755941,,29.225000,17.620001,45.900002,34.940712,
2004-07-20,0.570536,1376.199951,2.307000,42.320755,48.680000,42.575001,,39.099998,28.014999,8.716026,30.130562,21.420000,,21.480000,47.459999,70.121346,,14.970000,48.750000,158.773453,87.250000,40.040001,33.349998,22.870001,8.937330,81.864243,35.930000,,62.876320,25.045000,54.400002,23.128263,28.030001,30.980000,69.774246,28.000000,,,48.689613,40.322582,51.820000,30.464895,54.889999,39.700001,,39.150002,,33.340000,78.620003,,,21.000000,,17.801645,,29.075001,17.500000,45.740002,34.729908,,0.575000,1375.599976,2.349500,42.994736,48.759998,42.630001,,39.035000,28.309999,8.856607,30.218227,21.879999,,21.690001,47.384998,70.567978,,14.600000,48.825001,159.156845,89.699997,39.900002,33.990002,23.110001,9.082652,82.562141,36.400002,,62.972195,25.040001,55.099998,23.086313,28.160000,31.799999,71.070236,28.320000,,,49.186539,40.967743,51.660000,30.673624,54.500000,40.070000,,39.369999,,33.639999,78.760002,,,21.760000,,17.641682,,29.030001,17.750000,45.900002,35.019764,
2004-07-21,0.578929,1375.599976,2.366000,43.196056,48.700001,42.724998,,39.224998,27.650000,8.840987,30.172489,22.209999,,21.799999,47.389999,71.282593,,14.700000,49.759998,159.731934,89.699997,40.070000,34.220001,23.200001,9.187103,82.934990,37.250000,,63.087250,24.975000,55.029999,23.240129,28.200001,31.940001,71.237457,29.889999,,,49.421452,40.833332,51.509998,30.967743,54.400002,40.150002,,39.400002,,33.790001,79.300003,,,22.250000,,17.669104,,29.075001,17.786667,45.779999,35.309620,,0.564643,1347.000000,2.238000,42.320755,47.720001,41.955002,,38.474998,27.500000,8.712902,29.608376,21.170000,,21.440001,46.965000,70.460785,,14.530000,48.775002,156.233459,87.419998,39.730000,33.529999,23.049999,8.941871,81.548759,36.820000,,61.073826,24.600000,54.299999,23.151569,27.660000,31.490000,69.882942,28.860001,,,49.240749,40.698925,51.119999,30.360531,53.240002,40.610001,,37.959999,,33.669998,78.190002,,,20.629999,,16.935558,,28.625000,17.706667,45.169998,34.519104,
2004-07-22,0.558036,1347.199951,2.185500,42.014400,47.720001,41.915001,,36.250000,27.200001,8.706654,29.806578,21.200001,,21.350000,46.965000,70.228539,,14.510000,48.549999,155.993835,87.019997,39.750000,33.349998,23.350000,8.860127,81.261948,36.529999,,61.083412,24.525000,53.950001,23.118940,27.700001,31.309999,69.414719,29.070000,,,49.014874,40.752689,50.950001,30.360531,53.200001,40.619999,,37.849998,,33.750000,78.430000,,,20.500000,,16.956123,,28.475000,17.583332,45.110001,34.440052,,0.565714,1344.599976,2.291000,42.303249,47.299999,42.435001,,36.764999,26.924999,8.815995,29.657927,21.389999,,21.275000,47.119999,69.281677,,14.650000,48.380001,157.575348,87.760002,40.599998,33.799999,23.209999,9.064487,82.275337,36.779999,,62.799618,24.485001,53.320000,22.522324,27.570000,31.139999,69.983276,29.000000,,,48.246899,40.931900,50.529999,30.844402,53.380001,39.849998,,38.380001,,33.820000,78.230003,,,21.250000,,16.759598,,28.545000,17.636667,45.389999,35.072464,
2004-07-23,0.563036,1341.000000,2.123500,42.014400,47.310001,42.389999,,36.764999,26.825001,8.731646,29.635056,21.260000,,21.250000,47.119999,69.192345,,14.650000,48.349998,157.335724,86.809998,40.400002,33.700001,22.709999,9.069028,81.931168,36.599998,,62.703739,23.430000,53.150002,22.522324,27.370001,31.070000,69.983276,28.379999,,,48.156551,40.465950,50.299999,30.815939,55.970001,40.299999,,38.540001,,33.000000,78.050003,,,21.000000,,16.759598,,28.490000,17.633333,45.270000,35.968380,,0.548214,1362.000000,1.999000,42.110683,47.060001,42.430000,,36.610001,26.320000,8.744142,29.413984,20.930000,,20.980000,46.849998,68.924370,,14.670000,48.709999,155.850067,87.550003,40.220001,33.000000,22.660000,8.891916,81.118546,36.529999,,61.754555,22.584999,53.220001,22.526983,27.080000,30.510000,69.080269,28.030001,,,48.147514,40.224014,50.869999,30.645161,52.490002,40.450001,,37.980000,,33.099998,77.209999,,,20.790001,,16.862431,,28.320000,17.719999,45.320000,36.363636,
2004-07-26,0.550893,1368.000000,2.011500,42.110683,47.099998,42.314999,,36.615002,26.385000,8.762887,29.356812,20.840000,,21.049999,46.950001,68.924370,,14.630000,48.840000,156.568924,87.720001,40.099998,33.049999,23.230000,8.896458,81.118546,36.439999,,61.649090,22.674999,52.970001,22.494356,27.209999,30.850000,69.080269,28.360001,,,48.111374,40.367386,50.869999,30.597723,52.619999,40.349998,,38.230000,,33.020000,78.500000,,,20.650000,,16.919561,,28.285000,17.700001,45.270000,36.416336,,0.558214,1380.000000,1.939000,42.802170,47.000000,42.634998,,36.299999,26.350000,8.781631,29.017580,20.540001,,20.674999,46.730000,68.620659,,14.740000,48.535000,154.843658,87.029999,39.810001,32.880001,23.049999,8.960036,81.347992,36.470001,,61.773731,22.150000,52.200001,22.573595,26.980000,30.520000,68.252510,28.660000,,,48.075233,40.304661,51.549999,30.113852,53.119999,41.049999,,37.980000,,32.849998,77.739998,,,20.629999,,16.537933,,28.410000,17.549999,45.330002,36.047432,
2004-07-27,0.567857,1392.000000,1.960000,42.977230,47.349998,42.639999,,36.299999,26.445000,8.897220,29.021391,20.570000,,20.684999,46.560001,68.620659,,14.770000,48.674999,155.754211,87.029999,40.169998,32.980000,22.900000,8.955495,81.835564,36.630001,,61.744965,22.174999,51.250000,22.573595,26.900000,30.600000,68.545151,28.700001,,,47.930676,40.098564,51.599998,30.113852,53.119999,41.110001,,38.400002,,32.830002,77.470001,,,20.600000,,16.453382,,28.465000,17.660000,45.320000,36.047432,,0.579107,1416.800049,1.955500,43.274834,48.220001,42.500000,,36.084999,26.530001,8.978444,29.311071,20.709999,,21.309999,46.924999,69.817635,,14.880000,49.070000,157.191940,88.790001,40.400002,33.430000,23.080000,9.082652,82.103249,36.910000,,62.579098,21.875000,52.400002,22.606222,27.490000,30.600000,69.439796,28.440001,,,48.129444,40.125446,51.000000,30.455408,53.889999,42.189999,,38.869999,,32.009998,78.300003,,,20.590000,,16.748173,,28.715000,17.966667,45.410000,35.862980,
2004-07-28,0.576964,1417.000000,1.964500,43.283585,48.740002,42.314999,,36.090000,26.420000,8.781631,29.242462,20.549999,,21.275000,46.845001,69.996284,,14.780000,48.945000,159.588165,88.269997,40.549999,33.389999,23.350000,8.973660,82.103249,37.000000,,62.416107,21.875000,52.410000,22.606222,27.250000,30.450001,69.439796,28.340000,,,47.795151,39.758064,50.990002,30.151802,53.049999,42.189999,,38.900002,,31.750000,78.650002,,,20.500000,,16.828154,,28.590000,17.959999,45.250000,35.177868,,0.576250,1421.599976,1.898500,43.668716,49.009998,42.465000,,36.715000,26.725000,8.609809,29.219593,20.500000,,20.940001,47.154999,70.389320,,15.190000,49.255001,159.540237,88.709999,40.660000,33.500000,23.670000,9.050863,82.074570,37.070000,,62.253117,21.840000,53.090000,22.750715,27.309999,30.340000,68.553513,28.580000,,,48.517948,40.035843,51.189999,30.000000,53.439999,42.450001,,39.340000,,32.070000,78.599998,,,20.760000,,16.805302,,28.715000,17.969999,45.810001,35.546772,
2004-07-29,0.579821,1429.599976,1.915500,43.703728,49.400002,42.599998,,36.974998,26.799999,8.750391,29.311071,20.760000,,21.049999,47.424999,71.318321,,15.090000,49.500000,159.827789,89.650002,40.570000,33.650002,23.920000,9.164396,82.456978,37.250000,,62.492809,21.840000,53.450001,22.867243,27.290001,30.520000,69.138794,28.780001,,,48.526985,39.829750,51.189999,30.180265,53.380001,42.669998,,39.849998,,32.410000,78.599998,,,21.000000,,17.024679,,28.875000,18.026667,46.060001,35.546772,,0.582857,1407.000000,1.929000,43.729988,49.680000,42.485001,,36.965000,26.645000,8.603561,29.768461,20.799999,,21.004999,47.740002,72.354507,,14.950000,49.674999,159.156845,89.690002,40.669998,33.720001,23.950001,9.178020,82.954109,37.139999,,61.591564,21.530001,53.330002,22.699444,27.240000,30.520000,68.662209,28.480000,,,47.659626,39.991039,49.900002,30.294119,52.919998,43.330002,,39.900002,,32.849998,78.930000,,,21.340000,,17.166363,,28.865000,17.826668,46.029999,36.152832,
2004-07-30,0.583036,1409.599976,1.925000,43.791260,49.900002,42.415001,,36.965000,26.510000,8.528585,29.863750,20.820000,,20.975000,48.250000,71.782822,,14.900000,49.775002,158.485901,89.050003,40.750000,33.599998,24.200001,9.182561,82.648186,37.000000,,61.351871,21.535000,53.220001,22.676140,27.250000,30.400000,68.662209,28.450001,,,48.066200,40.143368,49.950001,30.199242,52.779999,43.340000,,39.950001,,33.130001,79.940002,,,21.160000,,17.367458,,28.809999,17.783333,46.130001,35.783924,,0.577500,1413.000000,1.946000,43.983826,50.750000,42.505001,,36.744999,26.600000,8.559825,30.023838,20.920000,,20.934999,47.825001,71.264725,,14.720000,49.410000,159.348541,88.190002,40.950001,33.720001,24.270000,9.150772,83.240921,37.330002,,61.428570,21.930000,52.990002,22.746056,27.500000,30.549999,68.862877,28.490000,,,47.524101,40.017921,50.000000,30.322580,52.150002,42.900002,,40.009998,,33.049999,80.000000,,,21.330000,,17.120659,,28.705000,17.670000,46.299999,36.521740,
2004-08-02,0.556786,1413.000000,1.922500,43.589939,50.200001,42.400002,,36.619999,26.605000,8.865979,30.023838,20.600000,,20.940001,47.825001,71.103935,,14.650000,49.415001,156.473083,87.779999,41.150002,33.720001,24.200001,8.969119,83.049713,37.230000,,61.361458,21.895000,53.020000,22.466391,27.320000,30.350000,68.812706,28.270000,,,47.524101,40.304661,49.770000,30.142315,52.759998,42.900002,,39.770000,,33.349998,79.750000,,,21.120001,,17.161793,,28.674999,17.673332,46.290001,36.100132,,0.563929,1411.800049,1.915000,44.010082,50.910000,42.834999,,36.549999,26.670000,8.981568,30.077200,21.240000,,21.320000,48.240002,71.604164,,15.050000,50.014999,159.396469,88.440002,41.209999,34.029999,24.389999,9.250681,82.877632,37.410000,,62.301056,22.105000,53.750000,22.694782,27.459999,30.240000,69.857857,28.520000,,,48.508915,40.340504,51.080002,30.550285,53.340000,44.029999,,40.049999,,33.310001,79.800003,,,21.200001,,17.013254,,28.930000,17.726667,46.250000,36.521740,
2004-08-03,0.561607,1411.599976,1.916000,44.010082,50.939999,42.724998,,36.549999,26.594999,8.919088,30.180113,21.129999,,21.275000,48.240002,71.461243,,15.000000,49.799999,159.108917,88.400002,41.040001,33.869999,24.139999,9.214351,82.887192,37.450001,,62.262703,22.145000,54.000000,22.694782,27.500000,30.370001,69.615387,28.379999,,,48.337250,40.519714,51.000000,30.360531,53.000000,44.040001,,39.799999,,33.380001,79.500000,,,21.020000,,17.104662,,28.850000,17.670000,46.320000,36.653492,,0.558750,1424.000000,1.880500,43.686222,50.759998,42.904999,,35.840000,26.485001,8.925336,30.122938,20.740000,,20.885000,49.330002,71.014610,,14.710000,49.294998,157.527420,87.680000,40.910000,33.520000,24.070000,9.196185,81.940727,37.070000,,62.377754,22.055000,54.000000,22.457067,27.250000,30.150000,69.339462,28.070000,,,47.885502,40.510754,51.200001,30.787476,53.660000,44.360001,,39.369999,,33.360001,79.400002,,,20.370001,,17.184645,,28.740000,17.623333,46.889999,36.890648,
2004-08-04,0.556964,1416.000000,1.841000,43.458645,50.599998,42.755001,,36.000000,26.485001,8.894096,30.054331,20.620001,,20.885000,49.330002,70.603706,,14.650000,49.169998,156.473083,87.349998,40.380001,33.270000,23.700001,9.128065,81.548759,37.000000,,62.042187,21.930000,53.750000,22.340542,27.080000,30.150000,68.896324,28.010000,,,47.885502,40.474911,50.849998,30.730551,53.610001,44.150002,,38.630001,,33.360001,77.879997,,,20.370001,,17.132084,,28.500000,17.496668,46.860001,36.890648,,0.567679,1417.599976,1.856000,43.948814,51.000000,42.549999,,35.849998,26.410000,8.759763,29.234840,21.120001,,20.605000,48.299999,71.711357,,14.690000,49.375000,157.575348,87.650002,40.980000,33.590000,24.010000,9.282470,82.189293,37.209999,,62.416107,22.100000,54.080002,21.855789,27.160000,30.049999,69.548492,28.059999,,,48.210758,40.725807,51.959999,30.740038,54.060001,44.020000,,39.139999,,33.580002,78.239998,,,20.330000,,16.528793,,28.635000,17.733334,46.240002,37.338604,
2004-08-05,0.568036,1413.000000,1.870500,43.913799,51.000000,42.639999,,35.924999,26.434999,8.741018,29.349188,21.120001,,20.730000,48.500000,71.711357,,14.690000,49.500000,157.431564,88.099998,40.500000,33.590000,23.450001,9.314260,82.189293,37.240002,,62.272289,22.100000,54.000000,22.140116,27.150000,30.299999,69.255852,28.160000,,,48.111374,40.698925,51.900002,30.692600,53.930000,44.060001,,38.740002,,33.680000,77.300003,,,20.500000,,16.531078,,28.575001,17.666668,46.250000,37.312252,,0.560536,1386.000000,1.780500,43.371117,50.009998,41.950001,,34.810001,26.125000,8.612933,28.929913,20.610001,,20.165001,47.900002,70.282135,,14.200000,48.689999,154.412338,85.800003,40.180000,32.980000,23.420000,9.309718,81.443596,36.279999,,61.447746,21.924999,53.180000,21.771891,26.879999,29.840000,68.202339,27.530001,,,47.930676,40.367386,51.509998,30.028463,53.150002,43.490002,,38.299999,,33.410000,76.220001,,,20.020000,,15.425046,,28.145000,17.350000,45.830002,36.416336,
2004-08-06,0.551786,1380.000000,1.762500,43.371117,49.970001,41.924999,,34.575001,26.049999,8.559825,28.853682,20.219999,,19.950001,47.900002,69.353134,,14.000000,48.424999,152.399506,85.000000,39.900002,32.549999,23.250000,9.205268,80.669212,36.150002,,60.834133,21.870001,53.000000,21.440952,26.580000,29.790001,67.525085,27.379999,,,47.795151,40.636200,51.500000,29.696396,53.000000,43.500000,,38.279999,,33.669998,74.940002,,,19.790001,,15.425046,,28.125000,17.333332,45.570000,36.231884,,0.531786,1364.400024,1.774500,43.187302,48.330002,41.955002,,35.125000,25.875000,8.469228,28.175220,19.930000,,19.639999,46.910000,68.745712,,14.070000,47.755001,151.057632,84.550003,40.009998,32.900002,23.219999,9.037239,79.808792,36.090000,,60.057526,21.750000,52.759998,21.338409,26.340000,29.680000,66.780937,27.139999,,,46.882614,40.528675,50.849998,29.582542,52.990002,42.430000,,37.919998,,33.689999,74.230003,,,19.670000,,15.470750,,28.180000,17.110001,45.119999,35.810276,
2004-08-09,0.533036,1363.000000,1.767000,43.187302,48.799999,42.025002,,35.375000,25.850000,8.453608,28.190466,20.020000,,19.590000,47.035000,68.960098,,14.060000,47.974998,151.105545,84.550003,39.430000,32.900002,23.350000,8.996367,79.808792,36.060001,,60.105465,21.750000,52.900002,21.426970,26.280001,29.700001,66.722404,27.260000,,,47.072350,40.367386,50.700001,29.629980,53.099998,42.500000,,37.709999,,34.000000,76.099998,,,19.820000,,15.539305,,28.160000,17.066668,45.240002,35.625824,,0.541071,1367.000000,1.766000,43.152290,48.759998,41.965000,,35.035000,25.775000,8.441112,28.621176,20.049999,,19.705000,47.314999,69.353134,,14.080000,47.650002,152.639130,84.550003,39.860001,32.910000,23.320000,9.028156,79.875717,36.070000,,60.767017,21.610001,52.700001,21.198578,26.160000,29.650000,66.429764,27.180000,,,46.701916,40.286739,50.799999,29.601519,53.090000,42.660000,,37.740002,,33.509998,75.400002,,,19.600000,,15.927788,,28.195000,17.123333,45.560001,34.940712,
2004-08-10,0.542679,1372.000000,1.784500,43.283585,48.509998,41.994999,,35.029999,25.875000,8.444236,28.758392,20.309999,,19.799999,47.439999,69.496056,,14.080000,48.009998,152.878754,84.699997,39.529999,33.000000,22.799999,9.100817,80.305923,36.200001,,60.671143,21.625000,52.730000,21.249849,26.379999,29.459999,66.889633,27.299999,,,46.710949,40.403225,50.770000,29.620493,53.040001,42.700001,,38.369999,,33.330002,75.610001,,,19.709999,,15.882084,,28.334999,17.233334,45.509998,34.993412,,0.562857,1370.599976,1.855000,43.843777,49.610001,42.500000,,35.630001,26.115000,8.494221,28.289568,20.459999,,19.875000,47.134998,70.353592,,14.320000,48.090000,153.789322,85.309998,39.759998,33.369999,23.290001,9.059946,81.252388,36.990002,,61.121765,21.730000,53.220001,21.315104,26.740000,29.559999,66.563545,27.719999,,,46.981998,40.394264,51.090000,29.867172,54.200001,43.689999,,38.480000,,33.939999,75.120003,,,19.910000,,15.621572,,28.500000,17.370001,45.290001,36.021080,
2004-08-11,0.555357,1361.000000,1.820000,43.843777,49.250000,42.375000,,35.505001,26.115000,8.431740,28.289568,18.600000,,19.750000,47.134998,69.513924,,14.250000,47.959999,152.878754,84.800003,39.209999,33.119999,23.559999,9.055404,80.019119,36.820000,,60.814957,21.730000,52.900002,21.277817,26.680000,29.500000,66.304352,27.389999,,,46.846474,40.125446,51.049999,29.516129,54.180000,43.599998,,36.939999,,33.900002,76.199997,,,19.260000,,15.623857,,28.500000,17.316668,45.150002,35.335968,,0.553750,1362.199951,1.828000,43.878788,49.680000,42.764999,,36.029999,26.105000,8.462980,27.919844,18.290001,,19.795000,47.435001,70.478653,,14.230000,48.099998,154.316483,84.650002,39.529999,33.090000,23.730000,8.864668,80.009560,36.900002,,61.840843,22.225000,53.009998,21.221884,26.350000,29.730000,66.245819,27.410000,,,46.909721,40.492832,51.770000,30.142315,54.669998,43.080002,,37.080002,,34.169998,76.300003,,,18.540001,,14.931444,,28.785000,17.209999,45.130001,35.177868,
2004-08-12,0.543750,1359.000000,1.812500,43.721233,49.439999,42.639999,,35.750000,26.020000,8.353639,27.919844,18.250000,,19.650000,47.389999,70.103477,,14.130000,47.650002,153.262146,84.650002,39.459999,33.139999,23.650000,7.770209,79.397705,36.900002,,61.649090,22.219999,52.900002,21.534176,26.180000,29.700001,66.070236,27.230000,,,46.214024,40.725807,51.400002,29.933586,54.430000,43.099998,,35.570000,,34.060001,76.320000,,,18.400000,,15.070841,,28.590000,17.526667,45.000000,34.413700,,0.542321,1338.000000,1.814500,43.301090,49.330002,42.654999,,35.880001,25.990000,8.281787,27.660656,17.790001,,19.530001,47.185001,69.406731,,13.860000,47.025002,151.488953,83.860001,39.250000,32.950001,23.500000,7.697548,78.594643,36.860001,,61.361458,21.920000,52.290001,21.026117,25.850000,29.760000,65.041809,26.879999,,,45.897800,40.501793,51.130001,29.819735,54.290001,42.419998,,35.500000,,33.950001,75.330002,,,18.400000,,14.881170,,28.580000,17.549999,44.560001,34.229248,
2004-08-13,0.546429,1338.199951,1.828000,43.327351,49.700001,42.645000,,35.825001,26.049999,8.288035,27.679714,18.230000,,19.535000,47.180000,69.210213,,13.960000,47.044998,151.920258,83.860001,39.439999,33.150002,23.110001,7.688465,78.910133,36.820000,,61.361458,21.920000,52.290001,21.077389,25.850000,29.879999,65.342812,27.010000,,,45.906834,41.129032,50.959999,29.819735,54.500000,42.439999,,35.980000,,34.040001,74.790001,,,18.250000,,14.910878,,28.605000,17.660000,44.560001,34.176548,,0.550714,1329.599976,1.806500,43.196056,49.720001,42.480000,,35.875000,25.865000,8.272415,28.003698,17.860001,,19.575001,47.799999,68.745712,,13.800000,47.279999,152.830826,84.250000,39.040001,33.139999,23.190001,7.493188,80.219887,36.869999,,61.284756,22.184999,52.980000,21.012135,25.809999,29.860001,64.933113,27.020000,,,46.123676,41.003586,50.889999,29.554079,54.459999,42.110001,,36.049999,,34.330002,75.309998,,,18.440001,,15.212523,,28.770000,17.799999,44.919998,34.440052,
2004-08-16,0.553571,1328.000000,1.807000,43.196056,49.720001,42.474998,,35.875000,25.930000,8.263043,28.072308,17.850000,,19.500000,47.799999,69.120888,,13.800000,47.404999,152.734985,84.250000,39.180000,33.450001,22.650000,7.506812,80.019119,36.950001,,61.045063,22.250000,52.980000,21.063406,25.700001,29.910000,65.342812,27.030001,,,46.214024,40.949821,50.900002,29.601519,54.709999,42.110001,,36.410000,,34.380001,74.250000,,,18.620001,,15.196527,,28.770000,17.833332,45.020000,34.387352,,0.549643,1361.000000,1.897500,43.257324,50.950001,43.049999,,36.435001,25.975000,8.391128,28.304813,18.230000,,19.785000,48.330002,70.835960,,14.060000,47.814999,154.795731,85.820000,39.700001,33.980000,23.200001,7.674841,80.325050,37.740002,,61.342281,22.260000,54.099998,21.371037,25.750000,30.430000,65.409698,27.090000,,,46.512180,41.218639,50.880001,29.791271,54.970001,43.020000,,36.590000,,34.700001,74.989998,,,18.770000,,15.532450,,28.889999,18.100000,45.090000,35.019764,
2004-08-17,0.546071,1361.000000,1.928500,43.546173,51.200001,43.119999,,36.799999,26.075001,8.341143,28.301003,18.389999,,19.875000,47.825001,71.818550,,14.090000,47.900002,154.843658,87.160004,39.360001,35.779999,23.430000,7.674841,80.401527,37.950001,,61.361458,22.260000,54.110001,21.613413,25.799999,30.680000,65.342812,27.219999,,,46.575424,41.236561,50.720001,29.838711,54.970001,43.020000,,37.020000,,34.459999,74.540001,,,19.000000,,15.532450,,28.930000,18.129999,44.770000,35.019764,,0.551250,1366.400024,1.911500,43.528667,50.310001,43.439999,,36.240002,25.809999,8.566073,27.588236,18.680000,,19.850000,47.070000,71.461243,,14.150000,47.750000,154.028931,86.389999,39.060001,35.099998,23.379999,7.674841,80.344170,37.930000,,61.303932,22.165001,54.040001,21.743923,26.370001,30.480000,65.785950,27.049999,,,46.476040,41.344086,50.320000,29.772297,54.840000,43.009998,,36.810001,,34.450001,74.680000,,,19.000000,,14.707495,,28.940001,18.323334,44.360001,34.808960,
2004-08-18,0.544821,1363.000000,1.896000,43.458645,50.290001,43.424999,,36.115002,25.815001,8.559825,27.919844,18.540001,,19.850000,47.169998,71.157532,,14.050000,47.730000,153.837234,86.300003,38.820000,35.000000,23.500000,7.597639,79.923515,37.900002,,61.150528,22.200001,53.750000,22.000282,26.370001,30.549999,65.384613,26.930000,,,46.259201,41.173836,50.279999,29.620493,54.750000,42.860001,,36.400002,,34.139999,75.699997,,,19.000000,,14.739488,,28.930000,18.233334,44.400002,34.808960,,0.566786,1399.400024,1.968000,43.791260,50.740002,43.724998,,36.250000,26.065001,8.703530,27.881727,18.990000,,20.135000,47.084999,72.354507,,14.300000,48.200001,157.096100,87.440002,39.430000,36.029999,23.850000,7.960945,81.386230,38.320000,,62.262703,22.285000,53.820000,21.827824,26.480000,30.680000,66.889633,27.459999,,,46.313412,41.478497,50.270000,30.218216,55.200001,43.450001,,37.529999,,34.410000,76.150002,,,19.809999,,14.876600,,28.980000,18.153334,44.810001,35.494072,
2004-08-19,0.562679,1395.000000,2.013000,43.677471,50.740002,43.674999,,36.250000,25.975000,8.650422,27.900785,18.900000,,20.049999,47.075001,71.729225,,14.160000,48.029999,156.377228,87.309998,39.580002,36.029999,23.600000,7.951862,81.022942,38.320000,,62.090126,22.174999,53.750000,21.874434,26.459999,30.580000,66.680603,27.350000,,,46.123676,41.415771,50.060001,30.123341,55.000000,43.450001,,37.490002,,34.230000,75.400002,,,19.750000,,15.162249,,28.969999,18.080000,44.779999,35.441368,,0.548393,1396.000000,1.931500,43.616199,50.250000,43.830002,,35.645000,25.940001,8.650422,28.190466,19.100000,,19.900000,46.549999,72.354507,,14.000000,48.000000,156.760620,86.599998,39.700001,36.240002,23.559999,8.042688,81.156792,38.000000,,61.438160,22.010000,54.049999,21.683329,26.600000,30.830000,66.872910,27.120001,,,46.259201,41.612904,50.180000,29.867172,54.480000,43.150002,,37.200001,,34.500000,75.290001,,,19.850000,,15.020567,,28.975000,18.286667,45.090000,35.678524,
2004-08-20,0.548393,1393.000000,1.923000,43.467400,50.000000,43.755001,,35.500000,25.965000,8.616057,28.301003,18.950001,,19.825001,46.779999,72.408104,,14.000000,47.994999,156.521011,86.599998,39.450001,36.240002,23.500000,8.042688,80.803062,37.970001,,61.073826,21.950001,54.049999,21.590109,26.459999,30.879999,66.555183,27.129999,,,46.177883,41.308243,50.250000,29.781784,54.380001,43.500000,,36.430000,,34.299999,75.300003,,,19.950001,,15.043419,,29.000000,18.230000,45.189999,35.573124,,0.550000,1410.000000,1.975500,43.764999,50.459999,44.250000,,36.119999,26.330000,8.697282,28.266699,18.879999,,20.004999,47.090000,73.086983,,14.110000,48.720001,156.473083,87.809998,39.689999,36.360001,23.930000,8.224342,81.500954,38.650002,,62.550335,22.105000,54.259998,21.785873,27.070000,31.389999,67.115387,27.200001,,,46.448936,41.514336,49.990002,30.113852,54.849998,43.500000,,37.040001,,34.669998,76.250000,,,19.900000,,15.011426,,29.025000,18.216667,45.250000,36.416336,
2004-08-23,0.551071,1410.000000,1.994500,43.616199,50.750000,44.224998,,36.244999,26.455000,8.672290,28.205713,18.930000,,19.980000,47.075001,73.515755,,14.060000,48.695000,156.616852,87.809998,39.889999,36.270000,23.930000,8.038147,81.481834,38.750000,,62.550335,22.120001,54.180000,21.860451,27.070000,31.480000,67.048492,27.270000,,,46.349548,41.039429,49.950001,29.981026,54.759998,43.400002,,37.110001,,34.689999,76.209999,,,19.990000,,15.052559,,29.000000,17.940001,45.450001,36.495388,,0.555000,1405.400024,1.972500,43.502411,50.650002,44.150002,,36.025002,26.670000,8.691034,28.007509,19.180000,,19.945000,46.560001,72.515297,,14.040000,48.845001,155.802139,87.500000,39.830002,36.000000,24.020000,8.119891,80.927345,38.549999,,62.051773,22.170000,53.880001,21.697313,26.639999,31.250000,67.190636,27.240000,,,46.394726,40.815411,49.880001,30.028463,54.750000,43.099998,,37.049999,,34.709999,75.830002,,,20.260000,,14.716636,,28.945000,17.933332,44.990002,36.495388,
2004-08-24,0.558214,1409.000000,1.986000,43.677471,50.730000,44.150002,,36.924999,26.775000,8.744142,28.007509,19.139999,,20.059999,46.564999,72.711815,,14.040000,48.970001,156.712708,88.150002,39.799999,36.189999,24.049999,8.119891,81.261948,38.750000,,62.147652,22.250000,54.200001,21.771891,26.600000,31.400000,67.474915,27.400000,,,46.530251,40.564514,49.880001,30.303604,54.700001,43.299999,,36.930000,,34.450001,77.199997,,,20.500000,,14.718921,,29.070000,17.983334,44.990002,36.442688,,0.570536,1408.199951,1.952500,43.546173,50.910000,44.345001,,36.575001,26.680000,8.700406,27.576801,18.969999,,20.215000,46.650002,73.069122,,13.910000,48.724998,156.377228,87.529999,39.590000,36.330002,24.049999,8.029064,80.984703,38.590000,,62.272289,22.010000,54.119999,21.860451,26.870001,31.290001,67.374580,27.240000,,,46.539284,40.519714,49.369999,29.914612,54.950001,43.340000,,36.520000,,34.490002,77.010002,,,19.690001,,14.762340,,29.084999,17.953333,44.849998,35.810276,
2004-08-25,0.569107,1408.400024,1.953000,43.589939,51.549999,44.259998,,36.665001,26.650000,8.703530,27.519629,18.990000,,20.250000,46.654999,73.069122,,13.870000,48.724998,155.850067,87.779999,39.959999,36.220001,24.330000,8.056312,81.261948,38.599998,,62.291466,21.990000,54.110001,21.907061,26.840000,31.090000,67.182274,27.209999,,,46.078499,40.528675,49.369999,29.952562,54.950001,43.299999,,36.270000,,34.490002,78.480003,,,19.670000,,15.002285,,29.084999,17.983334,44.959999,35.599472,,0.590179,1422.000000,2.015000,43.721233,52.500000,44.340000,,36.935001,26.924999,8.837863,27.466267,19.320000,,20.309999,46.900002,74.766327,,13.960000,48.924999,157.144028,90.029999,40.279999,36.599998,24.590000,8.219800,81.328873,39.439999,,62.540749,22.170000,54.410000,22.121471,26.950001,31.360001,67.892975,27.549999,,,46.936825,40.770611,49.000000,30.275143,55.299999,43.459999,,36.830002,,34.790001,78.790001,,,20.030001,,14.819470,,29.275000,18.033333,45.189999,35.652176,
2004-08-26,0.590000,1420.199951,2.009000,43.738743,52.509998,44.290001,,36.935001,26.809999,8.772259,27.466267,19.250000,,20.309999,46.840000,74.409019,,13.970000,48.750000,156.952332,89.930000,40.520000,36.529999,24.740000,8.206176,81.261948,39.320000,,62.387344,22.170000,53.950001,22.163420,27.000000,31.260000,67.918060,27.459999,,,46.530251,40.591396,49.209999,30.341557,55.500000,43.250000,,37.099998,,35.020000,80.080002,,,20.030001,,14.821755,,29.205000,18.000000,45.000000,35.335968,,0.618929,1414.599976,2.009500,43.870037,52.070000,44.099998,,36.855000,26.975000,8.850359,27.710207,19.170000,,20.350000,47.255001,76.106224,,13.970000,48.750000,157.144028,91.120003,40.939999,36.570000,24.740000,8.260672,80.965584,39.450001,,62.627037,22.230000,53.250000,22.098166,27.100000,31.549999,67.951508,27.440001,,,46.674809,40.958782,49.410000,30.654650,55.700001,43.779999,,37.160000,,35.410000,79.970001,,,20.020000,,15.034278,,29.330000,17.959999,45.250000,35.731224,
2004-08-27,0.619286,1412.000000,2.016000,43.870037,52.130001,44.174999,,36.930000,26.934999,8.869103,27.893164,19.200001,,20.355000,47.430000,76.034760,,14.020000,48.825001,156.952332,91.120003,41.470001,36.580002,24.900000,8.260672,80.927345,39.549999,,62.780441,22.275000,53.349998,22.191387,27.070000,31.610001,67.683945,27.500000,,,46.674809,40.940861,49.470001,30.815939,55.599998,43.950001,,37.360001,,35.320000,79.980003,,,20.030001,,14.981718,,29.400000,17.940001,45.369999,35.625824,,0.613393,1418.400024,1.995000,43.764999,51.990002,44.505001,,36.849998,26.975000,8.800375,27.950336,19.469999,,20.334999,47.625000,76.267014,,14.120000,49.195000,157.048172,90.480003,41.310001,36.590000,24.950001,8.292461,81.204590,39.720001,,63.087250,22.360001,53.400002,22.042233,27.170000,31.459999,68.127090,27.459999,,,46.647705,40.985664,49.270000,30.977230,55.980000,43.320000,,37.259998,,35.340000,79.989998,,,20.340000,,15.091408,,29.330000,17.853333,45.439999,35.704876,
2004-08-30,0.607143,1418.599976,1.994000,43.589939,51.990002,44.790001,,36.775002,26.889999,8.787879,28.034191,19.309999,,20.125000,47.994999,75.945435,,14.080000,49.000000,156.377228,90.230003,41.320000,36.549999,24.719999,8.228883,80.850861,39.669998,,63.087250,22.250000,53.000000,22.093504,27.049999,31.400000,68.143814,27.299999,,,46.214024,40.860214,49.200001,30.664137,55.700001,43.349998,,37.139999,,35.720001,79.889999,,,20.299999,,15.050274,,29.240000,17.850000,45.349998,35.309620,,0.609286,1417.599976,1.915500,43.441139,51.869999,44.570000,,36.125000,26.860001,8.722274,27.893164,19.030001,,20.235001,47.750000,76.106224,,13.960000,48.799999,156.089691,89.150002,41.020000,36.529999,24.840000,8.138056,80.688339,39.099998,,63.039310,22.174999,53.720001,21.972317,27.000000,31.190001,67.976585,27.299999,,,46.385689,40.779572,49.369999,30.635674,55.509998,42.910000,,36.900002,,36.680000,79.489998,,,19.709999,,14.819470,,29.195000,17.733334,45.130001,35.309620,
2004-08-31,0.608393,1417.800049,1.919000,43.589939,51.900002,44.750000,,36.220001,26.830000,8.747266,27.912222,19.150000,,20.235001,47.895000,75.999031,,14.050000,48.805000,155.706284,89.559998,41.020000,36.680000,24.770000,8.115350,80.831741,39.110001,,63.211887,22.190001,53.720001,21.972317,27.000000,31.309999,68.043480,27.290001,,,46.503143,41.397850,49.349998,30.664137,55.500000,43.110001,,36.689999,,35.500000,78.839996,,,19.500000,,14.842322,,29.195000,17.736668,45.240002,35.098812,,0.615893,1424.800049,1.907000,43.782505,52.220001,44.980000,,36.349998,27.000000,8.800375,28.369612,18.760000,,20.000000,48.750000,76.481392,,14.110000,48.820000,157.144028,89.650002,41.139999,36.560001,24.980000,8.124432,80.965584,39.580002,,63.950146,22.355000,53.779999,22.116810,27.020000,31.280001,68.862877,27.299999,,,46.665775,41.621864,50.000000,30.996204,55.970001,43.810001,,36.459999,,35.599998,79.190002,,,19.540001,,15.089122,,29.375000,17.556667,46.099998,35.388668,
2004-09-01,0.612500,1423.199951,1.911500,43.764999,52.099998,44.450001,,36.435001,26.955000,8.784755,28.369612,18.650000,,19.875000,48.799999,76.141953,,14.120000,48.860001,157.144028,89.849998,41.049999,36.549999,24.799999,8.106267,80.353729,39.520000,,63.940556,22.400000,53.950001,22.158758,27.030001,31.379999,68.662209,27.230000,,,46.665775,42.069893,50.060001,30.882353,55.970001,43.900002,,36.650002,,35.349998,79.800003,,,19.450001,,15.109689,,29.385000,17.486668,46.200001,35.256916,,0.640357,1404.199951,1.912000,43.861282,52.389999,43.650002,,36.310001,27.195000,8.716026,28.872740,19.090000,,19.775000,49.334999,76.034760,,13.900000,48.970001,157.575348,89.190002,41.259998,36.880001,24.799999,8.138056,80.516251,39.259998,,64.209015,22.320000,54.270000,22.130793,27.190001,31.299999,69.280937,27.389999,,,46.530251,42.025089,49.740002,30.692600,56.200001,43.950001,,36.660000,,35.480000,79.750000,,,19.770000,,15.406764,,29.415001,17.543333,46.439999,34.888012,
2004-09-02,0.633929,1406.000000,1.902000,43.808765,52.389999,43.849998,,36.384998,27.250000,8.681662,29.006145,19.049999,,19.875000,49.389999,76.034760,,13.930000,49.145000,157.671188,89.199997,40.939999,36.910000,24.360001,8.115350,80.516251,39.450001,,63.883030,22.320000,54.320000,22.130793,27.180000,31.219999,69.197327,27.400000,,,46.394726,42.025089,50.500000,30.787476,56.169998,43.869999,,36.650002,,34.959999,79.500000,,,19.730000,,15.436472,,29.475000,17.366667,46.709999,34.914360,,0.636786,1437.599976,1.959000,44.176392,53.619999,43.849998,,36.590000,27.455000,8.709778,29.082376,19.299999,,20.049999,49.855000,76.302742,,14.360000,49.195000,158.773453,91.059998,41.580002,37.889999,24.690001,8.183470,80.850861,39.860001,,64.487061,22.695000,54.750000,22.326557,27.490000,31.510000,69.849495,27.620001,,,46.629635,42.347672,50.619999,31.024668,56.490002,44.779999,,37.220001,,35.349998,80.050003,,,20.129999,,15.342779,,29.719999,17.706667,46.980000,35.415020,
2004-09-03,0.625179,1437.800049,1.950500,44.132626,53.680000,44.000000,,36.750000,27.440001,8.737894,29.070942,19.030001,,20.075001,49.830002,76.463531,,14.280000,49.200001,158.150436,91.059998,41.020000,37.759998,24.100000,8.060854,80.592735,39.750000,,64.448708,22.719999,54.720001,22.349863,27.400000,31.400000,69.874580,27.459999,,,46.620602,41.917564,50.750000,31.034157,56.599998,44.799999,,36.660000,,34.970001,77.000000,,,19.750000,,15.345064,,29.740000,17.750000,46.980000,35.309620,,0.629107,1435.199951,1.937000,43.992577,53.099998,43.610001,,36.779999,27.424999,8.644174,29.040449,18.750000,,20.325001,49.884998,76.499260,,14.210000,48.849998,157.383636,90.199997,41.369999,37.480000,24.020000,8.038147,80.678780,39.849998,,65.321190,22.745001,54.709999,22.373169,27.760000,31.500000,70.183945,27.110001,,,46.394726,42.186378,50.840000,30.882353,56.549999,44.849998,,36.389999,,35.290001,77.239998,,,19.170000,,15.127971,,29.635000,17.750000,47.060001,34.519104,
2004-09-07,0.632143,1439.000000,1.957500,44.202648,53.400002,43.950001,,37.115002,27.500000,8.712902,29.044262,18.980000,,20.330000,49.634998,77.267471,,14.300000,49.075001,158.390060,91.199997,40.680000,37.730000,24.650000,8.083560,80.975143,39.849998,,65.800575,22.850000,54.720001,22.419781,27.740000,31.680000,70.401337,27.290001,,,46.620602,42.293907,50.599998,31.176472,56.349998,44.849998,,37.299999,,34.180000,78.419998,,,19.250000,,15.013711,,29.870001,17.716667,47.070000,35.098812,,0.638571,1453.199951,1.925500,44.631546,53.970001,44.270000,,37.720001,27.500000,8.756639,29.097624,19.049999,,20.125000,49.959999,77.499718,,14.560000,48.900002,159.779861,92.230003,40.680000,37.639999,24.840000,8.169846,81.233269,39.869999,,65.292427,22.825001,54.500000,22.545630,27.379999,31.799999,70.418060,27.360001,,,46.439899,42.204300,51.049999,31.062618,56.650002,44.790001,,36.910000,,34.110001,78.150002,,,18.709999,,15.436472,,29.860001,17.763332,47.150002,35.467720,
2004-09-08,0.637500,1445.000000,1.924500,44.684067,53.610001,44.029999,,37.615002,27.500000,8.716026,29.082376,18.959999,,20.125000,49.884998,77.053085,,14.500000,48.849998,159.779861,92.290001,40.730000,37.500000,24.889999,8.088102,81.166351,39.619999,,65.148613,22.674999,54.400002,22.564274,27.850000,31.549999,70.418060,27.299999,,,46.448936,42.007168,50.790001,31.062618,56.549999,44.820000,,37.200001,,33.810001,78.199997,,,18.620001,,15.287934,,29.799999,17.683332,47.000000,35.335968,,0.649107,1451.199951,1.900500,44.587784,54.049999,44.110001,,37.599998,27.250000,8.822243,29.223406,19.309999,,20.059999,49.900002,76.267014,,14.250000,48.724998,161.313446,91.440002,41.160000,37.270000,24.840000,8.147139,82.084129,39.369999,,64.640457,21.725000,54.500000,22.485035,27.500000,31.450001,70.108696,27.260000,,,45.753239,42.562725,49.700001,31.091082,56.730000,44.500000,,37.410000,,34.259998,77.760002,,,18.830000,,15.242230,,29.500000,17.693333,47.070000,35.994732,
2004-09-09,0.644643,1457.599976,1.912000,44.587784,53.970001,44.250000,,37.599998,27.325001,8.831615,29.223406,19.490000,,20.070000,49.900002,76.749374,,14.150000,48.744999,161.025894,92.099998,41.360001,37.250000,24.620001,8.142598,82.084129,39.509998,,64.429527,21.650000,54.500000,22.536306,27.750000,31.430000,70.317726,27.299999,,,45.581573,42.410393,50.200001,31.110058,56.610001,44.369999,,37.130001,,34.099998,77.500000,,,19.750000,,15.207952,,29.575001,17.693333,47.209999,36.073780,,0.637500,1440.000000,1.903500,44.552769,53.259998,44.369999,,37.435001,27.110001,8.734770,29.737968,19.930000,,20.125000,50.540001,76.660049,,14.170000,48.615002,162.271927,91.870003,41.500000,37.009998,24.520000,8.228883,82.638626,39.740002,,64.304893,21.754999,54.169998,22.447746,27.440001,31.580000,70.108696,27.280001,,,45.599644,42.267025,50.299999,30.777988,56.090000,44.770000,,37.259998,,34.330002,77.230003,,,20.770000,,15.941499,,29.495001,17.523333,47.480000,36.258236,
2004-09-10,0.636786,1446.000000,1.906500,44.552769,52.849998,44.259998,,37.599998,27.049999,8.719150,29.737968,19.879999,,20.100000,50.665001,75.766785,,14.000000,48.490002,161.984390,91.870003,41.599998,37.000000,24.549999,8.228883,82.629066,39.619999,,64.151489,21.525000,54.169998,22.419781,27.230000,31.389999,70.150505,27.340000,,,45.599644,42.446236,50.150002,30.597723,56.049999,44.669998,,38.549999,,34.619999,76.900002,,,20.799999,,15.877514,,29.545000,17.503332,47.590000,36.310936,,0.640536,1438.199951,1.928500,44.929150,54.150002,44.599998,,37.549999,27.200001,8.747266,29.608376,20.459999,,20.174999,50.025002,75.659592,,13.960000,48.639999,162.367783,93.129997,41.660000,37.540001,24.840000,8.306085,82.944550,39.799999,,64.266541,21.480000,54.230000,22.513000,27.049999,31.389999,70.811035,27.490000,,,45.373772,42.446236,50.330002,30.227703,56.180000,44.820000,,39.180000,,34.750000,77.190002,,,21.940001,,15.696984,,29.565001,17.816668,47.369999,36.996048,
2004-09-13,0.640714,1440.000000,1.956500,44.902889,54.150002,44.459999,,37.650002,27.150000,8.759763,29.654114,20.549999,,20.075001,50.849998,75.838242,,14.100000,48.605000,162.367783,93.400002,41.889999,37.700001,24.910000,8.337875,83.173996,39.689999,,64.266541,21.400000,54.299999,22.503679,26.889999,31.389999,70.811035,27.530001,,,45.400875,42.222221,50.330002,30.360531,56.189999,44.900002,,39.660000,,34.790001,78.000000,,,22.129999,,15.870658,,29.635000,17.873333,47.529999,36.837944,,0.635536,1423.599976,2.000500,45.069199,54.279999,44.480000,,37.980000,27.235001,8.784755,29.623621,20.250000,,20.190001,50.939999,75.266556,,14.100000,48.720001,161.744766,93.599998,42.150002,37.430000,25.049999,8.451408,82.686424,39.160000,,64.793861,21.400000,53.919998,22.671478,27.170000,31.799999,70.777596,27.250000,,,45.726135,42.365589,50.680000,30.483871,56.270000,44.990002,,39.509998,,34.709999,77.650002,,,22.170000,,16.240858,,29.594999,17.783333,47.500000,36.890648,
2004-09-14,0.629286,1422.400024,2.010000,44.867878,54.290001,44.270000,,38.000000,27.250000,8.787879,29.844692,20.309999,,20.275000,51.000000,76.302742,,14.030000,48.720001,161.025894,93.279999,42.910000,37.650002,25.230000,8.383288,82.791588,39.299999,,64.793861,21.275000,54.000000,22.718088,27.200001,31.650000,70.777596,27.370001,,,45.897800,42.078854,50.680000,30.673624,56.480000,44.990002,,39.520000,,34.900002,78.349998,,,22.190001,,16.350548,,29.650000,17.850000,47.630001,36.495388,,0.633750,1430.000000,2.133500,44.929150,53.919998,44.349998,,37.860001,27.174999,8.769135,29.875187,20.350000,,20.495001,51.220001,75.177223,,13.980000,48.724998,162.080231,94.099998,42.860001,38.139999,25.370001,8.356040,82.906311,39.490002,,64.717163,21.434999,53.990002,22.918514,27.600000,31.820000,70.167221,27.440001,,,46.710949,42.240143,50.529999,30.474382,56.650002,45.560001,,39.049999,,35.250000,77.989998,,,22.389999,,16.567642,,29.434999,17.740000,47.470001,37.127800,
2004-09-15,0.631429,1430.400024,2.102500,44.929150,54.049999,44.360001,,37.799999,27.174999,8.744142,29.920925,19.870001,,20.375000,51.299999,75.445206,,13.900000,48.474998,162.080231,94.000000,42.639999,38.110001,25.370001,8.360581,82.160614,39.369999,,64.477470,20.410000,53.959999,22.825293,27.600000,31.879999,70.167221,27.360001,,,46.214024,42.105736,49.900002,30.474382,56.549999,45.310001,,38.790001,,34.840000,77.699997,,,22.020000,,16.679617,,29.440001,17.753332,47.549999,36.785244,,0.628571,1424.400024,2.110500,44.552769,53.660000,44.169998,,37.325001,27.184999,8.759763,29.806578,19.559999,,20.110001,51.040001,75.302284,,13.810000,49.000000,160.690430,92.410004,42.500000,38.389999,25.100000,8.301544,82.571701,39.080002,,63.825504,20.580000,53.910000,22.825293,27.530001,31.930000,68.561874,27.190001,,,46.801300,41.801075,49.500000,30.218216,56.299999,45.570000,,38.900002,,34.849998,77.000000,,,21.850000,,16.421389,,29.549999,17.636667,47.430000,36.679844,
2004-09-16,0.628571,1426.000000,2.119500,44.570274,53.799999,44.290001,,37.325001,27.170000,8.753515,29.810389,19.600000,,20.110001,51.040001,75.302284,,13.850000,49.099998,160.930054,92.650002,42.360001,38.400002,24.950001,8.269755,82.409180,39.310001,,63.950146,20.605000,53.910000,22.839275,27.450001,31.879999,68.729095,27.219999,,,46.981998,41.577061,49.549999,30.047438,55.849998,45.580002,,38.660000,,34.730000,76.750000,,,21.850000,,16.396252,,29.565001,17.600000,47.310001,36.864296,,0.649107,1429.400024,2.128500,44.552769,54.520000,44.340000,,37.419998,27.150000,8.884724,29.840881,19.590000,,20.400000,50.970001,76.070496,,13.950000,49.125000,160.690430,93.160004,42.730000,38.700001,25.129999,8.274296,82.332695,39.580002,,63.576221,20.020000,54.200001,22.937159,27.590000,32.090000,68.603676,27.260000,,,47.244015,41.827957,48.970001,30.151802,55.910000,45.950001,,39.110001,,34.900002,76.809998,,,21.590000,,16.316271,,29.615000,17.590000,47.549999,37.180500,
2004-09-17,0.652679,1437.000000,2.142500,44.806606,54.730000,44.490002,,37.625000,27.275000,8.919088,30.016214,19.299999,,20.500000,51.200001,76.284874,,14.350000,49.200001,161.505142,93.290001,43.000000,38.950001,25.230000,8.292461,82.600380,39.680000,,63.806328,19.975000,54.470001,23.049025,27.750000,32.029999,68.603676,27.389999,,,47.244015,41.962364,49.180000,30.227703,56.189999,46.400002,,39.650002,,35.000000,76.800003,,,21.950001,,16.352835,,29.700001,17.593332,47.779999,37.628456,,0.663214,1433.599976,2.148000,44.990421,55.150002,44.660000,,38.060001,27.165001,8.859731,30.161055,19.160000,,20.535000,51.939999,75.748917,,14.220000,49.695000,163.997208,92.050003,43.020000,38.310001,25.100000,8.224342,81.969406,39.650002,,63.873444,20.150000,54.669998,23.184196,27.670000,32.520000,68.829430,27.510000,,,48.048130,41.881721,49.700001,30.094877,56.259998,46.830002,,39.680000,,35.060001,76.610001,,,22.080000,,16.476234,,29.670000,17.493334,48.369999,37.470356,
2004-09-20,0.658571,1433.000000,2.135500,44.815361,54.750000,44.400002,,37.849998,24.760000,8.859731,30.302082,19.030001,,20.450001,52.000000,75.766785,,14.200000,49.595001,163.182495,91.000000,42.849998,38.299999,25.150000,8.237965,81.644356,39.660000,,63.614574,20.200001,54.450001,23.072330,27.629999,32.520000,68.687294,27.440001,,,47.704800,41.460571,49.700001,29.791271,55.610001,46.490002,,39.099998,,34.720001,76.720001,,,21.870001,,16.613346,,29.639999,17.376667,48.380001,37.470356,,0.673393,1424.800049,2.163500,44.780350,54.740002,44.369999,,37.939999,24.115000,8.878475,30.286837,19.299999,,20.245001,52.029999,76.356339,,14.130000,49.430000,163.949280,91.680000,42.880001,38.459999,25.070000,8.360581,81.931168,39.380001,,62.799618,20.219999,54.259998,23.058348,27.469999,32.400002,67.675583,27.510000,,,47.777081,41.765232,49.160000,29.402277,54.380001,46.240002,,39.619999,,34.830002,76.610001,,,22.730000,,16.565355,,29.520000,17.400000,48.209999,37.444004,
2004-09-21,0.674107,1415.000000,2.178500,44.859123,54.709999,44.369999,,37.994999,24.150000,8.850359,30.416431,19.389999,,20.250000,52.209999,76.517128,,14.100000,49.645000,163.997208,93.000000,42.959999,38.730000,25.110001,8.424160,81.931168,39.500000,,62.224354,20.325001,54.200001,23.118940,27.500000,32.470001,67.951508,27.450001,,,47.749973,42.293907,49.160000,29.402277,54.349998,46.240002,,39.980000,,34.990002,76.349998,,,22.889999,,16.761883,,29.580000,17.540001,48.500000,37.444004,,0.678750,1418.800049,2.164500,45.060444,54.700001,44.680000,,38.165001,23.035000,8.828491,31.323587,19.650000,,20.400000,53.520000,76.409935,,14.230000,49.790001,165.147385,94.900002,43.279999,38.790001,25.370001,8.492280,81.950287,40.099998,,62.368168,20.365000,54.060001,23.300722,27.770000,32.000000,68.202339,27.260000,,,48.237865,42.724014,48.939999,29.307400,54.880001,46.750000,,40.250000,,35.450001,76.629997,,,22.889999,,17.440584,,29.535000,17.420000,49.490002,37.865612,
2004-09-22,0.680357,1407.000000,2.157500,44.710323,54.299999,44.160000,,38.049999,22.975000,8.747266,31.193995,19.190001,,20.344999,53.270000,75.981163,,14.000000,49.349998,163.901352,93.080002,43.040001,38.549999,24.830000,8.455949,81.596558,39.500000,,62.368168,20.385000,54.000000,23.300722,27.559999,32.000000,67.892975,27.280001,,,48.084270,42.159496,48.689999,29.146111,54.299999,46.709999,,39.279999,,35.029999,76.629997,,,22.750000,,17.337751,,29.285000,17.340000,49.200001,37.628456,,0.659286,1398.400024,2.069000,44.526512,53.680000,43.919998,,37.680000,22.924999,8.725398,31.064400,18.959999,,20.150000,53.139999,75.516670,,14.000000,49.459999,162.607407,93.389999,42.910000,38.250000,24.670000,8.455949,80.602295,39.849998,,62.147652,20.209999,53.400002,23.277418,27.010000,31.400000,67.081940,27.120001,,,47.578308,42.132614,48.689999,28.652752,54.299999,45.910000,,38.919998,,35.099998,75.839996,,,22.379999,,17.287477,,29.350000,17.223333,48.860001,37.417656,
2004-09-23,0.661429,1393.000000,2.066500,44.596535,53.200001,43.930000,,37.680000,22.975000,8.719150,30.969110,18.900000,,20.500000,53.000000,75.534531,,13.930000,49.459999,161.840607,92.500000,43.000000,38.250000,24.670000,8.465032,80.344170,39.750000,,62.272289,20.215000,53.500000,23.300722,27.100000,31.379999,66.906357,27.190001,,,47.641556,42.231182,48.599998,29.003796,54.290001,45.919998,,38.990002,,34.959999,76.120003,,,22.260000,,17.287477,,29.400000,17.420000,48.099998,37.681160,,0.665536,1385.400024,2.091500,44.526512,53.000000,43.570000,,37.250000,22.900000,8.725398,30.953863,18.900000,,21.010000,52.320000,74.551941,,13.800000,49.224998,160.163254,93.070000,42.900002,38.160000,24.580000,8.555858,80.191208,39.459999,,62.176414,20.010000,53.180000,23.268097,27.139999,31.389999,65.802673,27.350000,,,47.424713,42.087814,48.520000,28.396584,54.279999,45.980000,,38.779999,,35.060001,76.000000,,,22.450001,,17.273766,,29.065001,17.513332,47.759998,37.127800,
2004-09-24,0.668750,1385.000000,2.090500,44.482746,52.980000,43.599998,,37.099998,22.915001,8.756639,31.064400,18.879999,,20.980000,52.580002,74.944977,,13.810000,49.205002,160.546646,93.669998,43.020000,38.160000,24.750000,8.555858,80.114723,39.470001,,62.176414,20.004999,53.180000,23.235468,27.219999,31.549999,65.944817,27.389999,,,47.343399,42.069893,48.450001,28.462997,53.959999,45.799999,,39.040001,,35.090000,75.250000,,,22.370001,,17.330896,,29.010000,17.583332,47.650002,37.285904,,0.665893,1382.599976,2.047000,44.824112,53.139999,43.980000,,37.380001,22.575001,8.791003,31.140631,18.400000,,21.139999,52.830002,76.231277,,13.800000,49.880001,160.115326,93.480003,43.029999,38.430000,24.670000,8.437784,80.717018,39.750000,,62.329819,19.995001,54.360001,23.291401,27.600000,31.459999,65.785950,27.290001,,,48.138481,41.926521,48.320000,28.140417,54.080002,46.410000,,38.610001,,34.889999,75.050003,,,21.690001,,17.749086,,29.320000,17.603333,47.830002,36.021080,
2004-09-27,0.659821,1380.000000,2.045500,44.684067,52.900002,44.099998,,37.110001,22.700001,8.762887,31.190182,18.250000,,21.145000,53.029999,75.856110,,13.880000,49.785000,158.725525,93.480003,42.660000,38.400002,24.469999,8.333333,80.401527,39.619999,,62.348991,19.615000,54.500000,23.142246,27.450001,31.360001,65.785950,27.170000,,,47.975849,41.559139,47.369999,28.225805,53.919998,46.410000,,38.310001,,34.950001,74.169998,,,21.350000,,17.806215,,29.325001,17.670000,47.650002,36.100132,,0.670179,1372.800049,1.996500,44.333946,52.509998,43.820000,,37.209999,22.615000,8.706654,30.896690,18.040001,,21.094999,53.700001,76.695778,,13.890000,49.570000,158.725525,92.750000,42.830002,38.310001,24.440001,8.356040,80.458893,39.130001,,61.601151,19.815001,54.639999,23.170214,27.940001,31.600000,64.958191,27.190001,,,48.138481,41.505375,48.029999,28.102467,53.630001,45.799999,,38.240002,,35.240002,74.059998,,,21.139999,,17.607405,,29.510000,17.506666,47.959999,35.494072,
2004-09-28,0.668929,1373.000000,2.007500,44.473991,52.509998,43.750000,,37.275002,22.650000,8.694158,31.087269,18.090000,,21.150000,54.000000,76.534988,,13.890000,49.500000,159.108917,92.750000,43.270000,38.270000,24.049999,8.337875,80.640533,39.139999,,61.744965,19.900000,54.500000,23.198179,27.780001,31.500000,65.434784,27.209999,,,47.975849,41.890682,48.500000,28.254269,53.750000,45.919998,,38.470001,,35.880001,73.599998,,,21.150000,,17.938757,,29.549999,17.573334,48.150002,35.757576,,0.679286,1367.199951,1.971500,44.491501,52.320000,43.680000,,38.450001,22.674999,8.647298,31.716181,18.070000,,21.309999,54.070000,78.232193,,13.920000,50.075001,159.636093,93.059998,43.320000,38.830002,24.150000,8.283379,80.764816,39.380001,,61.687439,19.995001,55.500000,23.314707,27.959999,31.950001,66.112038,27.270000,,,48.301109,41.998207,48.099998,28.538898,53.770000,46.380001,,38.580002,,35.959999,73.779999,,,20.780001,,18.073584,,29.670000,17.593332,48.529999,36.021080,
2004-09-29,0.677321,1367.199951,1.972500,44.491501,51.419998,43.549999,,38.625000,22.690001,8.625430,32.150700,18.160000,,21.309999,54.020000,78.250061,,13.870000,49.750000,160.307037,93.059998,43.419998,38.770000,23.750000,8.283379,80.764816,39.380001,,61.984661,19.900000,55.299999,23.398605,27.750000,31.780001,65.928093,27.260000,,,48.075233,42.114697,48.099998,28.700190,53.549999,46.389999,,38.570000,,36.230000,73.699997,,,20.840000,,18.208410,,29.525000,17.533333,48.419998,35.836628,,0.690714,1370.000000,2.042000,44.972916,51.009998,43.590000,,40.250000,22.750000,8.806623,31.091082,18.309999,,21.180000,53.630001,80.018723,,13.860000,50.064999,160.307037,93.279999,43.840000,39.380001,23.930000,8.410536,81.242828,39.680000,,62.368168,20.004999,55.090000,23.515133,27.889999,31.900000,65.869568,27.580000,,,48.174622,42.069893,48.099998,28.633776,54.459999,46.560001,,38.970001,,36.500000,73.910004,,,21.400000,,17.950184,,29.660000,17.666668,48.150002,36.653492,
2004-09-30,0.696429,1358.000000,2.027500,44.885384,50.849998,43.680000,,40.200001,22.750000,8.728522,31.369326,18.280001,,21.025000,53.630001,79.875801,,13.860000,50.064999,160.067413,93.349998,43.669998,39.270000,24.100000,8.410536,81.395790,39.650002,,62.128475,20.080000,54.990002,23.626999,27.790001,31.799999,65.785950,27.590000,,,48.021027,42.204300,49.150002,29.648956,54.080002,46.709999,,38.930000,,36.799999,76.150002,,,21.400000,,18.002743,,29.775000,17.540001,48.150002,36.890648,,0.691964,1359.800049,2.043000,45.042938,51.619999,43.330002,,40.224998,22.590000,8.822243,31.578962,18.100000,,21.065001,53.639999,80.715477,,14.050000,51.049999,160.930054,93.239998,43.730000,39.200001,24.360001,8.514986,81.969406,39.730000,,61.927132,20.025000,55.779999,24.218954,28.030001,31.719999,66.864548,27.650000,,,48.183655,41.818996,48.650002,29.032257,54.119999,47.040001,,38.950001,,36.610001,76.379997,,,21.280001,,18.329525,,29.815001,17.733334,48.330002,37.101448,
2004-10-01,0.698571,1359.800049,2.064500,45.051689,51.619999,43.529999,,40.220001,22.600000,8.859731,31.578962,18.270000,,21.250000,53.610001,80.697609,,14.100000,51.424999,161.505142,93.459999,43.770000,39.590000,24.750000,8.564941,82.170174,39.900002,,62.310642,20.240000,56.000000,24.237600,28.000000,31.750000,66.889633,27.820000,,,47.614449,41.872761,49.400002,29.459204,54.349998,46.959999,,39.830002,,36.250000,76.879997,,,21.730000,,18.594606,,29.834999,17.833332,48.450001,37.075100,,0.690536,1374.400024,2.023500,45.209244,52.480000,44.160000,,40.299999,22.559999,9.094033,32.043976,18.930000,,21.629999,53.919998,81.054916,,14.190000,51.375000,162.799103,93.919998,44.009998,39.250000,24.760000,8.683015,82.906311,40.340000,,62.310642,20.155001,56.320000,24.582520,28.139999,31.690001,66.630432,28.250000,,,48.517948,42.267025,50.080002,29.383303,54.660000,47.650002,,40.360001,,36.910000,77.519997,,,22.660000,,18.567184,,30.094999,17.709999,48.889999,37.760212,
2004-10-04,0.699643,1370.199951,2.068000,46.040779,52.549999,44.389999,,40.375000,22.450001,9.053421,32.047787,19.209999,,21.625000,53.720001,81.287163,,14.260000,51.375000,162.942871,94.800003,43.189999,39.259998,24.820000,8.683015,83.173996,40.330002,,62.368168,20.174999,56.500000,25.025322,28.139999,31.690001,67.015053,28.440001,,,48.517948,42.051971,50.450001,29.696396,54.740002,47.750000,,40.980000,,36.770000,77.220001,,,22.889999,,18.578611,,30.200001,17.853333,48.750000,37.681160,,0.692679,1369.800049,2.050500,46.067039,52.320000,44.349998,,40.625000,22.450001,9.109653,32.272671,18.959999,,21.735001,53.860001,80.929855,,14.150000,51.305000,163.517960,94.870003,43.369999,39.639999,24.940001,8.655767,83.326958,39.759998,,61.687439,20.375000,56.599998,24.899471,28.000000,31.700001,66.003342,28.120001,,,47.822254,41.953403,49.740002,29.696396,54.349998,47.369999,,40.630001,,36.779999,77.459999,,,23.040001,,18.464352,,30.209999,17.770000,48.919998,37.839260,
2004-10-05,0.688571,1360.000000,2.042000,46.285866,52.000000,44.509998,,40.625000,22.350000,9.059669,32.398453,18.900000,,21.700001,54.000000,80.751205,,14.080000,51.025002,163.374191,94.949997,43.639999,39.500000,24.750000,8.483197,84.082214,39.700001,,61.936722,20.375000,56.500000,24.801590,27.959999,31.700001,66.011703,28.150000,,,47.831291,41.738350,50.150002,29.781784,54.200001,47.619999,,40.740002,,36.660000,78.650002,,,22.950001,,18.738573,,30.120001,17.733334,49.119999,37.628456,,0.703036,1330.000000,2.048000,46.180828,51.490002,44.720001,,40.185001,22.250000,9.187754,33.046425,19.100000,,21.760000,54.450001,81.108513,,14.160000,51.049999,163.182495,94.070000,43.639999,39.529999,24.690001,8.619437,83.479927,39.459999,,61.601151,20.320000,56.520000,24.866844,27.940001,31.400000,65.852844,28.379999,,,47.939709,41.756271,49.349998,29.686907,54.259998,48.299999,,40.770000,,37.139999,77.209999,,,22.830000,,19.127056,,30.170000,17.803333,49.320000,37.654808,
2004-10-06,0.705357,1323.000000,2.036500,46.172073,51.490002,44.919998,,40.185001,22.299999,9.087785,33.084538,19.049999,,21.790001,54.549999,81.251434,,14.100000,50.974998,163.374191,94.070000,43.160000,39.599998,24.690001,8.583106,83.307838,39.310001,,61.831257,20.295000,56.500000,24.890150,27.900000,31.330000,66.580269,28.389999,,,48.111374,41.845879,49.500000,29.838711,54.259998,48.380001,,40.400002,,36.360001,77.129997,,,22.719999,,19.184187,,30.125000,17.803333,49.349998,37.654808,,0.725714,1332.000000,2.068000,46.627232,52.360001,45.250000,,40.500000,22.275000,9.300219,33.865913,19.530001,,21.840000,55.410000,82.823578,,14.180000,50.970001,164.763992,95.529999,43.049999,39.709999,24.690001,8.710263,84.168259,39.490002,,61.907959,20.450001,56.310001,25.085917,27.840000,31.969999,67.842812,28.530001,,,47.804184,41.827957,49.299999,29.582542,54.299999,48.919998,,40.549999,,36.430000,77.779999,,,23.100000,,19.760056,,30.325001,17.993334,50.029999,37.997364,
2004-10-07,0.723929,1331.400024,2.071000,46.627232,52.490002,45.250000,,40.650002,22.309999,9.287723,33.923088,19.459999,,21.840000,55.200001,82.305489,,14.130000,50.775002,163.613815,95.000000,42.209999,39.750000,24.700001,8.628520,84.168259,39.520000,,62.147652,20.475000,56.480000,24.633791,28.160000,31.799999,68.536789,28.540001,,,47.704800,41.496414,48.910000,28.538898,54.349998,48.919998,,40.360001,,36.259998,77.050003,,,23.120001,,19.949726,,30.225000,17.826668,49.330002,37.839260,,0.707500,1336.199951,2.057500,46.452171,51.320000,45.430000,,40.000000,22.205000,9.206498,33.214130,19.129999,,21.495001,55.220001,81.179970,,13.860000,50.790001,162.703247,94.849998,41.900002,39.290001,24.530001,8.642144,83.575523,39.529999,,61.457336,20.059999,56.259998,24.713030,27.930000,31.580000,66.605354,28.170000,,,47.460854,40.761650,49.009998,28.453510,53.639999,48.709999,,40.110001,,35.810001,76.300003,,,22.790001,,19.538391,,30.120001,17.850000,49.740002,37.654808,
2004-10-08,0.706429,1345.000000,2.047000,46.198334,51.119999,45.369999,,40.005001,22.240000,9.190878,33.358974,18.959999,,21.475000,54.950001,80.929855,,13.860000,50.794998,162.847015,94.849998,42.150002,39.099998,24.740000,8.596730,83.585083,39.540001,,61.457336,20.030001,56.259998,24.563875,27.940001,31.620001,66.688965,28.100000,,,47.180771,41.218639,48.980000,28.187857,53.419998,48.720001,,39.970001,,35.619999,77.760002,,,22.500000,,19.433271,,30.160000,17.803333,49.799999,37.154148,,0.697500,1338.000000,2.000000,45.734425,50.099998,45.139999,,39.750000,22.075001,9.103405,33.572422,18.780001,,21.360001,55.290001,80.554688,,13.950000,50.075001,161.696838,94.239998,42.209999,39.020000,24.760000,8.428701,82.896751,39.650002,,61.313519,20.000000,55.419998,24.773623,27.940001,31.309999,66.270905,27.990000,,,47.117523,40.922939,48.799999,28.273245,53.450001,48.520000,,39.439999,,35.779999,77.519997,,,22.049999,,19.186472,,30.240000,17.616667,49.840000,37.259552,
2004-10-11,0.692857,1338.000000,1.991500,45.751930,50.110001,45.290001,,39.750000,22.059999,9.140893,33.576233,18.770000,,21.450001,55.410000,80.411766,,13.980000,50.075001,161.984390,94.800003,42.020000,39.320000,24.900000,8.392371,82.954109,39.500000,,61.438160,20.059999,55.650002,24.708368,27.930000,31.440001,66.471573,28.200001,,,46.756126,41.057346,48.750000,28.235294,53.450001,48.650002,,39.799999,,35.650002,77.699997,,,21.600000,,19.492687,,30.250000,17.690001,50.000000,37.154148,,0.689107,1349.599976,2.007500,45.979507,50.259998,45.410000,,39.705002,21.995001,9.137769,33.217945,18.980000,,21.200001,54.910000,80.304573,,13.950000,50.035000,162.942871,94.139999,41.990002,40.070000,24.809999,8.465032,82.820267,39.380001,,61.303932,20.004999,55.500000,24.969389,27.680000,31.209999,66.237457,28.059999,,,46.954895,40.967743,48.730000,28.757116,53.669998,48.279999,,39.720001,,35.720001,78.050003,,,21.889999,,19.072212,,30.225000,17.633333,49.790001,37.391304,
2004-10-12,0.687500,1344.000000,1.977500,45.708164,50.270000,45.000000,,39.584999,21.924999,9.084661,33.065479,18.680000,,21.075001,54.590000,79.768616,,13.800000,49.974998,161.984390,93.250000,41.330002,39.750000,24.600000,8.378747,82.237091,39.049999,,61.112175,19.830000,55.299999,24.969389,27.480000,31.049999,66.178932,27.830000,,,46.819370,40.555557,48.650002,28.462997,53.400002,48.180000,,38.849998,,35.060001,76.750000,,,21.430000,,19.149908,,30.125000,17.506666,49.549999,36.943348,,0.683750,1347.599976,2.011000,46.137062,50.400002,45.529999,,39.869999,21.674999,9.140893,32.550919,19.160000,,21.145000,54.470001,79.875801,,13.820000,50.700001,163.038727,94.589996,41.980000,39.849998,24.520000,8.415077,82.217972,39.509998,,60.786194,19.889999,55.419998,24.801590,27.549999,31.170000,65.744148,28.030001,,,46.981998,40.905018,48.290001,28.330172,53.529999,47.700001,,39.570000,,35.200001,76.440002,,,21.299999,,19.021938,,30.230000,17.639999,49.369999,37.470356,
2004-10-13,0.694107,1353.000000,2.071000,46.137062,50.709999,45.529999,,39.875000,21.840000,9.194002,32.131641,19.459999,,21.350000,54.000000,80.018723,,13.880000,50.825001,164.140976,95.000000,41.869999,40.000000,24.290001,8.514986,82.466537,39.599998,,60.977947,19.889999,56.000000,24.801590,28.299999,31.160000,66.429764,28.190001,,,47.000069,40.833332,48.369999,28.339659,53.500000,48.099998,,39.740002,,35.459999,75.779999,,,21.900000,,18.738573,,30.325001,17.666668,48.950001,37.470356,,0.709821,1339.800049,1.999000,45.646896,50.230000,45.009998,,39.544998,21.725000,9.175258,31.639950,18.860001,,21.370001,53.310001,78.196465,,13.690000,50.150002,161.553070,94.720001,41.450001,39.790001,24.070000,8.583106,81.242828,39.240002,,60.335571,19.695000,54.660000,24.549892,28.860001,31.320000,65.200668,28.030001,,,46.674809,40.779572,48.049999,28.036053,53.020000,46.759998,,39.419998,,35.630001,75.279999,,,21.730000,,18.423218,,30.120001,17.516666,48.480000,37.707512,
2004-10-14,0.771250,1332.000000,1.972500,45.646896,50.150002,44.799999,,39.544998,21.850000,9.162762,31.861021,18.780001,,21.450001,54.009998,78.196465,,13.380000,50.025002,161.505142,94.000000,41.240002,39.700001,24.600000,8.360581,81.022942,39.240002,,60.498562,19.750000,54.349998,24.591841,28.650000,31.219999,65.342812,28.040001,,,46.765160,41.048386,47.830002,28.036053,52.849998,46.830002,,39.270000,,35.369999,75.599998,,,21.990000,,18.491774,,30.100000,17.540001,48.540001,37.602108,,0.803214,1203.800049,1.955000,45.261765,50.250000,44.200001,,39.750000,21.725000,8.981568,31.758108,18.590000,,21.379999,53.389999,77.696236,,13.120000,50.049999,160.354950,92.930000,41.150002,39.310001,23.900000,8.346957,81.051628,38.529999,,60.249283,19.575001,53.959999,24.465992,29.080000,31.570000,64.882942,27.799999,,,46.168850,40.833332,47.849998,27.590134,52.970001,47.169998,,39.200001,,35.209999,74.779999,,,21.379999,,18.857405,,29.740000,17.366667,48.709999,37.259552,
2004-10-15,0.801429,1170.000000,1.964500,45.454330,50.500000,44.500000,,39.755001,22.125000,9.034677,32.055412,18.650000,,21.525000,53.500000,78.786018,,13.150000,50.174999,160.642502,93.699997,41.549999,39.509998,23.990000,8.346957,81.051628,38.529999,,60.488976,19.745001,54.000000,24.563875,29.240000,31.570000,64.924751,27.969999,,,46.349548,41.057346,48.139999,27.514231,53.540001,46.599998,,39.549999,,35.740002,75.199997,,,21.590000,,19.012796,,29.860001,17.513332,48.950001,37.285904,,0.812500,1157.000000,1.927500,45.953251,50.189999,44.990002,,40.544998,21.965000,8.965948,32.013485,18.480000,,21.625000,53.400002,78.982536,,13.250000,49.994999,160.786270,94.160004,41.470001,39.810001,23.959999,8.269755,81.118546,38.740002,,60.354748,19.600000,53.849998,24.764301,28.990000,32.139999,65.200668,27.990000,,,46.412796,41.227600,48.299999,27.039848,53.689999,47.639999,,39.720001,,35.950001,75.500000,,,21.219999,,18.697441,,30.025000,17.510000,49.020000,37.496704,
2004-10-18,0.798214,1144.000000,1.911500,45.865719,49.549999,44.740002,,40.505001,21.855000,8.947204,31.895325,18.520000,,21.639999,53.349998,78.428711,,13.300000,49.750000,160.067413,94.160004,41.180000,39.810001,23.900000,8.265213,80.592735,38.549999,,60.364334,19.549999,53.810001,24.619808,28.830000,32.240002,62.709030,28.070000,,,46.259201,41.603943,49.619999,26.774195,53.610001,47.520000,,39.799999,,35.689999,75.849998,,,21.049999,,18.747715,,30.000000,17.483334,48.799999,37.417656,,0.852679,1193.599976,1.963500,46.128311,49.590000,44.980000,,40.564999,21.959999,8.987816,31.323587,18.650000,,21.855000,52.910000,79.715019,,13.390000,49.790001,162.415710,94.250000,41.549999,40.180000,23.850000,8.287920,82.141495,39.000000,,60.776608,19.620001,52.720001,25.029984,29.200001,32.330002,63.628761,28.410000,,,45.744205,41.693546,48.990002,27.514231,53.660000,48.529999,,40.540001,,35.639999,75.800003,,,21.090000,,18.276964,,30.075001,17.639999,48.750000,38.313568,
2004-10-19,0.858929,1160.000000,1.987000,46.303371,49.099998,45.000000,,40.665001,21.959999,8.959700,31.281660,18.910000,,21.950001,52.410000,79.768616,,13.460000,49.689999,162.367783,94.250000,42.130001,40.220001,23.900000,8.315168,84.321220,38.750000,,60.690315,19.875000,53.000000,24.974051,29.209999,32.330002,64.214050,28.530001,,,45.771309,41.845879,49.150002,27.609108,53.660000,48.419998,,41.029999,,36.110001,76.000000,,,22.299999,,18.062157,,29.825001,17.673332,48.500000,38.603428,,0.846786,1154.000000,1.916500,45.664402,49.209999,44.360001,,40.435001,21.530001,8.884724,31.254978,18.700001,,21.830000,52.750000,77.696236,,12.930000,50.025002,160.211182,93.059998,41.950001,39.740002,23.860001,8.283379,85.439774,37.980000,,60.402683,19.690001,52.880001,25.053288,29.000000,32.439999,63.035118,28.180000,,,45.337631,41.881721,49.200001,27.514231,53.000000,48.340000,,40.939999,,35.939999,75.830002,,,22.549999,,18.500914,,29.674999,17.559999,48.310001,38.524372,
2004-10-20,0.842500,1145.199951,1.905500,45.559364,49.299999,44.360001,,40.560001,22.000000,8.928460,31.300718,18.590000,,21.750000,52.740002,76.856567,,12.940000,49.375000,160.450806,92.110001,42.060001,39.740002,23.750000,8.219800,84.560226,36.700001,,60.306808,19.639999,52.880001,24.913456,28.740000,32.209999,63.152176,28.219999,,,45.355701,42.186378,49.209999,26.888046,52.799999,48.340000,,40.939999,,36.160000,75.389999,,,22.090000,,18.537477,,29.500000,17.546667,48.299999,38.498024,,0.847679,1152.000000,1.917500,45.611881,48.959999,43.720001,,40.395000,22.674999,8.859731,31.849586,18.450001,,21.615000,53.369999,76.677910,,12.900000,49.200001,159.204773,92.339996,42.090000,39.480000,23.830000,8.278837,84.913956,37.250000,,60.651966,19.725000,52.849998,25.006678,28.799999,32.910000,64.214050,28.700001,,,45.193069,41.845879,48.830002,26.850096,53.560001,48.320000,,41.259998,,36.150002,75.750000,,,22.870001,,19.195612,,29.410000,17.493334,48.869999,38.313568,
2004-10-21,0.847857,1129.800049,1.965000,45.559364,48.950001,43.869999,,40.189999,23.090000,8.784755,31.902948,18.670000,,21.559999,53.650002,76.731506,,12.950000,49.200001,158.869293,92.000000,42.180000,39.400002,23.610001,8.260672,84.512428,37.080002,,60.498562,19.650000,52.700001,25.057949,28.799999,32.910000,64.339462,28.809999,,,45.202106,42.473118,48.669998,26.992411,53.310001,48.380001,,41.980000,,35.759998,75.500000,,,23.090000,,19.424131,,29.299999,17.473333,48.849998,38.524372,,0.856071,1129.000000,1.973500,45.769436,49.560001,43.910000,,38.514999,22.924999,8.766011,31.914383,18.629999,,21.610001,53.389999,76.052628,,13.060000,50.060001,159.923630,93.470001,42.200001,39.730000,23.740000,8.337875,84.225624,37.700001,,60.258869,19.740000,53.480000,25.034643,28.520000,32.740002,64.882942,28.559999,,,45.572540,42.320789,48.860001,26.982922,53.619999,48.849998,,42.540001,,35.849998,75.760002,,,23.049999,,19.675503,,29.260000,17.370001,48.810001,38.366272,
2004-10-22,0.848929,1110.800049,1.811000,45.865719,49.500000,43.799999,,39.014999,22.924999,8.781631,32.085903,18.680000,,21.615000,53.549999,76.356339,,13.140000,50.165001,159.923630,93.019997,41.980000,39.730000,23.950001,8.278837,84.340347,37.799999,,59.971237,20.000000,53.480000,25.029984,28.469999,32.730000,65.091972,28.299999,,,45.599644,42.293907,49.000000,26.954458,53.700001,48.860001,,42.320000,,36.000000,75.760002,,,23.049999,,19.721207,,29.299999,17.440001,48.889999,38.392624,,0.846607,1094.000000,1.730000,45.279270,49.509998,43.799999,,38.669998,22.850000,8.697282,32.322224,18.270000,,21.139999,53.340000,77.892754,,12.970000,50.005001,157.910812,92.699997,41.619999,39.169998,23.670000,8.147139,83.546844,37.470001,,60.460213,19.450001,53.529999,25.123203,28.520000,32.549999,63.444817,27.740000,,,45.355701,42.078854,48.480000,26.318787,53.049999,47.450001,,41.669998,,35.639999,75.250000,,,22.309999,,19.588665,,28.940001,17.330000,48.700001,37.733860,
2004-10-25,0.842857,1105.000000,1.700000,45.253010,49.049999,43.650002,,38.674999,22.995001,8.650422,32.322224,18.150000,,21.000000,53.450001,77.321068,,12.900000,49.985001,158.629684,91.750000,41.680000,38.900002,23.549999,8.038147,83.518166,37.470001,,59.204220,19.510000,53.250000,25.053288,28.340000,32.599998,63.018394,27.670000,,,45.129826,42.482079,48.200001,26.328274,53.000000,47.450001,,41.299999,,35.389999,75.250000,,,22.799999,,19.872028,,28.875000,17.383333,48.599998,37.391304,,0.849107,1122.000000,1.698500,44.771595,49.000000,43.619999,,39.169998,22.475000,8.759763,32.367962,18.059999,,21.190001,53.439999,78.285789,,12.700000,49.730000,157.671188,92.419998,41.509998,38.669998,23.790001,8.133515,84.541107,37.020000,,56.596355,19.325001,53.500000,24.978710,28.379999,32.349998,63.185619,27.629999,,,45.120789,42.132614,48.230000,26.356735,52.330002,47.450001,,41.369999,,35.250000,75.389999,,,22.469999,,19.533821,,28.924999,17.433332,48.810001,37.839260,
2004-10-26,0.847321,1186.000000,1.707500,44.876633,48.820000,43.619999,,39.099998,22.500000,8.794127,32.356525,18.120001,,21.190001,53.439999,78.714561,,12.790000,49.980000,158.629684,92.800003,41.560001,38.650002,23.650000,8.174387,84.445503,37.020000,,56.807285,19.375000,53.349998,24.974051,28.400000,32.360001,63.043476,27.709999,,,45.048512,42.195339,48.220001,26.366224,51.849998,47.950001,,41.220001,,35.380001,74.550003,,,22.750000,,19.908592,,28.990000,17.433332,48.740002,37.971012,,0.856607,1206.599976,1.691500,45.323032,49.980000,43.869999,,39.705002,22.690001,9.034677,32.943508,18.110001,,21.615000,53.950001,79.196922,,12.850000,50.755001,161.169662,93.760002,41.950001,39.669998,23.799999,8.110808,85.086044,37.490002,,58.015339,19.650000,54.380001,25.141848,28.870001,32.820000,63.729095,27.900000,,,45.816486,42.356632,48.450001,26.878557,53.209999,48.259998,,41.509998,,35.549999,75.220001,,,22.889999,,19.766911,,29.350000,17.606667,49.389999,38.366272,
2004-10-27,0.866250,1208.000000,1.681500,45.358047,51.000000,43.759998,,39.580002,22.690001,9.122149,32.836784,18.080000,,21.615000,53.950001,79.143326,,12.880000,50.755001,160.882126,93.279999,42.270000,39.509998,24.000000,8.128974,84.684509,37.349998,,57.622246,19.565001,54.200001,25.057949,28.670000,32.720001,63.386288,27.860001,,,45.635784,42.356632,48.400002,26.821632,52.250000,48.259998,,41.599998,,36.000000,75.550003,,,22.889999,,19.995430,,29.250000,17.503332,49.349998,38.181816,,0.898214,1200.400024,1.711500,45.997017,50.099998,44.360001,,40.400002,22.709999,9.206498,32.367962,18.549999,,22.139999,52.970001,80.411766,,13.140000,51.660000,162.703247,96.099998,42.650002,40.790001,24.290001,8.378747,86.042068,38.020000,,56.874401,20.215000,54.910000,25.253714,29.190001,33.250000,64.857857,28.150000,,,46.756126,42.661289,49.650002,27.552181,51.779999,48.830002,,42.549999,,36.709999,76.720001,,,23.770000,,19.638941,,29.575001,17.906668,48.950001,38.972332,
2004-10-28,0.892500,1200.199951,1.712000,45.909485,50.110001,44.099998,,40.200001,22.834999,9.212746,32.207874,18.540001,,22.100000,52.900002,79.679283,,13.040000,51.334999,161.984390,96.099998,42.299999,40.570000,24.700001,8.310627,85.850861,37.849998,,56.807285,20.165001,54.980000,25.281681,28.959999,33.150002,64.406357,28.110001,,,46.530251,42.688171,49.389999,27.552181,52.500000,48.830002,,42.240002,,36.709999,76.500000,,,23.930000,,19.606947,,29.559999,17.903334,48.599998,38.524372,,0.931964,1224.199951,1.722500,46.172073,49.869999,44.520000,,39.764999,22.475000,9.228366,31.628513,18.950001,,21.940001,52.470001,78.732422,,13.160000,51.360001,163.086639,97.430000,42.310001,41.160000,24.750000,8.396912,85.564056,38.480000,,57.698944,20.245001,55.000000,25.524057,29.030001,33.349998,64.506691,28.010000,,,47.198841,42.930107,49.540001,27.239088,51.310001,49.540001,,42.560001,,36.939999,76.690002,,,24.340000,,19.117916,,29.915001,17.996668,48.610001,39.288540,
2004-10-29,0.925714,1224.199951,1.718000,46.233345,49.970001,44.630001,,39.770000,22.430000,9.259606,31.636137,18.959999,,21.915001,52.000000,78.464447,,13.160000,51.439999,162.463623,97.430000,42.160000,41.070000,24.260000,8.315168,85.468452,38.419998,,57.526367,20.450001,55.000000,25.524057,28.830000,33.200001,64.339462,28.120001,,,47.253052,42.759857,49.320000,27.277040,51.000000,49.200001,,42.500000,,36.790001,77.570000,,,24.299999,,19.195612,,29.850000,17.940001,48.320000,39.051384,,0.935714,1214.199951,1.706500,46.452171,49.900002,44.790001,,40.270000,22.309999,9.215870,32.135456,19.209999,,21.730000,53.060001,80.286705,,13.030000,51.060001,163.517960,98.379997,42.400002,41.080002,24.290001,8.474114,85.803062,38.599998,,57.209972,20.330000,55.090000,25.398209,29.150000,33.310001,64.857857,27.969999,,,46.756126,43.019714,49.580002,27.466793,51.180000,50.099998,,42.650002,,36.500000,77.589996,,,24.450001,,19.638941,,29.860001,17.973333,49.220001,38.919632,
2004-11-01,0.937500,1224.000000,1.711000,46.452171,50.099998,44.919998,,40.450001,22.309999,9.268978,32.303165,19.209999,,21.840000,53.060001,80.036591,,13.130000,51.075001,163.422119,98.199997,42.700001,41.020000,24.200001,8.433243,85.401527,38.770000,,57.142857,20.350000,55.250000,25.216427,29.049999,33.259998,64.799332,28.160000,,,46.891651,43.010754,49.500000,27.466793,51.250000,50.049999,,42.730000,,36.540001,76.500000,,,24.370001,,20.086838,,29.965000,17.973333,49.400002,39.235836,,0.936607,1215.400024,1.755000,46.312122,49.950001,45.110001,,40.919998,22.350000,9.165886,32.002048,19.260000,,21.850000,52.950001,80.733337,,13.230000,51.169998,163.182495,98.320000,43.099998,41.080002,24.340000,8.519528,86.147224,38.500000,,57.277084,20.264999,55.790001,25.416853,29.580000,33.680000,64.306023,28.080000,,,47.370506,43.046597,49.299999,27.324478,51.000000,50.200001,,42.779999,,36.520000,76.949997,,,24.820000,,19.346436,,29.955000,17.950001,48.820000,40.184452,
2004-11-02,0.935714,1220.000000,1.774500,46.215839,50.049999,44.610001,,40.985001,22.475000,9.209622,32.017296,19.299999,,21.950001,52.549999,80.661880,,12.880000,51.169998,162.703247,98.849998,43.080002,40.860001,24.450001,8.524069,85.611855,38.500000,,57.420902,20.000000,55.759998,25.360920,29.500000,33.680000,63.837791,28.260000,,,47.524101,42.983871,48.410000,27.419355,51.000000,50.200001,,42.790001,,36.919998,76.300003,,,24.700001,,19.424131,,29.855000,17.683332,48.560001,40.342556,,0.955357,1229.400024,1.812000,47.266201,49.880001,45.169998,,40.994999,22.510000,9.150266,31.800035,19.290001,,21.950001,52.099998,80.393898,,13.240000,50.240002,163.182495,98.550003,42.840000,41.139999,24.650000,8.628520,86.491394,38.549999,,56.951103,20.325001,54.110001,25.370241,29.190001,33.450001,63.444817,28.240000,,,46.665775,42.732975,49.639999,27.229603,50.970001,49.549999,,42.849998,,37.150002,77.089996,,,24.299999,,19.044790,,29.900000,18.049999,48.430000,40.474308,
2004-11-03,0.970893,1237.000000,1.859000,47.966438,51.000000,45.740002,,42.000000,22.775000,9.237738,32.200253,19.770000,,22.250000,52.799999,81.447952,,13.480000,51.500000,164.859848,100.010002,44.049999,41.889999,24.750000,8.801090,87.237091,39.349998,,57.296261,20.389999,55.500000,25.631262,29.170000,33.549999,63.545151,28.650000,,,47.876465,44.103943,50.000000,28.842505,51.950001,50.250000,,43.590000,,37.009998,77.750000,,,24.760000,,19.497257,,30.000000,18.260000,49.000000,40.843216,,0.987679,1233.000000,1.796000,47.563801,51.150002,45.639999,,42.125000,22.740000,9.075289,32.589031,19.280001,,22.190001,53.169998,81.983910,,13.250000,52.134998,164.524368,99.370003,44.150002,41.209999,24.730000,8.628520,87.189293,38.849998,,58.005753,20.424999,55.889999,25.780416,29.309999,33.430000,62.951504,28.469999,,,48.563126,44.247311,50.139999,27.941175,51.860001,50.450001,,43.290001,,36.790001,77.699997,,,23.920000,,19.168190,,30.150000,18.160000,49.270000,41.422924,
2004-11-04,0.982679,1204.000000,1.785000,47.292458,50.849998,45.650002,,42.235001,22.825001,9.106529,32.589031,19.250000,,22.490000,53.480000,81.983910,,13.250000,52.474998,164.668152,99.370003,44.000000,41.209999,24.620001,8.628520,87.045891,38.750000,,58.005753,20.495001,55.889999,25.775755,29.320000,33.529999,63.160534,28.379999,,,48.563126,44.444443,50.200001,28.462997,52.000000,50.400002,,43.299999,,37.389999,77.769997,,,23.480000,,19.168190,,30.165001,18.100000,49.480000,41.422924,,0.972321,1221.400024,1.845500,48.097736,50.590000,46.250000,,42.939999,23.260000,9.250234,33.294174,19.520000,,23.450001,54.380001,84.324265,,13.780000,52.884998,168.166626,100.000000,44.369999,41.939999,24.910000,8.869210,88.317398,39.639999,,59.616489,20.680000,55.950001,26.563477,29.629999,34.520000,65.284279,29.000000,,,48.581196,44.802868,51.209999,27.571157,53.189999,52.189999,,43.759998,,37.520000,78.639999,,,24.260000,,19.373857,,30.709999,18.753332,50.189999,43.214756,
2004-11-05,0.979643,1224.000000,1.865000,48.141499,50.799999,46.250000,,43.099998,23.350000,9.262730,33.297989,19.790001,,23.650000,54.389999,84.860229,,13.860000,53.000000,168.693802,100.500000,44.310001,41.939999,25.020000,8.978202,88.336517,39.639999,,59.779484,20.834999,56.000000,26.568138,29.740000,34.299999,65.635452,29.209999,,,48.770931,44.767025,51.250000,27.666035,53.389999,52.209999,,43.970001,,38.169998,78.360001,,,24.600000,,19.369287,,30.750000,18.833332,50.000000,43.478260,,0.977143,1221.000000,1.828000,48.246536,51.150002,45.950001,,43.584999,23.455000,9.265854,33.679146,19.969999,,23.100000,54.529999,85.092476,,13.810000,53.424999,168.645874,100.849998,44.360001,42.290001,25.200001,8.941871,89.177818,39.349998,,59.520615,20.700001,56.849998,27.066874,30.059999,34.740002,68.060204,29.309999,,,48.608299,45.053764,51.200001,27.314991,53.520000,52.240002,,44.020000,,38.950001,78.610001,,,24.700001,,19.497257,,30.750000,18.823334,50.389999,42.292488,
2004-11-08,0.969107,1210.000000,1.837500,48.036465,51.150002,45.919998,,43.505001,23.424999,9.228366,33.610538,19.980000,,22.700001,54.500000,85.038879,,13.850000,53.500000,168.166626,100.400002,44.220001,42.200001,25.150000,8.900999,88.432121,39.320000,,59.511024,20.775000,56.950001,26.917719,30.400000,34.599998,68.060204,29.180000,,,48.834175,44.489246,51.000000,26.660341,53.520000,52.299999,,43.849998,,38.080002,77.320000,,,24.680000,,19.209324,,30.750000,18.823334,50.349998,42.450592,,0.971071,1210.800049,1.866000,47.931427,52.070000,45.970001,,43.505001,23.190001,9.247110,33.073105,19.969999,,22.905001,53.360001,85.253265,,13.770000,53.630001,168.310394,100.209999,44.250000,42.450001,25.170000,8.996367,89.263863,39.279999,,59.511024,20.639999,57.200001,27.006279,30.200001,34.480000,68.043480,29.280001,,,49.249786,44.811829,50.869999,26.954458,53.290001,52.700001,,43.470001,,38.130001,77.639999,,,24.740000,,18.738573,,30.805000,18.843332,50.169998,42.134388,
2004-11-09,0.968393,1223.000000,1.859000,48.010204,51.849998,46.200001,,43.400002,23.365000,9.272102,33.008308,19.900000,,22.700001,53.060001,85.110336,,13.970000,53.000000,167.831161,100.220001,44.049999,42.299999,25.110001,9.019074,88.910133,39.330002,,59.511024,20.725000,57.299999,26.927040,30.080000,34.279999,68.252510,29.430000,,,49.376274,44.086021,50.900002,26.631880,53.389999,52.700001,,43.720001,,37.540001,77.639999,,,24.719999,,18.692869,,30.924999,18.900000,49.810001,42.160740,,0.965179,1215.000000,1.870000,47.817638,52.509998,45.930000,,44.154999,23.334999,9.247110,32.966381,19.750000,,23.020000,52.770000,85.950012,,14.080000,52.720001,169.748138,100.870003,44.450001,42.060001,25.340000,8.946412,89.263863,39.110001,,59.165867,20.620001,57.009998,26.829159,30.180000,34.369999,67.884613,29.770000,,,49.150398,44.220428,51.020000,26.555977,52.770000,52.549999,,44.000000,,38.200001,77.849998,,,24.750000,,18.651737,,30.775000,18.773333,49.310001,41.870884,
2004-11-10,0.963393,1222.000000,1.900000,47.878910,52.820000,46.130001,,44.255001,23.400000,9.300219,33.065479,18.980000,,23.049999,52.500000,86.003609,,14.000000,53.099998,170.035675,100.910004,44.590000,42.189999,25.340000,8.864668,88.833649,39.180000,,59.539787,20.740000,57.020000,26.917719,29.959999,34.299999,67.834450,29.920000,,,49.285927,44.668461,51.020000,25.939280,52.849998,52.799999,,44.500000,,37.889999,77.199997,,,24.629999,,18.756857,,30.780001,18.799999,49.310001,42.160740,,0.977679,1214.000000,1.904500,47.940182,53.400002,46.230000,,44.369999,23.225000,9.153390,33.263683,18.440001,,23.285000,52.650002,86.468102,,13.910000,53.465000,169.268890,100.750000,44.220001,42.009998,25.280001,8.614896,89.493309,38.950001,,59.913712,20.584999,57.509998,26.600765,30.020000,34.849998,67.600334,29.730000,,,49.412415,44.551971,51.320000,26.062618,53.000000,53.009998,,44.349998,,37.799999,76.970001,,,23.969999,,18.948812,,30.750000,18.683332,49.669998,41.686432,
2004-11-11,0.981250,1219.000000,1.904500,48.115242,53.410000,46.500000,,44.490002,23.424999,9.203374,33.263683,18.500000,,23.350000,52.650002,86.468102,,13.990000,53.939999,169.748138,101.250000,44.369999,42.380001,24.809999,8.587648,89.483749,39.200001,,59.865772,20.084999,57.650002,26.661360,30.100000,34.900002,68.018394,29.889999,,,49.511799,44.578854,50.900002,25.853889,53.380001,53.150002,,44.700001,,37.959999,76.370003,,,24.270000,,18.953382,,30.875000,18.813334,49.549999,41.976284,,0.987500,1219.000000,1.941500,48.482868,54.299999,47.110001,,44.924999,23.690001,9.250234,33.069290,18.740000,,23.264999,52.919998,86.753952,,14.250000,54.169998,171.569260,103.000000,44.509998,42.770000,25.070000,8.742053,90.621414,39.180000,,60.594440,20.480000,57.980000,26.684666,30.280001,35.000000,68.461540,29.980000,,,49.701534,44.722221,51.540001,25.759012,54.000000,53.450001,,45.220001,,38.400002,76.800003,,,24.270000,,18.953382,,31.075001,18.873333,49.660000,42.292488,
2004-11-12,0.982321,1227.000000,1.952500,48.491619,54.200001,46.959999,,44.974998,23.825001,9.228366,33.073105,18.809999,,23.225000,52.779999,86.843277,,14.300000,53.705002,172.383972,103.449997,45.080002,42.840000,25.270000,8.746594,90.497131,38.930000,,60.019176,20.355000,57.980000,26.740599,30.379999,34.900002,68.561874,30.160000,,,49.701534,44.892471,51.590000,25.806452,54.009998,53.169998,,44.720001,,38.450001,77.550003,,,24.389999,,19.017366,,31.145000,18.840000,49.500000,42.819500,,0.991071,1220.599976,2.023000,48.692940,53.930000,47.439999,,44.985001,23.809999,9.318963,33.500000,19.260000,,23.174999,54.570000,88.183174,,14.230000,54.014999,173.725861,104.660004,45.020000,43.220001,25.450001,8.782925,91.128105,39.169998,,60.642380,20.395000,58.560001,26.852465,30.500000,34.880001,69.130432,29.969999,,,49.818989,45.215054,52.220001,26.043644,54.599998,53.669998,,45.230000,,38.730000,78.239998,,,24.690001,,19.314442,,31.285000,18.950001,50.419998,43.188408,
2004-11-15,0.985714,1239.000000,2.023000,48.657928,53.849998,47.189999,,44.910000,23.940001,9.300219,33.389465,19.150000,,23.174999,54.049999,87.629349,,14.220000,53.849998,173.725861,104.849998,44.799999,43.119999,25.500000,8.764759,90.898659,39.000000,,60.354748,20.350000,58.250000,26.754581,30.330000,34.880001,69.230766,27.340000,,,49.873199,44.686378,51.779999,26.081594,54.599998,53.919998,,44.689999,,38.599998,79.500000,,,24.570000,,19.314442,,31.215000,18.966667,50.130001,43.293808,,0.986429,1256.800049,2.044500,49.016800,54.029999,47.330002,,44.845001,23.950001,9.362699,32.970192,19.549999,,23.125000,52.970001,87.361366,,14.350000,54.055000,173.006989,104.620003,44.770000,43.790001,25.350000,8.819255,91.701721,39.160000,,60.402683,20.290001,58.290001,26.791870,30.420000,34.680000,68.795990,27.389999,,,49.864166,44.605736,51.930000,26.204933,54.480000,54.400002,,44.799999,,38.599998,79.169998,,,24.820000,,19.044790,,31.275000,19.233334,49.580002,43.056652,
2004-11-16,0.985000,1269.000000,2.025000,49.016800,54.000000,47.330002,,44.970001,23.950001,9.359575,33.149338,19.440001,,23.125000,52.919998,86.753952,,14.280000,54.555000,172.767365,104.629997,44.810001,44.270000,25.049999,8.787466,91.061188,38.500000,,60.575264,20.295000,58.349998,26.754581,30.469999,34.580002,68.729095,27.330000,,,49.909340,44.632614,51.720001,26.233397,54.500000,54.439999,,44.520000,,38.400002,79.099998,,,24.610001,,19.309872,,31.270000,19.000000,49.500000,42.740448,,0.981071,1253.000000,2.003500,48.806728,54.000000,46.770000,,44.939999,24.070000,9.284599,32.829163,19.379999,,23.160000,52.540001,86.628891,,14.210000,53.904999,173.006989,103.720001,45.009998,43.000000,25.209999,8.937330,90.717018,38.470001,,60.402683,20.125000,57.959999,26.405001,30.110001,34.580002,68.369568,27.120001,,,50.216530,44.659496,51.250000,25.920303,54.349998,54.279999,,44.490002,,38.240002,78.660004,,,24.430000,,19.168190,,31.090000,18.963333,49.410000,42.028988,
2004-11-17,0.985536,1262.000000,2.020000,48.929272,54.299999,47.020000,,45.450001,24.200001,9.287723,33.008308,19.490000,,23.209999,52.709999,88.254639,,14.240000,54.255001,173.869629,104.050003,44.849998,42.849998,24.900000,9.654859,91.108986,38.500000,,60.402683,20.150000,58.060001,26.502884,30.320000,34.630001,68.545151,27.250000,,,50.577930,44.820789,51.700001,25.920303,54.480000,54.700001,,45.070000,,38.709999,78.300003,,,24.750000,,19.424131,,31.325001,19.116667,49.599998,42.292488,,0.980357,1261.599976,1.995000,49.051811,54.750000,46.590000,,45.439999,24.370001,9.284599,33.054047,19.540001,,23.145000,53.400002,87.272041,,14.310000,53.919998,174.205093,104.709999,45.040001,42.279999,24.969999,9.173479,91.261948,38.270000,,60.162991,20.139999,57.990002,26.307117,30.400000,34.759998,68.754181,27.170000,,,50.993542,44.973118,51.290001,26.555977,54.490002,54.990002,,45.209999,,38.930000,79.070000,,,25.209999,,19.963436,,31.230000,18.746668,50.000000,41.923584,
2004-11-18,0.969643,1269.000000,1.986500,49.051811,55.150002,46.200001,,45.439999,23.875000,9.343955,33.054047,19.500000,,23.125000,53.439999,87.718674,,14.310000,53.794998,174.444717,104.900002,44.459999,42.279999,24.520000,9.168937,91.166351,38.200001,,60.124641,20.240000,58.240002,26.288473,30.250000,34.660000,68.561874,27.129999,,,50.993542,44.731182,51.599998,26.679317,54.380001,54.889999,,44.310001,,38.459999,77.529999,,,25.000000,,20.054846,,31.250000,18.746668,50.130001,41.923584,,0.989107,1260.400024,2.018500,49.043060,54.849998,46.410000,,45.720001,23.459999,9.534520,32.878712,19.520000,,23.340000,53.590000,88.129578,,14.340000,53.840000,176.505463,104.830002,43.590000,42.810001,24.540001,9.200727,90.917786,37.820000,,60.594440,20.139999,58.619999,26.405001,29.950001,34.669998,68.871239,27.070000,,,50.921261,44.283154,51.230000,26.347248,54.770000,54.900002,,44.430000,,38.220001,77.599998,,,25.360001,,20.379341,,31.225000,18.600000,50.049999,41.818184,
2004-11-19,0.990893,1257.000000,1.957500,49.043060,54.849998,46.160000,,45.720001,23.450001,9.568885,32.935886,19.510000,,23.424999,53.779999,88.611938,,14.390000,53.845001,176.505463,104.769997,43.250000,42.970001,24.530001,9.196185,90.774376,37.900002,,60.690315,20.100000,58.570000,26.358389,29.650000,34.500000,68.704010,27.030001,,,50.921261,44.426521,51.450001,26.356735,54.779999,54.910000,,44.750000,,38.029999,77.830002,,,25.350000,,20.521025,,31.200001,18.616667,50.099998,41.765480,,0.985179,1236.000000,1.927500,48.754211,53.770000,45.849998,,45.090000,23.110001,9.481412,33.324669,19.010000,,22.900000,53.900002,87.325638,,14.150000,53.220001,173.821701,103.040001,42.770000,42.700001,24.250000,9.118983,90.296364,37.419998,,59.904121,19.865000,58.349998,26.036776,29.299999,34.040001,67.683945,26.860001,,,50.695385,43.781361,50.849998,25.834915,54.320000,53.180000,,43.730000,,37.630001,77.110001,,,24.750000,,20.575869,,30.775000,18.416668,50.380001,41.212120,
2004-11-22,1.103571,1240.000000,1.922000,48.579151,53.759998,45.599998,,45.125000,23.150000,9.534520,33.237003,18.879999,,22.875000,54.099998,87.343506,,14.070000,52.825001,173.725861,102.750000,42.380001,42.730000,24.200001,9.087193,90.152962,37.419998,,59.731544,19.950001,58.150002,26.125336,29.440001,34.150002,67.683945,26.750000,,,50.460476,43.431900,51.049999,25.948767,54.080002,53.279999,,43.790001,,37.430000,76.029999,,,24.690001,,20.840952,,30.900000,18.493334,50.380001,40.606060,,1.095536,1257.000000,1.902500,49.121838,53.970001,46.259998,,45.049999,23.014999,9.597001,33.873535,19.150000,,22.900000,54.799999,88.451157,,14.090000,53.875000,172.959061,103.419998,42.770000,43.230000,24.370001,9.173479,90.927345,37.549999,,60.479385,19.934999,58.860001,26.451611,29.379999,34.580002,67.508362,26.650000,,,50.894154,43.620071,51.220001,25.683111,54.459999,53.220001,,44.189999,,37.639999,76.230003,,,24.549999,,21.128885,,31.025000,18.559999,50.910000,41.317524,
2004-11-23,1.112500,1280.000000,1.909000,48.973034,53.959999,46.029999,,45.700001,23.049999,9.625117,33.968826,18.990000,,22.875000,54.799999,88.701263,,14.090000,53.650002,172.383972,103.750000,42.930000,43.220001,24.160000,9.132607,90.535370,37.650002,,60.354748,19.900000,58.860001,26.451611,29.270000,34.349998,67.508362,26.520000,,,50.686352,43.906811,51.099998,25.730551,54.459999,53.220001,,44.529999,,37.660000,75.800003,,,24.570000,,21.206581,,31.025000,18.483334,50.910000,42.108036,,1.094107,1284.000000,1.915500,49.191860,54.330002,46.400002,,45.445000,23.000000,9.618869,34.189899,19.000000,,22.924999,54.560001,88.683403,,14.090000,53.849998,171.617188,103.809998,42.549999,43.529999,24.150000,9.155313,91.089867,37.560001,,60.373920,19.855000,59.040001,26.540171,30.100000,34.779999,67.090302,26.530001,,,51.309765,43.279572,51.360001,25.521822,54.060001,52.880001,,44.320000,,37.560001,75.849998,,,24.330000,,21.229433,,31.200001,18.549999,51.200001,41.765480,
2004-11-24,1.101607,1280.000000,1.943500,49.279388,54.330002,46.200001,,45.500000,22.950001,9.650109,34.304245,19.049999,,22.975000,54.750000,89.040710,,14.040000,54.075001,171.808884,104.099998,42.849998,43.480000,24.430000,9.141689,90.860420,37.779999,,60.345158,19.900000,59.049999,26.521526,30.200001,34.689999,67.031776,26.620001,,,51.101959,43.530464,51.419998,25.664137,54.150002,53.009998,,44.450001,,37.669998,76.000000,,,24.540001,,21.595064,,31.195000,18.650000,51.200001,42.160740,,1.143750,1284.599976,1.937500,49.235626,54.119999,46.459999,,46.029999,22.895000,9.553265,34.262318,19.209999,,23.014999,54.580002,89.415878,,14.080000,54.025002,170.802475,105.000000,42.650002,43.430000,24.520000,9.146231,91.261948,37.700001,,60.834133,19.900000,59.200001,26.544832,30.400000,34.540001,67.098663,26.639999,,,51.083889,43.413979,51.250000,25.417458,53.939999,53.529999,,44.619999,,37.610001,76.089996,,,24.629999,,21.334553,,31.225000,18.500000,51.490002,41.739128,
2004-11-26,1.166964,1281.000000,1.947500,49.034306,54.130001,46.360001,,46.125000,22.950001,9.612621,34.494823,19.139999,,22.975000,54.700001,89.683861,,14.100000,53.849998,170.610764,104.949997,42.509998,43.259998,24.520000,9.114441,90.869980,37.700001,,60.882072,19.850000,59.250000,26.498222,30.330000,34.459999,66.889633,26.559999,,,50.641174,43.584229,51.259998,25.388994,53.950001,53.650002,,44.919998,,37.660000,76.290001,,,24.629999,,21.435101,,31.209999,18.433332,51.590000,41.660080,,1.152679,1276.199951,1.954500,49.113083,54.020000,46.470001,,46.400002,22.950001,9.543893,34.441463,19.230000,,22.865000,54.840000,90.076897,,14.250000,54.115002,169.843979,104.839996,42.650002,43.369999,24.549999,9.159855,90.554497,37.689999,,61.093002,19.930000,59.540001,26.568138,30.570000,34.810001,67.023415,26.600000,,,50.839947,43.951614,51.270000,25.768501,53.639999,53.220001,,45.090000,,37.900002,76.470001,,,24.590000,,21.768740,,31.250000,18.440001,51.650002,41.765480,
2004-11-29,1.231250,1277.000000,1.980000,49.331909,54.020000,46.250000,,46.400002,23.000000,9.568885,34.418594,19.200001,,22.895000,55.000000,89.683861,,14.350000,54.299999,170.466995,105.430000,42.750000,43.310001,24.500000,9.137148,90.764816,37.689999,,61.083412,20.000000,59.099998,26.405001,30.709999,34.759998,67.056854,26.639999,,,50.776699,43.960571,51.119999,25.920303,53.970001,53.230000,,45.689999,,38.369999,76.500000,,,24.950001,,21.846436,,31.360001,17.916668,51.680000,42.081684,,1.222143,1275.599976,1.947000,48.859245,53.619999,46.340000,,45.580002,23.000000,9.443924,34.315681,18.940001,,22.665001,54.660000,90.755775,,14.230000,54.174999,169.173035,105.080002,42.880001,43.029999,24.440001,9.128065,91.300194,37.310001,,61.236816,19.855000,60.049999,26.544832,30.750000,34.750000,66.889633,26.770000,,,51.011608,43.906811,50.450001,25.929790,54.099998,53.110001,,45.349998,,38.110001,76.040001,,,24.570000,,21.480804,,31.100000,17.716667,51.369999,41.264820,
2004-11-30,1.228393,1269.000000,1.948500,48.754211,53.450001,46.130001,,45.400002,22.924999,9.412684,34.170841,18.850000,,22.590000,54.750000,90.309143,,14.160000,53.799999,169.173035,104.550003,42.709999,42.500000,24.120001,9.073569,90.965584,37.180000,,60.997124,19.764999,60.000000,26.465593,30.600000,34.790001,66.889633,26.750000,,,50.776699,43.422939,50.029999,26.233397,54.020000,53.250000,,45.060001,,38.180000,75.400002,,,24.719999,,21.480804,,30.990000,17.733334,51.209999,41.080368,,1.197321,1267.000000,1.984000,48.762962,53.570000,46.270000,,45.775002,22.995001,9.384567,34.681591,18.750000,,22.684999,54.599998,90.166222,,14.180000,54.180000,169.460587,104.760002,42.540001,41.750000,23.950001,9.082652,90.095604,37.650002,,60.987537,19.655001,60.840000,26.498222,30.740000,34.200001,66.546822,26.809999,,,50.894154,43.055557,49.910000,26.347248,53.480000,53.639999,,44.500000,,37.759998,74.709999,,,24.180000,,21.384827,,30.885000,17.353333,51.250000,40.368904,
2004-12-01,1.210536,1269.000000,2.000000,48.797974,53.599998,45.799999,,45.775002,23.110001,9.409560,34.681591,18.879999,,22.680000,54.689999,90.380608,,14.160000,54.400002,169.460587,105.250000,43.169998,41.950001,23.820000,9.123524,90.344170,37.799999,,60.191753,19.725000,60.840000,26.568138,30.900000,34.430000,66.471573,26.950001,,,50.776699,43.593189,50.009998,26.574953,53.560001,53.599998,,45.009998,,37.830002,74.500000,,,24.309999,,21.393967,,31.075001,17.500000,51.259998,40.447960,,1.210536,1294.599976,1.999000,49.410686,54.700001,46.590000,,46.325001,23.360001,9.453296,34.029812,19.150000,,23.065001,53.480000,91.148811,,14.140000,54.730000,172.623596,106.000000,43.250000,42.279999,24.230000,9.318801,91.663483,38.279999,,60.920422,19.885000,61.419998,26.978313,31.209999,34.580002,67.265884,27.250000,,,51.363976,43.700718,50.820000,26.783682,54.660000,55.110001,,45.450001,,38.029999,75.559998,,,25.180000,,20.402193,,31.440001,17.606667,51.150002,40.658764,
2004-12-02,1.180893,1282.000000,1.982000,49.410686,54.500000,46.410000,,46.325001,23.400000,9.409560,33.770622,19.090000,,23.000000,52.900002,90.827240,,14.140000,54.430000,171.808884,106.019997,43.639999,42.279999,24.230000,9.264305,91.443596,38.250000,,60.930012,19.885000,61.419998,26.964329,31.320000,34.799999,67.056854,27.270000,,,51.318802,43.629032,50.599998,26.982922,54.349998,54.860001,,45.560001,,37.959999,75.500000,,,24.930000,,19.972578,,31.440001,17.526667,50.700001,40.711460,,1.164464,1303.000000,2.008500,49.148094,54.860001,46.419998,,45.865002,23.680000,9.334583,32.760555,19.200001,,22.945000,52.480000,89.219360,,14.230000,54.230000,172.240204,106.599998,43.730000,42.150002,24.360001,9.341508,91.548759,38.439999,,62.425694,20.209999,61.480000,26.945684,31.420000,34.779999,66.814384,27.090000,,,51.598885,43.503586,51.450001,27.001898,55.820000,54.549999,,45.259998,,37.930000,75.570000,,,24.910000,,19.634369,,31.334999,17.666668,50.169998,41.027668,
2004-12-03,1.152321,1303.199951,2.018000,49.016800,54.919998,46.169998,,45.740002,23.725000,9.328335,32.722439,19.430000,,22.950001,52.320000,88.790596,,14.230000,54.215000,171.760956,106.599998,44.250000,41.849998,24.559999,9.427793,92.304016,38.380001,,61.783318,20.254999,61.299999,26.894413,31.420000,34.779999,66.989967,27.160000,,,51.391079,43.951614,51.630001,27.125237,55.000000,54.299999,,45.200001,,37.950001,75.650002,,,25.600000,,19.264168,,31.285000,17.636667,49.700001,41.501976,,1.119286,1310.599976,2.004500,49.235626,55.259998,46.320000,,45.459999,23.450001,9.240862,32.970192,19.430000,,22.879999,52.590000,88.897789,,14.310000,54.915001,171.713028,106.470001,44.549999,41.790001,24.670000,9.532243,92.810707,38.060001,,61.342281,20.355000,61.619999,27.169416,31.280001,34.259998,67.792641,27.230000,,,51.933182,44.274193,51.090000,26.461102,55.389999,53.820000,,45.349998,,37.970001,75.910004,,,25.100000,,19.876600,,31.200001,17.643333,50.270000,41.501976,
2004-12-06,1.147321,1304.000000,1.986500,49.060566,55.259998,46.070000,,45.465000,23.424999,9.237738,33.073105,19.510000,,22.825001,52.650002,89.058571,,14.200000,54.750000,170.850388,107.050003,44.200001,41.590000,24.299999,9.464124,92.619499,37.950001,,62.224354,20.385000,61.549999,26.987635,31.209999,34.380001,67.516724,27.100000,,,51.933182,43.996414,50.849998,25.986717,55.099998,53.820000,,45.200001,,38.049999,75.220001,,,25.299999,,20.082268,,31.184999,17.643333,50.279999,41.501976,,1.174643,1307.000000,1.974500,49.244377,54.750000,46.500000,,45.285000,23.145000,9.184630,33.008308,19.820000,,22.625000,52.810001,89.487343,,14.270000,54.345001,170.946243,107.169998,44.520000,42.000000,24.270000,9.686649,93.374763,38.119999,,61.687439,20.195000,61.610001,26.992296,31.080000,34.709999,67.198997,27.330000,,,52.177124,44.014336,50.770000,25.815939,54.299999,53.150002,,45.230000,,38.340000,74.860001,,,25.290001,,19.986288,,31.240000,17.506666,50.139999,41.633728,
2004-12-07,1.177321,1307.000000,1.972500,49.200611,54.750000,46.330002,,45.410000,23.985001,9.203374,33.008308,19.959999,,22.375000,52.810001,89.665993,,14.220000,54.025002,170.610764,107.720001,45.099998,41.799999,24.330000,9.627611,93.403442,38.200001,,62.272289,20.195000,61.259998,26.945684,31.080000,34.580002,67.408028,27.260000,,,51.860901,44.327957,50.660000,25.958254,54.209999,53.380001,,45.619999,,38.860001,74.750000,,,25.500000,,19.917732,,31.235001,17.503332,50.139999,41.897232,,1.123036,1295.000000,1.910000,48.535385,53.750000,45.849998,,45.410000,25.035000,9.215870,32.303165,19.730000,,22.129999,52.130001,86.968330,,14.230000,52.794998,169.220963,106.089996,45.049999,41.770000,24.200001,9.573115,91.873802,37.810001,,61.284756,20.080000,60.209999,27.020262,31.219999,34.509998,65.944817,27.070000,,,51.571781,43.862007,50.490002,25.806452,54.040001,52.349998,,44.820000,,38.480000,74.230003,,,25.020000,,19.300732,,30.910000,17.500000,49.700001,41.370224,
2004-12-08,1.126429,1295.000000,1.916000,48.754211,53.950001,46.049999,,45.410000,25.035000,9.200250,32.200253,19.790001,,22.090000,51.799999,85.842819,,14.240000,52.825001,170.850388,106.529999,44.680000,42.000000,24.340000,9.609446,92.189293,37.810001,,60.910835,20.180000,59.970001,27.048229,31.219999,34.360001,66.053513,27.010000,,,51.318802,43.530464,50.750000,25.806452,54.119999,51.900002,,44.500000,,37.959999,75.000000,,,24.549999,,19.300732,,31.125000,17.416668,49.360001,41.686432,,1.130000,1295.000000,1.936000,48.736706,52.799999,46.110001,,45.314999,24.775000,9.340831,32.634773,19.799999,,22.584999,52.689999,86.807541,,14.210000,52.570000,171.137939,106.680000,44.869999,42.560001,24.650000,9.545867,92.399620,37.549999,,60.115051,20.195000,59.119999,27.495691,31.500000,34.299999,66.254181,27.360001,,,49.773815,44.068100,51.090000,26.091082,55.029999,51.730000,,44.630001,,38.130001,75.019997,,,24.049999,,19.716637,,31.209999,17.503332,50.020000,42.476944,
2004-12-09,1.121607,1282.000000,1.920000,48.386585,52.680000,46.040001,,45.099998,24.775000,9.278351,32.589031,19.500000,,22.959999,52.700001,86.200127,,14.170000,52.570000,170.514923,106.690002,44.580002,42.560001,24.350000,9.627611,91.969406,37.250000,,60.162991,20.070000,58.330002,27.290606,31.200001,34.330002,66.103676,27.129999,,,49.692501,43.691757,50.849998,26.119545,55.070000,51.610001,,44.189999,,37.849998,74.379997,,,23.799999,,19.730347,,31.100000,17.373333,49.900002,42.424240,,1.142679,1313.400024,1.991000,48.404091,52.779999,46.200001,,45.735001,25.125000,9.565761,32.642395,19.400000,,22.684999,52.779999,87.218445,,14.240000,52.544998,172.623596,107.489998,45.080002,42.889999,24.700001,9.477748,93.221794,37.689999,,61.744965,20.405001,59.020000,28.092310,31.780001,34.549999,66.028427,27.230000,,,49.873199,44.220428,51.590000,25.967743,56.380001,51.759998,,44.549999,,37.950001,74.599998,,,23.700001,,19.680073,,31.480000,17.590000,50.320000,42.160740,
2004-12-10,1.161250,1320.000000,1.977000,48.666679,52.630001,45.950001,,45.735001,25.025000,9.475164,32.642395,19.350000,,23.094999,52.779999,87.557884,,14.280000,53.490002,173.246613,108.500000,44.830002,42.950001,24.350000,9.500454,91.873802,37.660000,,62.857143,20.125000,58.770000,27.966461,31.879999,34.590000,65.719063,27.080000,,,50.767666,43.324371,51.650002,25.815939,57.400002,51.759998,,43.669998,,36.990002,73.529999,,,23.549999,,20.210238,,32.020000,17.483334,50.299999,42.476944,,1.163393,1300.000000,1.952500,48.299053,52.419998,45.880001,,45.810001,25.230000,9.606373,32.303165,19.420000,,22.570000,52.599998,87.039795,,14.220000,53.250000,175.834534,109.400002,44.820000,42.639999,24.629999,9.450500,92.418739,37.630001,,61.361458,20.264999,59.450001,28.082989,31.650000,35.029999,65.886292,27.080000,,,50.550823,43.637993,51.220001,25.702087,56.439999,51.750000,,43.660000,,37.099998,74.919998,,,23.629999,,19.652651,,31.510000,17.570000,50.150002,42.266140,
2004-12-13,1.171786,1300.199951,1.966500,48.474113,54.369999,46.000000,,46.174999,25.049999,9.603249,32.303165,19.500000,,22.575001,52.799999,87.236313,,14.250000,53.575001,176.601318,109.949997,45.290001,42.750000,24.799999,9.482289,92.590820,38.000000,,61.572388,20.299999,59.990002,28.106293,31.840000,34.980000,66.095322,27.100000,,,50.776699,44.175629,51.369999,25.692600,56.439999,51.830002,,44.709999,,38.000000,74.650002,,,23.879999,,19.830896,,31.549999,17.573334,50.450001,42.397892,,1.159107,1306.000000,1.991500,48.176514,52.669998,45.959999,,46.990002,25.010000,9.590753,32.707191,19.270000,,22.690001,53.650002,88.093849,,14.230000,53.845001,179.620560,110.449997,45.799999,42.759998,24.889999,9.400545,92.208412,38.250000,,61.936722,20.430000,60.400002,28.782148,31.980000,35.119999,65.618729,27.250000,,,51.318802,44.265232,51.709999,25.768501,56.490002,52.180000,,45.000000,,38.150002,75.000000,,,23.690001,,20.301645,,31.625000,17.650000,50.669998,43.241108,
2004-12-14,1.167857,1304.000000,2.007500,49.366920,52.919998,45.810001,,46.985001,24.975000,9.528272,32.779613,19.129999,,22.575001,53.000000,87.879463,,14.270000,53.950001,179.189240,110.449997,45.259998,42.700001,24.820000,9.423252,92.065010,38.320000,,61.447746,20.430000,60.349998,28.525789,31.980000,35.299999,65.635452,27.049999,,,51.183273,43.906811,51.500000,25.825426,56.270000,52.180000,,44.730000,,37.980000,75.970001,,,23.799999,,20.397623,,31.625000,17.616667,50.400002,43.135704,,1.165893,1302.199951,2.022000,48.973034,52.639999,45.830002,,46.849998,25.240000,9.675102,33.027367,19.280001,,22.375000,53.080002,87.540024,,14.320000,53.544998,179.141312,109.879997,45.580002,42.650002,24.940001,9.355132,93.030594,38.740002,,62.233940,20.650000,59.709999,28.898676,31.910000,35.480000,65.635452,27.230000,,,51.454327,44.516129,51.770000,25.929790,56.490002,53.840000,,44.900002,,38.040001,76.349998,,,24.340000,,19.972578,,31.475000,17.836666,50.660000,42.951252,
2004-12-15,1.165000,1299.000000,2.017000,48.973034,52.779999,45.759998,,46.855000,25.150000,9.687598,33.084538,19.200001,,22.410000,53.020000,88.218903,,14.390000,53.549999,179.189240,109.650002,45.549999,42.750000,25.049999,9.323342,92.657745,38.799999,,62.138062,20.725000,59.500000,28.903337,31.850000,35.400002,65.944817,27.219999,,,51.228451,44.829750,51.900002,26.043644,56.180000,54.049999,,45.119999,,38.070000,76.970001,,,24.150000,,20.022852,,31.465000,17.793333,50.549999,42.635044,,1.165357,1294.400024,2.050000,49.139343,52.400002,45.930000,,47.439999,25.110001,9.731334,33.366596,19.400000,,22.400000,52.680000,88.719131,,14.290000,53.000000,179.189240,109.250000,45.799999,42.490002,25.200001,9.405086,93.049713,39.029999,,61.754555,20.735001,59.380001,28.912661,32.439999,35.930000,66.128761,27.110001,,,51.517570,44.982079,52.740002,26.869070,56.119999,54.180000,,45.040001,,38.230000,76.809998,,,24.420000,,20.927788,,31.264999,17.676666,50.509998,43.188408,
2004-12-16,1.181250,1295.000000,2.043000,49.139343,52.400002,45.810001,,47.450001,24.924999,9.715714,33.309422,19.280001,,22.350000,52.150002,88.254639,,14.270000,52.900002,178.757919,106.199997,46.160000,42.490002,25.100000,9.336966,92.543022,38.799999,,61.514862,20.745001,59.380001,28.735538,32.439999,35.779999,66.170570,27.150000,,,51.589851,44.354839,52.450001,26.802656,55.900002,54.400002,,44.400002,,38.680000,76.949997,,,24.430000,,20.927788,,31.264999,17.600000,50.480000,43.162056,,1.189286,1289.400024,2.002500,48.964283,52.080002,46.090000,,47.395000,24.950001,9.721962,33.183640,19.400000,,22.445000,51.970001,88.022385,,14.220000,52.680000,177.847351,105.400002,46.759998,42.590000,25.120001,9.559491,93.164436,38.930000,,62.080536,20.565001,59.259998,29.159697,32.660000,35.910000,66.806023,27.160000,,,52.177124,44.426521,52.320000,27.495256,56.099998,54.060001,,43.840000,,38.500000,76.820000,,,24.030001,,20.626143,,31.379999,17.583332,50.099998,43.610012,
2004-12-17,1.193571,1297.199951,2.008000,48.964283,52.000000,45.599998,,47.395000,24.750000,9.590753,33.183640,19.190001,,22.325001,51.000000,87.807999,,14.090000,52.200001,174.444717,104.000000,44.900002,42.500000,25.209999,9.559491,92.734222,38.200001,,61.505272,20.495001,58.650002,28.945288,32.669998,35.660000,67.224083,27.000000,,,51.409149,43.736561,52.049999,23.814041,55.950001,54.060001,,43.919998,,37.340000,77.070000,,,23.120001,,20.489031,,31.000000,17.379999,49.650002,43.214756,,1.160536,1300.000000,2.000500,48.938023,53.099998,45.200001,,47.119999,24.959999,9.575133,33.156960,18.990000,,22.080000,51.720001,88.451157,,14.340000,53.174999,176.122070,103.750000,46.549999,42.009998,25.190001,9.518619,91.969406,38.520000,,61.534035,20.475000,58.930000,29.541904,32.540001,35.910000,67.408028,26.959999,,,51.409149,43.781361,52.009998,24.430740,55.439999,54.500000,,43.049999,,37.820000,77.110001,,,23.440001,,20.548447,,31.000000,17.340000,49.799999,43.320156,
2004-12-20,1.169107,1309.000000,1.996500,49.104328,53.099998,45.509998,,47.450001,24.959999,9.612621,33.351349,19.100000,,22.080000,51.939999,88.826324,,14.310000,53.250000,176.936783,103.760002,46.509998,42.549999,25.200001,9.518619,92.112808,38.599998,,61.773731,20.600000,58.939999,29.364784,32.549999,35.709999,67.065216,27.010000,,,51.409149,44.390682,52.119999,24.146111,55.700001,53.500000,,44.160000,,38.660000,77.250000,,,23.549999,,20.662706,,31.174999,17.430000,50.049999,43.293808,,1.120000,1301.000000,1.947500,48.885506,53.220001,45.520000,,47.174999,25.155001,9.725086,33.541927,19.049999,,22.200001,52.560001,89.415878,,14.660000,53.465000,177.847351,103.790001,46.500000,41.730000,25.230000,9.527702,92.304016,38.599998,,61.687439,20.475000,59.080002,29.388088,32.389999,35.599998,67.516724,26.950001,,,51.101959,44.166668,51.720001,23.045542,55.590000,48.970001,,43.560001,,38.810001,77.650002,,,23.400000,,20.598721,,31.040001,17.400000,51.060001,42.345192,
2004-12-21,1.135000,1303.000000,1.942000,48.885506,53.259998,45.759998,,47.424999,25.100000,9.725086,33.713451,19.070000,,22.250000,52.560001,89.415878,,14.620000,53.465000,177.847351,104.000000,45.779999,41.650002,25.299999,9.527702,92.342255,38.650002,,61.792904,20.475000,58.700001,29.248257,32.570000,35.349998,67.533447,27.000000,,,51.002575,43.915771,51.599998,23.529411,55.570000,49.000000,,44.110001,,38.880001,77.800003,,,23.500000,,20.767824,,31.030001,17.400000,51.230000,42.450592,,1.137321,1316.000000,1.969500,49.401932,53.419998,46.310001,,48.130001,25.225000,9.803187,33.515247,19.360001,,22.315001,52.779999,90.059029,,14.710000,52.715000,178.134903,105.010002,46.150002,42.110001,25.420000,9.632153,92.753349,39.070000,,62.070950,20.500000,57.599998,29.406734,32.590000,35.299999,67.809364,27.070000,,,50.514687,44.059139,52.099998,23.690702,56.070000,46.950001,,43.820000,,39.240002,78.070000,,,23.629999,,20.978062,,31.100000,17.533333,51.689999,43.056652,
2004-12-22,1.136786,1315.000000,1.930500,49.401932,53.660000,46.320000,,48.264999,25.150000,9.865667,33.610538,19.209999,,22.365000,52.930000,90.059029,,14.710000,52.700001,176.217926,104.449997,46.080002,42.200001,25.350000,9.613987,93.068832,38.950001,,62.224354,20.504999,58.000000,29.224953,32.669998,35.150002,67.725754,26.840000,,,50.324951,43.637993,52.060001,24.051233,55.650002,47.299999,,43.990002,,38.770000,78.019997,,,23.750000,,21.023766,,31.035000,17.450001,51.520000,43.162056,,1.138393,1318.800049,1.976000,49.822075,53.910000,46.799999,,48.575001,25.250000,9.890659,33.130280,19.320000,,22.480000,52.299999,90.648582,,14.830000,53.500000,176.553391,104.400002,46.459999,42.520000,25.370001,9.632153,93.317398,39.029999,,62.607861,20.790001,58.799999,29.458006,32.520000,35.049999,68.152176,26.969999,,,51.074856,44.193546,52.169998,24.620493,55.919998,47.160000,,43.990002,,39.270000,78.860001,,,23.889999,,20.534735,,31.145000,17.656668,51.290001,44.532280,
2004-12-23,1.138393,1318.800049,1.967000,49.708286,53.750000,46.869999,,48.575001,25.250000,9.893783,33.134090,19.230000,,22.495001,52.299999,90.648582,,14.830000,53.490002,176.122070,104.650002,46.389999,42.520000,25.299999,9.591281,93.212234,39.119999,,62.464046,20.750000,58.799999,29.434700,32.549999,35.200001,68.444817,26.870001,,,51.138100,44.453403,52.270000,24.962049,55.900002,47.160000,,44.349998,,39.509998,78.949997,,,23.809999,,20.703838,,31.174999,17.636667,51.250000,44.321476,,1.143036,1325.800049,1.946500,49.393181,53.529999,46.700001,,48.654999,25.365000,9.856295,33.217945,19.450001,,22.504999,52.669998,90.702179,,14.800000,53.320000,176.217926,104.349998,46.830002,42.520000,25.459999,9.564033,93.422562,39.160000,,62.655800,20.754999,58.939999,29.476650,32.330002,35.240002,69.021736,27.010000,,,51.101959,44.462364,51.939999,24.734344,55.590000,47.139999,,44.349998,,39.740002,79.089996,,,23.860001,,20.626143,,31.205000,17.516666,51.970001,44.400528,
2004-12-27,1.157143,1325.400024,1.976000,49.393181,53.389999,46.619999,,48.740002,25.385000,10.078101,33.221756,19.450001,,22.565001,52.680000,90.845108,,14.800000,53.325001,176.601318,104.949997,46.349998,42.520000,25.629999,9.495913,93.393883,39.200001,,62.799618,20.730000,58.830002,29.425379,32.400002,35.040001,69.055183,27.010000,,,51.092926,44.722221,51.930000,24.952562,55.799999,47.080002,,44.860001,,40.180000,79.709999,,,23.969999,,20.630713,,31.299999,17.683332,51.799999,44.374176,,1.127857,1314.199951,2.112500,49.235626,53.150002,46.660000,,48.049999,25.139999,10.118713,32.798672,19.299999,,22.395000,52.009998,90.309143,,14.740000,52.799999,175.259430,104.199997,47.099998,42.230000,25.639999,9.577657,93.212234,39.009998,,62.559921,20.825001,57.380001,29.271563,32.150002,34.959999,68.687294,26.850000,,,50.559860,44.892471,51.990002,25.142315,55.400002,46.860001,,44.689999,,40.180000,80.150002,,,23.799999,,20.036564,,31.155001,17.596666,50.880001,44.268776,
2004-12-28,1.130357,1312.000000,2.195000,49.279388,52.970001,46.599998,,48.314999,25.174999,10.128085,32.882526,19.299999,,22.415001,52.320000,90.666451,,14.840000,53.040001,175.115662,104.199997,47.049999,42.360001,25.600000,9.554950,93.116638,38.970001,,62.598274,20.875000,57.630001,29.360123,32.279999,35.040001,68.896324,26.850000,,,50.957401,45.152328,52.070000,25.303604,55.500000,46.939999,,45.040001,,40.110001,80.150002,,,23.750000,,20.050274,,31.200001,17.616667,51.020000,44.005268,,1.146071,1317.800049,2.231500,49.323154,53.250000,46.970001,,49.235001,25.165001,10.309278,32.989250,19.260000,,22.504999,52.439999,89.701721,,14.880000,53.439999,175.834534,105.150002,47.500000,42.840000,25.780001,9.641235,93.977058,39.209999,,62.790028,20.924999,56.759998,29.621143,32.459999,35.740002,69.389633,26.950001,,,50.659245,45.277779,52.490002,25.559772,55.439999,47.070000,,45.060001,,40.220001,80.349998,,,23.900000,,20.297075,,31.290001,17.743334,51.049999,44.769432,
2004-12-29,1.139464,1309.000000,2.237500,49.235626,52.650002,46.770000,,49.000000,25.209999,10.259294,33.065479,19.230000,,22.410000,52.450001,89.398018,,14.770000,53.595001,175.259430,104.900002,46.959999,42.599998,25.240000,9.577657,93.508606,39.009998,,62.607861,20.865000,55.740002,29.504616,32.470001,35.570000,69.188965,26.850000,,,50.532757,45.161289,52.230000,25.578749,55.299999,47.099998,,44.849998,,40.180000,80.120003,,,24.020000,,20.347349,,31.200001,17.743334,50.810001,44.664032,,1.150714,1316.000000,2.241000,49.261883,52.070000,46.860001,,49.235001,25.160000,10.256170,33.278931,19.309999,,22.600000,52.930000,89.326553,,14.740000,52.584999,175.211517,104.650002,47.400002,42.799999,25.290001,9.627611,93.862335,39.160000,,62.464046,20.780001,55.250000,29.392752,32.529999,35.549999,69.180603,26.900000,,,49.349171,45.116486,52.250000,25.863379,55.240002,47.560001,,44.599998,,40.279999,79.830002,,,24.330000,,20.461609,,31.200001,17.813334,51.130001,45.111988,
2004-12-30,1.157321,1316.000000,2.250000,49.253132,52.250000,46.900002,,49.240002,25.250000,10.287410,33.210320,19.280001,,22.700001,52.919998,89.773186,,14.870000,52.849998,175.546982,104.900002,47.110001,42.939999,25.799999,9.600363,93.785851,39.160000,,62.665386,20.750000,55.529999,29.346140,32.500000,35.450001,69.147156,26.889999,,,49.349171,45.152328,52.250000,25.607210,55.099998,47.450001,,44.750000,,40.200001,80.449997,,,24.410000,,20.466179,,31.240000,17.876667,51.130001,45.032936,,1.157143,1310.599976,2.248500,49.148094,51.900002,46.959999,,48.770000,25.629999,10.328022,33.080727,19.420000,,22.655001,52.520000,89.147903,,14.800000,52.465000,175.403214,104.919998,47.430000,42.919998,25.840000,9.595822,93.977058,39.080002,,63.317352,20.825001,55.599998,29.448683,32.380001,35.520000,69.188965,26.760000,,,49.475658,45.358421,52.250000,25.626186,55.450001,47.750000,,44.290001,,40.450001,80.650002,,,24.450001,,20.425047,,31.100000,17.686666,51.029999,44.927536,
2004-12-31,1.158750,1312.000000,2.256500,49.288143,51.770000,46.810001,,48.775002,25.650000,10.318650,33.042610,19.389999,,22.625000,52.590000,89.415878,,14.750000,52.590000,175.642838,104.919998,47.099998,42.849998,25.980000,9.595822,94.263863,39.080002,,63.317352,20.840000,55.549999,29.434700,32.400002,35.680000,69.172241,26.750000,,,49.421452,45.241936,52.279999,25.853889,55.500000,47.849998,,44.470001,,40.099998,80.849998,,,24.520000,,20.475321,,31.129999,17.690001,51.009998,44.874836,,1.150000,1313.400024,2.214500,49.340660,51.770000,46.990002,,48.755001,25.580000,10.396751,33.095974,19.320000,,22.535000,52.509998,88.451157,,14.640000,52.299999,174.923965,104.040001,47.389999,42.740002,26.059999,9.523161,94.244743,39.009998,,63.096836,20.820000,55.549999,29.355461,32.060001,35.610001,68.620399,26.719999,,,49.114262,45.286739,52.200001,25.512335,55.080002,47.770000,,44.209999,,40.049999,81.870003,,,24.620001,,20.749542,,31.075001,17.606667,51.259998,44.822132,
2005-01-03,1.156786,1322.000000,2.247500,49.541981,51.849998,46.660000,,48.049999,25.455000,10.393627,33.054047,19.420000,,22.700001,52.459999,89.112167,,14.660000,52.689999,175.930374,104.900002,46.950001,42.990002,26.190001,9.591281,94.617592,39.480000,,63.010548,20.950001,55.400002,29.243595,31.600000,35.650002,68.704010,26.799999,,,48.834175,45.179211,52.230000,25.910816,55.650002,47.770000,,44.560001,,40.110001,82.099998,,,24.930000,,20.694698,,31.115000,17.916668,51.020000,44.505928,,1.130179,1320.599976,2.226000,48.938023,50.970001,46.459999,,47.535000,25.010000,10.268666,32.059223,19.320000,,22.500000,50.900002,88.361824,,14.710000,51.009998,175.355286,104.949997,47.349998,43.099998,25.870001,9.559491,93.451241,39.150002,,61.888783,20.770000,54.209999,29.150375,31.820000,34.880001,68.896324,26.740000,,,48.472775,45.044804,51.939999,25.094877,55.189999,46.720001,,44.040001,,39.799999,81.379997,,,24.180000,,19.680073,,30.955000,17.783333,50.090000,44.716732,
2005-01-04,1.139107,1327.000000,2.133500,48.938023,51.150002,46.410000,,48.025002,25.059999,10.318650,32.143078,19.379999,,22.625000,50.980000,88.361824,,14.710000,50.750000,175.403214,104.800003,46.869999,43.240002,25.740000,9.559491,93.441681,38.980000,,62.128475,20.770000,53.980000,29.085119,31.740000,34.950001,68.896324,26.870001,,,47.704800,44.399643,52.320000,25.056927,55.119999,46.700001,,43.740002,,39.610001,81.199997,,,24.190001,,19.766911,,30.975000,17.923332,50.340000,44.716732,,1.141786,1325.000000,2.107000,48.202770,49.980000,45.820000,,47.009998,24.834999,10.006248,31.849586,18.559999,,22.245001,50.549999,86.450241,,14.660000,49.685001,173.246613,104.269997,46.599998,42.549999,25.250000,9.495913,92.447418,38.410000,,61.917545,20.480000,53.290001,28.702911,32.080002,34.740002,68.336121,26.840000,,,47.433750,43.951614,51.570000,25.094877,54.500000,46.250000,,42.330002,,39.200001,80.070000,,,23.600000,,19.684645,,30.980000,17.740000,49.750000,44.057972,
2005-01-05,1.151071,1334.000000,2.078500,48.185265,50.000000,45.639999,,47.125000,24.525000,10.037488,31.788601,18.469999,,22.245001,50.669998,86.646759,,14.630000,50.125000,173.246613,103.750000,46.799999,42.500000,25.480000,9.468665,92.351814,38.599998,,61.917545,20.500000,53.290001,28.828760,32.080002,34.540001,68.311035,26.840000,,,47.298225,43.924732,51.700001,25.123341,55.279999,46.250000,,42.869999,,38.540001,79.750000,,,23.500000,,19.798903,,31.040001,17.833332,49.830002,43.530964,,1.151786,1347.000000,2.088500,47.651333,50.810001,45.290001,,46.110001,24.275000,10.099969,32.085903,18.570000,,22.625000,50.880001,85.574837,,14.430000,49.634998,172.192276,103.800003,46.410000,42.160000,25.610001,9.536785,92.256210,38.490002,,60.853310,20.385000,54.630001,28.721556,31.830000,34.459999,67.500000,26.780001,,,48.156551,43.781361,51.630001,24.924099,55.070000,46.500000,,42.209999,,38.630001,79.870003,,,22.889999,,19.268740,,31.014999,17.763332,49.490002,43.188408,
2005-01-06,1.154821,1340.000000,2.090500,47.563801,50.680000,45.419998,,46.200001,24.750000,10.053108,32.085903,18.670000,,22.625000,50.799999,85.574837,,14.400000,49.974998,172.671524,103.959999,46.299999,42.160000,25.700001,9.554950,92.294456,38.770000,,60.862896,20.344999,54.630001,28.763506,31.840000,34.430000,67.625420,26.850000,,,48.346287,43.593189,51.630001,25.047438,54.820000,46.419998,,42.939999,,38.290001,80.470001,,,22.980000,,19.273310,,31.049999,17.966667,49.299999,43.346508,,1.152679,1349.199951,2.052500,47.406246,50.480000,45.220001,,46.790001,24.865000,10.084349,32.550919,18.850000,,22.629999,51.730000,86.557426,,14.450000,49.724998,173.582077,105.230003,46.410000,41.529999,25.709999,9.518619,91.969406,38.709999,,61.840843,20.555000,54.509998,28.991898,32.080002,34.480000,68.110367,26.750000,,,48.030060,43.539429,52.000000,24.943073,55.340000,46.779999,,42.799999,,38.000000,80.320000,,,22.799999,,19.844606,,31.125000,18.016666,50.119999,43.003952,
2005-01-07,1.160714,1351.000000,2.069000,47.511284,50.500000,45.299999,,46.834999,24.865000,10.090597,32.550919,18.920000,,22.615000,51.730000,86.932602,,14.480000,49.950001,174.253021,105.230003,46.869999,41.630001,25.990000,9.514078,92.256210,38.689999,,61.860020,20.535000,54.509998,28.996559,32.029999,34.490002,68.143814,26.820000,,,48.002956,43.476704,52.099998,25.180265,55.150002,46.779999,,43.860001,,38.419998,79.949997,,,23.000000,,19.858318,,31.170000,18.016666,50.119999,43.109352,,1.236607,1351.599976,2.116000,47.056129,50.310001,44.730000,,46.689999,25.040001,10.174945,32.345093,18.719999,,22.875000,51.150002,85.735626,,14.650000,49.904999,172.527740,104.779999,46.900002,41.419998,25.660000,9.464124,91.567879,38.400002,,61.495686,20.580000,54.770000,28.949947,31.870001,34.459999,68.812706,26.670000,,,47.930676,43.055557,52.450001,24.952562,55.919998,46.389999,,43.360001,,37.910000,79.440002,,,22.920000,,19.780622,,31.084999,17.996668,49.790001,42.766796,
2005-01-10,1.246964,1350.400024,2.097000,46.968597,50.130001,44.779999,,46.750000,25.040001,10.174945,32.493744,18.660000,,22.924999,51.240002,85.860680,,14.490000,49.904999,171.952652,104.279999,46.840000,41.250000,25.660000,9.396004,91.567879,38.270000,,61.601151,20.535000,54.700001,28.852066,31.670000,34.490002,68.812706,26.600000,,,47.930676,43.010754,52.430000,24.981026,56.020000,46.099998,,43.459999,,37.990002,80.050003,,,22.790001,,20.009142,,31.025000,17.933332,49.860001,42.608696,,1.231429,1354.000000,2.092000,47.152412,50.980000,45.290001,,46.259998,25.270000,10.381131,32.638584,18.719999,,23.004999,51.380001,87.004066,,14.550000,50.740002,172.096420,104.980003,46.820000,41.799999,25.870001,9.450500,91.472275,38.270000,,61.898369,20.695000,55.000000,28.824099,31.670000,34.430000,70.183945,26.799999,,,47.813221,42.921146,53.759998,25.085388,56.360001,47.000000,,43.340000,,38.299999,79.959999,,,22.610001,,20.018282,,31.065001,17.906668,49.980000,42.529644,
2005-01-11,1.218750,1351.000000,2.070000,46.977352,51.029999,45.150002,,46.259998,25.180000,10.412371,32.569977,18.559999,,22.910000,51.500000,86.468102,,14.550000,50.700001,170.610764,104.050003,46.299999,41.580002,26.250000,9.218892,91.472275,38.099998,,62.032597,20.629999,54.750000,28.828760,31.430000,34.439999,70.192307,26.690001,,,47.704800,43.198925,53.500000,24.914612,55.919998,46.750000,,43.230000,,38.110001,80.599998,,,22.379999,,20.105120,,31.025000,17.860001,49.830002,42.213440,,1.152857,1343.000000,2.082000,46.714760,50.820000,45.180000,,45.619999,25.225000,10.378007,32.627148,18.639999,,23.555000,51.400002,85.217529,,14.430000,50.755001,169.652283,104.169998,46.200001,41.709999,26.049999,9.105359,90.822182,37.900002,,61.438160,20.580000,55.099998,28.432570,31.100000,34.240002,70.827759,26.730000,,,47.659626,42.912186,53.470001,24.810247,56.299999,46.130001,,41.400002,,38.000000,80.820000,,,22.370001,,20.265081,,31.004999,17.863333,49.849998,42.608696,
2005-01-12,1.168750,1340.000000,2.074500,46.749771,51.000000,45.180000,,46.000000,25.055000,10.390503,32.760555,18.760000,,23.500000,51.410000,85.753494,,14.430000,50.700001,169.796051,104.099998,45.650002,41.650002,26.150000,9.105359,90.822182,38.000000,,61.591564,20.584999,54.950001,28.479179,31.219999,34.139999,70.719063,26.770000,,,47.659626,43.001793,53.250000,24.838711,56.259998,45.959999,,41.740002,,38.090000,80.820000,,,22.520000,,20.265081,,30.934999,17.863333,50.049999,42.608696,,1.168929,1335.599976,2.115000,46.609726,51.939999,45.060001,,46.185001,25.105000,10.371759,33.263683,18.930000,,23.540001,52.490002,86.378777,,14.320000,50.740002,170.994171,103.269997,45.709999,42.200001,26.250000,9.100817,91.022942,37.990002,,61.946308,20.580000,55.799999,28.493162,31.340000,34.230000,71.036789,26.780001,,,48.021027,43.001793,53.610001,24.696396,56.509998,46.259998,,41.740002,,38.349998,81.099998,,,22.389999,,20.731260,,30.590000,18.026667,50.590000,42.714096,
2005-01-13,1.316250,1333.000000,2.122500,46.609726,51.900002,45.099998,,46.099998,25.250000,10.371759,33.313232,18.920000,,23.540001,52.570000,86.396645,,14.340000,50.650002,170.610764,102.800003,45.700001,42.049999,26.600000,9.109900,91.195030,38.000000,,61.706615,20.580000,55.750000,28.898676,31.240000,34.049999,70.785950,26.680000,,,47.840324,43.118279,53.450001,24.525618,56.000000,46.259998,,41.849998,,38.450001,80.599998,,,22.379999,,20.543877,,30.600000,18.033333,50.590000,42.450592,,1.246429,1320.000000,2.130000,46.285866,50.630001,44.500000,,46.430000,24.950001,10.359263,33.770622,18.780001,,23.340000,52.060001,86.468102,,14.080000,50.900002,168.837570,102.940002,45.470001,41.730000,26.070000,9.059946,90.296364,37.770000,,60.958775,20.370001,55.349998,28.954609,30.889999,34.150002,70.058525,26.270000,,,47.388577,42.786739,52.919998,24.032257,55.529999,45.549999,,41.180000,,38.330002,80.209999,,,22.200001,,21.467093,,30.320000,17.879999,50.549999,42.187088,
2005-01-14,1.254464,1324.000000,2.145000,46.390900,50.599998,44.849998,,46.744999,24.950001,10.374883,33.686768,18.870001,,23.334999,52.099998,86.646759,,14.040000,50.895000,169.460587,103.099998,45.450001,41.799999,26.389999,9.050863,89.875717,37.779999,,61.121765,20.375000,55.500000,29.024525,30.840000,34.130001,70.058525,26.400000,,,47.253052,42.956989,52.919998,24.041746,55.500000,45.669998,,41.230000,,37.790001,80.919998,,,22.250000,,21.462523,,30.315001,17.876667,50.560001,42.187088,,1.253571,1322.800049,2.227500,46.145817,50.910000,44.889999,,46.845001,25.040001,10.487348,33.930710,18.879999,,23.500000,52.299999,88.951385,,14.060000,50.709999,170.227371,104.220001,45.459999,41.900002,26.650000,9.114441,89.961761,37.810001,,61.716202,20.485001,56.000000,29.518600,31.309999,34.230000,70.209030,26.120001,,,47.560242,43.243729,52.830002,23.956356,55.880001,45.900002,,41.099998,,37.919998,81.500000,,,22.469999,,21.946983,,30.344999,17.996668,51.070000,42.582344,
2005-01-18,1.247321,1322.800049,2.214500,45.997017,50.500000,45.040001,,46.654999,24.875000,10.443611,34.174652,18.750000,,23.500000,52.560001,88.147446,,13.960000,50.700001,169.077194,103.599998,44.910000,41.509998,26.180000,9.096276,89.531548,37.709999,,61.313519,20.360001,56.009998,29.332157,31.200001,34.099998,70.225754,26.030001,,,46.981998,43.387096,52.470001,23.965843,55.480000,45.470001,,40.470001,,37.759998,80.459999,,,22.260000,,22.212067,,30.075001,17.866667,50.950001,42.898552,,1.261607,1354.000000,2.229000,46.522194,51.880001,45.730000,,46.264999,25.070000,10.484224,34.349983,18.740000,,23.750000,53.090000,89.272957,,14.080000,51.235001,172.336044,105.000000,45.410000,42.160000,26.280001,9.277929,90.726578,38.400002,,61.466923,20.625000,56.529999,29.868179,31.600000,34.430000,68.578598,26.320000,,,47.614449,43.467743,53.490002,24.003796,55.990002,46.400002,,40.680000,,37.930000,80.720001,,,22.500000,,22.367458,,30.730000,18.163334,51.500000,42.951252,
2005-01-19,1.258750,1354.000000,2.223500,46.390900,51.599998,45.250000,,46.150002,25.070000,10.421743,34.288998,18.660000,,23.700001,53.110001,89.380150,,14.080000,50.900002,171.665100,104.330002,45.270000,41.980000,26.400000,9.277929,90.774376,38.009998,,61.409397,20.545000,56.549999,29.760977,31.700001,34.500000,68.979935,26.209999,,,47.524101,43.637993,53.549999,24.193548,55.840000,46.169998,,40.810001,,37.730000,80.150002,,,22.719999,,22.394880,,30.700001,18.096666,51.450001,42.951252,,1.247857,1340.199951,2.198000,46.443417,51.410000,44.970001,,45.755001,25.035000,10.315526,34.026001,18.150000,,23.629999,52.689999,88.022385,,13.930000,50.500000,169.843979,104.059998,44.770000,41.799999,26.120001,9.209809,89.005737,37.840000,,61.361458,20.549999,55.889999,29.765636,31.620001,34.330002,68.704010,25.980000,,,46.954895,43.145161,54.029999,23.605312,56.680000,45.570000,,40.130001,,37.500000,79.599998,,,21.920000,,22.244059,,30.500000,17.926666,51.049999,42.292488,
2005-01-20,1.243750,1340.199951,2.085500,46.040779,51.099998,44.930000,,45.755001,25.059999,10.359263,34.029812,18.080000,,23.549999,52.689999,87.843735,,13.550000,50.505001,169.891907,103.500000,44.419998,41.810001,26.000000,9.046322,88.537285,37.799999,,61.361458,20.510000,55.450001,29.597837,31.570000,34.130001,69.147156,25.840000,,,46.665775,42.338711,54.000000,23.605312,56.299999,45.209999,,39.599998,,37.320000,78.879997,,,21.670000,,22.166363,,30.219999,17.906668,50.650002,42.292488,,1.258214,1331.000000,2.118000,45.865719,50.900002,45.310001,,45.040001,25.059999,10.228054,33.439014,18.320000,,23.334999,51.959999,87.772270,,13.460000,50.450001,169.508514,103.400002,44.540001,41.150002,25.770000,9.091735,88.910133,37.250000,,61.831257,20.665001,55.000000,29.471989,31.450001,34.119999,69.356186,25.860001,,,46.412796,42.571686,53.549999,23.700190,56.700001,44.930000,,39.330002,,37.150002,78.309998,,,21.379999,,21.992687,,30.270000,17.790001,50.720001,41.686432,
2005-01-21,1.273393,1330.199951,2.099500,45.839462,50.650002,45.259998,,44.965000,25.059999,10.253046,33.465698,18.309999,,23.285000,52.000000,87.897331,,13.460000,50.525002,171.569260,103.199997,44.250000,41.150002,25.990000,9.050863,88.910133,37.250000,,61.591564,20.620001,55.009998,29.471989,31.450001,34.349998,69.188965,25.950001,,,46.620602,42.598564,53.560001,23.719166,56.430000,45.020000,,39.779999,,37.279999,78.650002,,,21.379999,,22.221207,,30.205000,17.780001,50.799999,41.686432,,1.258750,1322.400024,2.058000,45.454330,50.070000,45.090000,,44.615002,24.900000,10.293658,33.275120,18.010000,,22.945000,51.980000,87.218445,,13.110000,50.255001,168.358322,103.330002,44.480000,40.900002,26.100000,9.078111,88.317398,36.849998,,61.150528,20.455000,54.750000,29.131729,31.250000,33.970001,67.951508,25.650000,,,46.539284,42.885303,53.570000,23.225805,55.650002,44.270000,,39.330002,,37.549999,78.809998,,,21.030001,,22.244059,,30.059999,17.670000,50.439999,41.475628,
2005-01-24,1.267500,1324.000000,2.072000,45.559364,50.330002,45.150002,,44.775002,24.900000,10.299906,33.522869,18.150000,,22.775000,52.299999,87.772270,,13.120000,50.250000,168.789642,103.330002,44.369999,41.099998,25.950001,9.059946,88.623329,36.860001,,61.160114,20.475000,54.900002,29.178341,31.580000,33.810001,68.143814,25.760000,,,46.783230,43.458782,53.599998,23.472486,54.900002,44.380001,,39.889999,,37.889999,78.699997,,,21.139999,,22.829067,,30.059999,17.673332,50.939999,41.106720,,1.263571,1327.599976,2.019000,46.040779,49.639999,45.220001,,44.060001,24.629999,10.309278,33.721073,17.750000,,22.555000,52.570000,85.985741,,13.070000,49.500000,168.981339,103.239998,44.660000,40.389999,26.139999,9.032698,87.753349,36.880001,,61.744965,20.480000,54.470001,28.861387,31.740000,33.400002,68.244148,25.670000,,,46.340515,43.467743,53.310001,23.017078,55.209999,44.009998,,39.369999,,37.709999,78.589996,,,20.770000,,22.330896,,29.975000,17.690001,51.130001,40.289856,
2005-01-25,1.274464,1331.000000,2.032000,46.049534,50.150002,45.230000,,44.369999,24.754999,10.349891,33.751568,17.900000,,22.540001,52.730000,86.521698,,13.070000,49.625000,170.850388,104.099998,44.400002,40.490002,25.920000,9.059946,87.934990,36.990002,,61.792904,20.575001,54.610001,29.033848,31.990000,33.410000,68.687294,25.760000,,,46.340515,43.279572,53.549999,23.159393,55.200001,44.150002,,40.380001,,37.709999,77.500000,,,21.000000,,22.440584,,29.975000,17.730000,51.200001,40.843216,,1.286607,1340.000000,2.047000,46.776031,49.840000,45.590000,,45.250000,24.900000,10.356139,33.884972,17.510000,,22.785000,53.040001,87.021927,,13.230000,49.384998,171.090012,102.860001,44.700001,40.570000,25.770000,8.928247,88.135757,36.860001,,61.936722,20.620001,54.259998,28.907999,31.940001,33.029999,69.247490,26.020000,,,46.304375,43.234768,53.389999,23.330172,55.730000,44.490002,,40.299999,,37.599998,77.750000,,,21.120001,,22.148081,,30.165001,17.760000,51.330002,40.895916,
2005-01-26,1.297500,1346.000000,2.059000,46.058285,49.560001,45.730000,,45.250000,25.000000,10.353015,34.304245,17.799999,,22.850000,53.419998,87.575752,,13.280000,50.250000,172.240204,103.180000,44.869999,40.820000,26.170000,8.941871,88.240921,36.799999,,62.176414,20.575001,54.599998,28.907999,31.930000,32.200001,69.372910,26.070000,,,46.485077,43.431900,53.490002,23.462997,55.709999,44.430000,,39.889999,,37.709999,78.500000,,,21.940001,,22.362888,,30.250000,17.783333,51.500000,40.737812,,1.290179,1341.000000,2.067000,46.478432,49.860001,45.770000,,45.560001,24.940001,10.346767,34.491013,17.690001,,22.750000,53.540001,87.075523,,13.350000,51.240002,170.083603,103.260002,45.150002,40.730000,26.219999,8.896458,87.906311,36.830002,,61.697029,20.840000,55.230000,29.150375,31.990000,33.220001,69.749161,26.010000,,,46.647705,43.620071,53.410000,23.330172,55.439999,44.980000,,39.380001,,37.830002,78.750000,,,22.660000,,22.701097,,30.434999,17.760000,51.700001,40.606060,
2005-01-27,1.288571,1336.000000,2.063500,46.189583,49.540001,45.560001,,43.700001,25.975000,10.365511,34.304245,17.770000,,22.650000,53.549999,88.004517,,13.260000,51.150002,170.610764,103.370003,44.680000,40.520000,25.690001,8.891916,87.476097,36.619999,,61.505272,20.840000,56.000000,29.159697,32.000000,33.049999,69.397995,25.950001,,,46.394726,43.073479,53.299999,23.387096,55.049999,45.070000,,39.119999,,37.529999,77.599998,,,22.639999,,22.806215,,30.235001,17.686666,51.240002,40.158104,,1.297143,1328.000000,2.115500,46.198334,50.970001,45.529999,,43.259998,26.344999,10.212434,34.685402,18.180000,,22.820000,54.060001,86.753952,,13.190000,51.939999,170.658691,104.000000,45.049999,40.660000,25.740000,8.851045,87.934990,36.750000,,62.042187,20.879999,56.400002,29.695721,32.119999,33.450001,69.306023,26.110001,,,47.072350,43.378136,53.459999,23.415560,55.320000,44.950001,,38.520000,,37.220001,77.610001,,,22.879999,,23.395796,,30.215000,17.693333,51.750000,41.106720,
2005-01-28,1.296786,1323.000000,2.104500,46.303371,50.970001,45.430000,,43.500000,26.155001,10.281162,34.304245,18.270000,,22.945000,54.070000,87.986656,,13.150000,51.884998,170.371155,104.650002,44.919998,40.750000,25.750000,8.810173,88.604210,36.880001,,62.281879,20.764999,57.000000,29.737671,31.850000,33.459999,69.306023,26.540001,,,46.981998,43.010754,53.259998,23.387096,52.150002,45.049999,,38.849998,,37.400002,77.480003,,,23.100000,,23.395796,,30.195000,17.633333,51.369999,40.948616,,1.321071,1317.199951,2.111000,46.215839,49.919998,45.700001,,43.730000,25.830000,10.078101,34.681591,17.900000,,22.910000,53.720001,87.861595,,13.140000,51.615002,171.329636,106.120003,44.810001,40.410000,25.940001,8.782925,88.804970,37.000000,,62.492809,20.745001,56.380001,29.681738,32.000000,33.259998,69.607025,26.180000,,,46.774197,42.813622,53.220001,23.102467,54.150002,44.400002,,38.669998,,37.169998,77.050003,,,23.110001,,23.162706,,30.260000,17.476667,51.270000,40.606060,
2005-01-31,1.331786,1327.000000,2.122000,46.635983,50.250000,45.950001,,44.000000,26.000000,10.159325,34.685402,18.150000,,23.000000,53.730000,88.790596,,13.250000,51.615002,172.288116,107.379997,44.680000,40.599998,26.080000,8.819255,89.531548,37.279999,,63.374882,20.885000,57.849998,29.737671,32.099998,33.360001,69.899666,26.350000,,,46.936825,42.867386,53.849998,23.358635,54.500000,44.869999,,39.000000,,37.169998,78.050003,,,23.320000,,23.126143,,30.530001,17.516666,51.500000,41.185772,,1.373214,1325.800049,2.161000,46.697254,50.599998,46.369999,,44.549999,26.270000,10.056232,35.367676,18.040001,,23.174999,54.400002,88.790596,,13.170000,51.625000,173.150757,107.849998,44.570000,41.259998,26.250000,8.896458,89.311661,37.330002,,62.809204,20.745001,57.810001,29.448683,32.389999,33.980000,70.535118,26.280001,,,46.873581,42.903225,53.700001,22.922201,53.230000,45.549999,,38.720001,,37.220001,78.190002,,,23.209999,,23.779707,,30.650000,17.466667,51.599998,41.844532,
2005-02-01,1.375893,1325.000000,2.150000,48.736706,50.599998,46.360001,,44.799999,26.270000,9.987504,35.600182,18.090000,,23.235001,54.650002,89.147903,,13.270000,51.560001,172.527740,107.650002,44.470001,41.200001,26.250000,8.946412,89.550667,37.500000,,63.048897,20.750000,57.810001,29.621143,32.049999,33.700001,70.526756,26.250000,,,46.991035,42.903225,53.450001,22.893738,53.450001,45.400002,,38.520000,,36.910000,78.400002,,,23.120001,,24.840036,,30.775000,17.466667,51.980000,41.844532,,1.384464,1334.800049,2.124000,49.673275,51.040001,46.680000,,45.060001,26.605000,9.871915,36.061386,18.129999,,23.264999,55.150002,90.791512,,13.080000,51.715000,173.869629,108.400002,44.549999,41.139999,26.240000,9.000908,89.732315,37.500000,,62.607861,20.709999,58.720001,29.471989,31.980000,33.700001,70.301003,26.389999,,,46.981998,42.876343,53.880001,22.637571,52.869999,45.549999,,38.580002,,37.099998,78.650002,,,23.580000,,26.032907,,30.900000,17.536667,53.270000,41.370224,
2005-02-02,1.391964,1339.000000,2.152500,49.104328,52.200001,46.450001,,45.044998,26.625000,9.884411,36.076630,18.219999,,24.100000,55.189999,91.077354,,13.180000,51.625000,173.390381,108.150002,44.959999,41.080002,26.350000,8.987284,89.655830,37.500000,,62.377754,20.725000,58.599998,29.411394,31.879999,33.700001,70.041809,26.420000,,,47.072350,43.154121,53.869999,22.817837,53.009998,45.549999,,38.939999,,37.080002,78.889999,,,23.580000,,26.265997,,30.625000,17.543333,53.330002,41.317524,,1.421964,1337.000000,2.094000,48.815479,52.230000,46.730000,,45.505001,27.145000,9.984380,36.240528,18.150000,,24.129999,55.529999,92.059944,,13.270000,52.014999,173.725861,108.589996,45.040001,41.299999,26.459999,8.887375,90.152962,37.520000,,63.365292,20.959999,58.880001,29.602499,31.770000,34.000000,69.682274,26.459999,,,47.289188,43.073479,54.139999,22.836811,53.400002,45.880001,,38.939999,,36.919998,78.720001,,,23.490000,,27.020109,,30.389999,17.686666,53.930000,41.370224,
2005-02-03,1.412500,1331.000000,1.745000,48.579151,52.950001,46.450001,,45.259998,27.250000,9.793814,36.210037,18.040001,,24.200001,55.529999,91.559715,,13.170000,51.849998,173.246613,108.400002,44.610001,41.200001,26.120001,8.969119,89.741875,37.470001,,63.058483,20.950001,58.450001,29.691059,31.600000,33.900002,69.732445,26.370001,,,47.343399,42.688171,54.250000,22.903227,53.340000,45.900002,,38.509998,,36.799999,77.820000,,,23.250000,,26.965265,,30.325001,17.676666,53.849998,41.343876,,1.389464,1325.599976,1.787500,48.500374,52.000000,46.400002,,45.900002,27.389999,10.031240,36.534019,17.520000,,24.594999,56.240002,91.381065,,13.110000,51.575001,172.863220,108.739998,44.650002,41.570000,26.180000,9.037239,89.426384,37.389999,,63.835091,20.870001,58.320000,29.891485,32.060001,34.000000,69.682274,26.180000,,,47.144630,42.930107,54.330002,22.685009,53.240002,45.930000,,38.669998,,37.000000,77.510002,,,23.129999,,27.975321,,30.525000,17.806667,54.520000,40.500660,
2005-02-04,1.390536,1325.599976,1.782500,48.447857,51.950001,46.299999,,45.900002,27.174999,10.015620,36.591194,17.580000,,24.600000,56.330002,91.113083,,13.210000,51.450001,172.623596,108.739998,45.419998,41.450001,26.340000,9.000908,88.919693,37.439999,,63.739216,20.805000,58.000000,29.905470,31.820000,33.900002,69.857857,26.170000,,,47.262085,42.697132,54.000000,22.770397,53.230000,45.500000,,38.939999,,37.060001,78.250000,,,23.809999,,27.975321,,30.549999,17.799999,54.470001,40.632412,,1.407857,1350.400024,1.786000,48.859245,52.580002,46.889999,,45.950001,27.415001,10.037488,36.675049,17.900000,,24.924999,56.740002,92.417252,,13.220000,51.955002,173.725861,110.019997,45.540001,42.419998,26.389999,9.287012,90.353729,37.689999,,64.141899,21.235001,57.650002,30.553358,32.570000,33.980000,70.301003,26.320000,,,47.216911,42.867386,55.310001,22.988615,52.619999,45.020000,,39.189999,,37.169998,78.629997,,,24.799999,,27.760511,,30.490000,17.820000,55.290001,40.579708,
2005-02-07,1.409464,1348.000000,1.791000,48.622913,52.419998,46.680000,,45.950001,27.415001,10.024992,36.678860,18.000000,,24.950001,56.750000,92.381523,,13.290000,52.465000,172.767365,110.019997,45.320000,42.270000,26.150000,9.287012,90.200768,37.700001,,64.141899,21.295000,57.599998,30.553358,32.380001,33.930000,70.275917,26.270000,,,47.614449,42.697132,55.000000,23.320683,52.619999,44.930000,,39.490002,,37.040001,77.739998,,,24.600000,,27.765081,,30.500000,17.900000,55.119999,40.711460,,1.409643,1354.000000,1.784500,48.631668,52.500000,46.639999,,45.680000,27.600000,9.934396,36.625500,18.160000,,24.725000,56.259998,92.167137,,13.420000,52.570000,173.630005,109.589996,45.250000,42.520000,26.030001,9.250681,90.372849,37.970001,,64.017258,21.245001,58.139999,30.996161,32.779999,33.450001,70.133781,26.160000,,,47.975849,42.688171,54.700001,23.633776,52.529999,45.259998,,39.049999,,37.060001,77.730003,,,24.700001,,26.663620,,30.709999,17.836666,55.400002,40.685112,
2005-02-08,1.411964,1351.000000,1.777000,48.404091,52.650002,46.549999,,45.700001,27.590000,9.890659,36.419674,18.230000,,24.700001,56.250000,91.970619,,13.390000,52.325001,173.869629,109.970001,45.180000,42.299999,26.100000,9.227975,90.066925,37.919998,,63.902206,21.330000,58.279999,30.413527,32.720001,33.549999,69.857857,26.190001,,,47.885502,42.464157,54.700001,24.051233,52.529999,45.099998,,39.180000,,37.000000,77.269997,,,24.700001,,26.599634,,30.995001,17.766666,54.849998,40.579708,,1.444643,1354.599976,1.815000,48.202770,53.500000,46.889999,,45.740002,27.450001,9.890659,36.858006,18.240000,,24.660000,56.599998,91.256004,,13.160000,53.009998,174.588501,111.550003,45.349998,42.049999,25.950001,9.146231,89.990440,37.759998,,64.046021,21.325001,58.700001,30.641918,32.419998,33.720001,70.518394,26.240000,,,47.795151,42.428314,55.500000,24.240988,51.980000,46.080002,,39.220001,,36.980000,77.379997,,,25.350000,,27.125229,,30.719999,17.733334,55.779999,40.395256,
2005-02-09,1.447143,1370.000000,1.822500,48.202770,53.500000,46.860001,,45.740002,27.455000,9.871915,36.800831,18.309999,,24.700001,56.480000,91.256004,,13.100000,52.799999,174.061325,112.000000,46.200001,42.150002,26.049999,10.036331,90.000000,37.610001,,64.093964,21.405001,58.599998,30.618614,32.400002,33.560001,70.518394,26.250000,,,47.704800,42.517921,55.500000,24.326376,52.000000,45.900002,,39.599998,,36.849998,77.550003,,,25.350000,,27.056673,,30.775000,17.620001,55.480000,40.395256,,1.406071,1386.199951,1.794500,47.940182,54.119999,46.439999,,45.320000,27.254999,9.815683,36.918991,17.629999,,24.340000,56.160000,89.826782,,13.120000,52.825001,172.959061,111.449997,45.720001,41.860001,25.860001,9.777475,88.623329,37.500000,,63.930969,21.379999,58.450001,30.087252,31.969999,33.450001,69.690636,26.070000,,,47.153664,42.634411,54.990002,23.766603,51.509998,44.730000,,39.360001,,36.759998,77.790001,,,24.629999,,26.846436,,30.455000,17.506666,55.540001,39.525692,
2005-02-10,1.405714,1391.000000,1.803500,48.185265,54.119999,46.650002,,45.500000,27.260000,9.881287,37.052395,17.730000,,24.350000,56.650002,90.005432,,13.110000,52.790001,173.342453,111.800003,46.150002,42.000000,25.750000,9.627611,88.862335,37.560001,,63.950146,21.440001,58.450001,30.068607,32.099998,33.270000,69.724083,26.100000,,,47.207874,42.831539,55.000000,23.861481,51.689999,44.730000,,39.509998,,36.950001,78.250000,,,24.799999,,27.052101,,30.575001,17.486668,55.880001,39.815548,,1.399286,1451.800049,1.789000,48.237782,53.860001,46.930000,,46.029999,27.000000,9.900031,37.913815,17.580000,,24.520000,57.400002,92.149269,,13.100000,53.185001,172.767365,112.769997,46.669998,42.369999,25.770000,9.754768,88.680687,37.450001,,64.209015,21.250000,59.700001,29.868179,32.099998,33.520000,70.150505,26.059999,,,47.614449,42.921146,55.160000,23.766603,51.619999,44.910000,,39.459999,,37.200001,78.610001,,,24.910000,,27.989031,,30.215000,17.420000,56.340000,39.631096,
2005-02-11,1.426071,1448.000000,1.778500,48.237782,53.750000,46.930000,,46.150002,27.049999,9.921899,37.677498,17.570000,,24.559999,57.500000,92.006348,,13.090000,53.075001,172.527740,112.779999,46.380001,42.240002,25.750000,9.650318,88.623329,37.299999,,64.314476,21.165001,59.650002,29.784281,31.900000,33.400002,70.217392,26.030001,,,47.614449,42.867386,55.000000,24.003796,51.700001,44.919998,,39.459999,,36.970001,78.680000,,,24.980000,,28.043877,,30.275000,17.370001,56.340000,39.920948,,1.450179,1462.400024,1.789000,48.307808,54.139999,46.820000,,46.389999,27.325001,9.850047,37.749916,17.700001,,24.950001,58.160000,92.274330,,13.060000,53.334999,173.630005,112.769997,46.669998,42.810001,25.840000,9.673025,89.196938,37.480000,,64.880150,21.379999,59.689999,30.348270,32.250000,33.480000,70.267555,25.969999,,,48.536018,42.804661,55.099998,23.861481,52.150002,44.889999,,39.860001,,37.299999,79.099998,,,25.860001,,28.075869,,30.150000,17.366667,56.110001,39.868248,
2005-02-14,1.477321,1440.000000,1.782500,48.237782,54.009998,46.889999,,46.570000,27.330000,9.840675,38.016727,17.709999,,24.900000,57.759998,91.827698,,13.120000,53.404999,173.630005,112.779999,47.610001,42.779999,26.180000,9.514078,89.063095,37.570000,,64.880150,21.480000,59.549999,30.348270,32.250000,33.400002,70.627090,25.930000,,,48.716721,43.136200,55.000000,23.918406,52.410000,44.790001,,40.369999,,37.560001,79.220001,,,25.770000,,28.107861,,30.490000,17.433332,56.250000,39.868248,,1.511250,1429.800049,1.801500,47.791382,54.040001,46.930000,,46.110001,27.245001,9.781318,38.485550,17.969999,,24.480000,58.110001,93.435577,,13.100000,53.014999,174.061325,111.970001,47.759998,42.619999,26.190001,9.432334,89.455070,37.500000,,65.340363,21.430000,59.369999,30.296999,32.610001,33.669998,70.744148,26.010000,,,49.014874,43.189964,54.799999,24.174574,52.700001,44.400002,,40.509998,,37.630001,79.699997,,,25.950001,,28.212980,,30.655001,17.383333,56.830002,39.710144,
2005-02-15,1.547500,1420.000000,1.810500,47.835144,54.250000,46.799999,,46.005001,27.250000,10.000000,38.359768,18.059999,,24.469999,58.240002,93.435577,,13.060000,52.810001,173.821701,112.500000,48.279999,42.400002,26.450001,9.391462,89.388145,37.669998,,64.717163,21.469999,59.250000,30.296999,32.599998,33.650002,71.070236,26.000000,,,48.698650,43.396057,54.619999,24.165085,52.889999,44.400002,,40.509998,,37.340000,79.470001,,,25.950001,,28.212980,,30.750000,17.530001,56.689999,39.710144,,1.578750,1437.000000,1.807000,47.703850,54.430000,47.060001,,45.750000,26.959999,10.109341,38.641827,17.920000,,24.275000,58.169998,95.650871,,13.160000,53.450001,174.396790,112.709999,48.430000,42.730000,26.570000,9.591281,90.181641,37.549999,,64.237778,21.325001,59.959999,30.283016,33.160000,33.610001,71.897995,25.930000,,,48.761894,43.476704,54.639999,23.927895,53.480000,44.490002,,40.580002,,37.529999,80.050003,,,26.040001,,28.382084,,30.650000,17.566668,56.919998,41.106720,
2005-02-16,1.574107,1423.000000,1.796500,47.616322,54.150002,46.770000,,45.625000,26.959999,10.165573,38.641827,17.860001,,24.250000,58.169998,95.579414,,13.100000,53.410000,173.773773,112.349998,47.779999,42.529999,26.440001,9.491371,90.086044,37.340000,,63.422817,21.920000,59.650002,30.259710,32.900002,33.650002,71.488297,25.870001,,,48.545055,43.593189,54.500000,23.719166,53.490002,44.279999,,40.200001,,37.470001,79.550003,,,26.000000,,28.450640,,30.600000,17.580000,56.919998,40.974968,,1.609464,1412.000000,1.783000,47.808887,53.919998,46.770000,,46.270000,26.990000,10.290534,39.758621,17.709999,,24.424999,59.500000,96.240425,,13.250000,53.174999,173.582077,112.269997,47.430000,42.369999,26.450001,9.564033,90.458893,37.330002,,63.221478,21.650000,59.950001,30.203777,32.599998,33.759998,72.575249,25.790001,,,48.779964,43.458782,54.540001,23.671726,53.310001,44.189999,,40.320000,,37.529999,79.260002,,,26.090000,,28.980804,,30.379999,17.533333,58.480000,40.421608,
2005-02-17,1.618750,1408.000000,1.787000,47.835144,54.200001,46.750000,,46.270000,27.000000,10.290534,39.716694,17.730000,,24.490000,59.570000,96.240425,,13.190000,53.099998,173.150757,112.599998,47.250000,42.259998,26.370001,9.613987,90.344170,37.279999,,63.039310,21.670000,59.799999,30.199118,32.490002,33.709999,72.307693,25.709999,,,48.563126,43.216846,54.639999,23.719166,53.290001,44.250000,,40.439999,,37.580002,78.250000,,,26.190001,,29.095064,,30.350000,17.629999,58.700001,40.553360,,1.568036,1393.599976,1.784500,47.703850,53.660000,46.360001,,45.910000,26.959999,10.196813,39.640461,17.450001,,24.385000,58.610001,95.668739,,13.000000,52.950001,172.671524,110.599998,47.130001,41.810001,26.320000,9.473206,89.627151,36.779999,,63.068073,21.500000,59.299999,29.798264,32.290001,33.619999,71.663879,25.650000,,,48.165585,43.145161,53.730000,23.776091,53.330002,43.599998,,39.939999,,37.599998,77.949997,,,25.480000,,28.537477,,30.200001,17.566668,58.130001,39.920948,
2005-02-18,1.566786,1390.000000,1.780500,47.616322,53.669998,46.349998,,45.910000,27.025000,10.212434,39.674767,17.540001,,24.410000,58.650002,95.722336,,13.010000,52.825001,172.815292,110.650002,47.000000,41.820000,26.610001,9.477748,89.627151,36.650002,,63.202301,21.535000,59.450001,29.816908,32.150002,33.619999,71.722404,25.639999,,,48.165585,43.234768,53.750000,23.776091,53.330002,43.720001,,39.750000,,38.150002,78.900002,,,25.350000,,28.697441,,30.225000,17.603333,58.130001,40.026348,,1.550179,1378.599976,1.765500,47.379990,52.779999,45.740002,,45.419998,26.600000,10.237426,40.498066,17.299999,,24.315001,59.730000,95.829529,,12.960000,53.000000,171.952652,109.000000,47.560001,42.020000,26.799999,9.536785,89.168259,36.509998,,63.202301,21.480000,59.189999,29.723686,32.330002,33.450001,71.530098,25.480000,,,47.930676,43.817204,54.200001,25.426945,53.500000,43.070000,,39.580002,,38.529999,79.169998,,,25.320000,,29.830896,,29.905001,17.573334,59.410000,40.316208,
2005-02-22,1.541071,1360.000000,1.751000,47.292458,52.349998,45.549999,,45.305000,26.600000,10.218682,40.612415,17.160000,,24.315001,59.950001,95.132782,,12.760000,52.875000,170.562851,108.050003,49.330002,41.349998,26.850000,9.423252,88.594643,36.509998,,62.943432,21.400000,59.000000,29.719027,32.310001,33.320000,71.404678,25.250000,,,47.569275,45.340504,54.240002,25.607210,53.150002,43.080002,,40.259998,,39.939999,78.279999,,,25.020000,,30.598721,,29.850000,17.533333,59.500000,40.026348,,1.523036,1358.000000,1.736000,47.073635,52.150002,45.200001,,44.730000,26.200001,10.106217,40.383720,17.309999,,23.875000,59.340000,94.328842,,12.760000,52.075001,169.412659,107.860001,48.599998,40.279999,26.440001,9.341508,88.260040,35.930000,,62.253117,21.395000,58.669998,29.210970,31.950001,33.029999,70.284279,25.230000,,,47.054279,45.215054,53.180000,25.227703,52.250000,42.310001,,39.880001,,39.330002,77.949997,,,25.570000,,30.365631,,29.415001,17.333332,58.250000,40.000000,
2005-02-23,1.548571,1364.599976,1.747500,47.073635,52.799999,45.549999,,44.955002,26.250000,10.156201,40.021618,17.379999,,23.875000,59.389999,94.632553,,12.800000,51.939999,168.454178,108.620003,48.560001,40.400002,26.370001,9.336966,88.231361,36.180000,,62.540749,21.395000,58.750000,29.150375,32.049999,33.000000,69.966553,25.240000,,,47.253052,44.928314,53.220001,25.284630,53.150002,42.500000,,39.980000,,39.189999,77.870003,,,25.650000,,30.393053,,29.625000,17.343332,58.500000,39.947300,,1.575536,1373.000000,1.707000,47.257446,52.720001,45.730000,,45.230000,26.299999,10.256170,40.860168,17.280001,,24.025000,60.160000,97.097961,,12.810000,51.520000,169.029266,109.110001,48.849998,39.750000,26.309999,9.246140,88.049713,36.480000,,63.154362,21.290001,58.549999,29.131729,32.439999,33.139999,70.167221,25.200001,,,47.135593,44.802868,53.430000,24.962049,53.490002,42.599998,,40.209999,,39.270000,77.699997,,,25.469999,,30.690128,,29.745001,17.200001,59.419998,40.685112,
2005-02-24,1.580000,1371.000000,1.683000,47.196175,53.200001,45.650002,,45.375000,26.250000,10.318650,40.879227,17.219999,,24.049999,60.299999,97.008636,,12.830000,51.395000,168.214554,108.650002,48.330002,39.660000,26.500000,9.150772,87.934990,36.520000,,63.039310,21.315001,58.650002,29.085119,32.439999,32.980000,70.050163,25.180000,,,47.153664,44.578854,53.099998,25.047438,53.599998,42.630001,,40.240002,,38.849998,77.099998,,,25.370001,,30.767824,,29.965000,17.250000,59.599998,40.553360,,1.588036,1363.800049,1.734500,47.572556,53.939999,46.200001,,46.580002,26.420000,10.274914,41.996017,17.180000,,24.705000,61.160000,98.973824,,12.800000,51.974998,170.371155,108.500000,48.419998,39.619999,26.500000,9.282470,88.565964,36.680000,,63.902206,21.330000,59.240002,29.169020,32.650002,33.520000,70.459869,25.370001,,,47.298225,44.686378,53.650002,25.047438,53.830002,42.590000,,40.630001,,39.000000,77.099998,,,25.959999,,31.462523,,29.844999,17.153334,61.130001,40.685112,
2005-02-25,1.600357,1370.000000,1.736000,47.485023,53.599998,46.099998,,46.540001,26.250000,10.259294,41.996017,17.200001,,24.705000,61.160000,98.509323,,12.850000,51.750000,170.371155,108.730003,48.330002,39.759998,26.520000,9.205268,88.288719,36.680000,,63.662514,21.350000,59.110001,29.271563,32.450001,33.369999,70.401337,25.330000,,,47.298225,44.713261,53.400002,25.142315,53.830002,42.689999,,40.610001,,39.529999,77.099998,,,26.000000,,31.467093,,29.850000,17.133333,61.500000,40.579708,,1.589107,1367.000000,1.749500,47.773872,54.990002,46.790001,,47.410000,26.299999,10.190565,42.811699,17.200001,,24.934999,61.939999,100.474510,,13.000000,52.790001,170.706619,110.099998,48.639999,40.580002,26.750000,9.382380,88.718925,36.970001,,63.566635,21.510000,59.810001,29.891485,32.980000,33.860001,70.735786,25.250000,,,47.804184,45.071686,53.970001,25.483871,54.189999,43.000000,,40.750000,,39.770000,77.599998,,,26.700001,,33.318100,,29.950001,17.163334,63.259998,40.395256,
2005-02-28,1.595714,1363.000000,1.736000,47.616322,54.900002,46.549999,,47.299999,26.209999,10.237426,42.906986,17.200001,,24.934999,62.360001,99.599106,,12.600000,52.665001,169.748138,110.000000,48.610001,40.250000,26.980000,9.287012,88.460800,36.970001,,63.470757,21.430000,59.799999,29.840214,32.980000,33.810001,70.735786,25.219999,,,47.578308,45.080647,53.980000,25.559772,54.189999,43.099998,,40.849998,,40.000000,78.000000,,,26.650000,,33.500916,,29.850000,17.266666,63.259998,40.395256,,1.602143,1336.000000,1.759000,47.397495,54.970001,46.650002,,47.525002,26.459999,10.140581,42.266644,17.420000,,24.915001,62.080002,98.527191,,12.650000,52.674999,168.693802,108.800003,48.220001,40.020000,26.850000,9.445958,88.508606,36.549999,,63.259827,21.400000,59.220001,29.877502,33.080002,33.450001,70.183945,25.160000,,,47.795151,44.775986,53.860001,24.943073,53.090000,42.459999,,40.549999,,39.910000,77.779999,,,26.469999,,32.559414,,29.690001,17.203333,63.310001,41.106720,
2005-03-01,1.606786,1337.000000,1.753000,47.222435,54.980000,46.650002,,47.485001,26.459999,10.140581,42.266644,17.440001,,25.045000,62.080002,98.938087,,12.570000,52.674999,169.029266,108.389999,48.799999,40.049999,26.850000,9.423252,88.565964,37.000000,,63.231064,21.400000,59.299999,30.110556,33.020000,33.419998,70.192307,25.190001,,,47.885502,44.247311,53.799999,25.170778,53.090000,42.599998,,40.680000,,40.419998,77.849998,,,26.900000,,32.221207,,29.825001,17.336666,62.970001,41.370224,,1.589286,1331.000000,1.769500,47.835144,54.490002,47.080002,,48.685001,26.434999,10.271790,41.355675,17.500000,,25.360001,60.939999,98.687973,,12.670000,52.605000,168.789642,110.019997,49.220001,40.049999,26.780001,9.409628,89.196938,37.090000,,63.720039,21.635000,59.500000,30.129202,33.330002,33.490002,70.627090,25.280001,,,48.572159,44.498207,54.060001,25.246679,53.509998,42.750000,,40.549999,,40.700001,78.129997,,,27.150000,,31.106033,,29.924999,17.346666,62.099998,41.106720,
2005-03-02,1.580357,1327.000000,1.769500,47.485023,54.450001,46.400002,,48.314999,26.434999,10.218682,41.031689,17.490000,,25.385000,60.939999,97.758980,,12.560000,52.299999,168.118698,109.250000,49.119999,39.849998,26.780001,9.264305,88.671127,37.000000,,63.039310,21.510000,58.799999,30.012674,33.040001,33.389999,70.568565,25.190001,,,48.201725,43.906811,53.820000,25.332067,53.259998,42.740002,,40.080002,,40.660000,78.139999,,,26.900000,,31.106033,,29.875000,17.346666,62.049999,40.869564,,1.575714,1301.199951,1.775000,47.878910,55.299999,46.570000,,48.584999,26.355000,10.268666,41.736832,17.740000,,25.030001,61.570000,97.544594,,12.470000,53.040001,170.610764,109.730003,49.080002,39.980000,26.950001,9.400545,88.833649,36.990002,,63.183125,21.520000,59.730000,30.511410,33.279999,33.549999,70.702339,25.260000,,,48.427601,44.327957,54.009998,25.246679,53.590000,42.150002,,40.020000,,40.770000,78.180000,,,26.969999,,31.887569,,29.750000,17.316668,62.680000,41.422924,
2005-03-03,1.584643,1315.000000,1.775000,47.992699,55.450001,46.529999,,48.584999,26.450001,10.253046,41.919788,17.719999,,26.795000,61.570000,97.991226,,12.460000,53.040001,171.281708,110.400002,50.549999,39.990002,26.950001,9.382380,89.053535,37.150002,,63.566635,21.594999,59.770000,30.604630,33.279999,33.590000,71.045151,25.299999,,,48.427601,44.220428,54.200001,25.493359,53.779999,42.220001,,40.389999,,41.439999,78.199997,,,27.000000,,32.838207,,29.900000,17.600000,62.700001,41.370224,,1.492500,1299.199951,1.782500,47.887665,57.419998,46.330002,,48.869999,26.340000,10.159325,42.156105,17.799999,,26.389999,61.189999,97.884033,,12.500000,52.720001,170.371155,109.410004,50.500000,39.720001,26.840000,9.450500,88.346077,37.009998,,63.106422,21.590000,59.689999,30.669886,33.410000,33.730000,70.986626,25.170000,,,48.283039,44.005375,54.029999,25.227703,53.480000,42.150002,,40.200001,,41.470001,77.959999,,,26.580000,,33.066727,,29.705000,17.620001,63.049999,40.316208,
2005-03-04,1.527143,1299.199951,1.792000,48.229031,57.630001,46.599998,,48.924999,26.379999,10.259294,42.156105,17.900000,,26.549999,61.070000,98.348534,,12.500000,52.674999,171.665100,110.199997,51.740002,39.950001,26.950001,9.491371,88.852776,37.250000,,63.633747,21.719999,59.950001,30.763107,33.599998,33.759998,71.245819,25.209999,,,48.517948,44.283154,54.099998,25.512335,53.869999,42.250000,,40.560001,,41.730000,78.199997,,,26.879999,,33.071297,,29.975000,17.736668,63.119999,40.527008,,1.528929,1302.000000,1.792500,48.097736,58.380001,46.779999,,49.980000,26.420000,10.243674,42.769772,18.040001,,26.290001,61.709999,100.796082,,12.400000,52.915001,173.102844,111.529999,48.910000,40.090000,27.100000,9.336966,88.307838,37.509998,,63.144775,21.820000,59.939999,31.177942,33.959999,33.700001,72.290970,25.170000,,,48.689613,44.310036,53.959999,25.474382,53.849998,43.110001,,40.669998,,42.259998,78.779999,,,26.889999,,33.756855,,30.250000,17.700001,63.570000,40.368904,
2005-03-07,1.528571,1311.000000,1.797000,48.229031,57.520000,46.700001,,49.950001,26.495001,10.274914,42.518208,18.280001,,26.285000,61.549999,100.796082,,12.330000,52.275002,173.342453,111.949997,48.750000,40.009998,27.150000,9.314260,88.288719,37.509998,,63.374882,21.770000,59.500000,31.089382,34.299999,33.650002,72.290970,25.170000,,,48.626369,43.709679,54.220001,25.597723,53.980000,43.099998,,40.410000,,42.049999,78.480003,,,26.889999,,33.756855,,30.250000,17.700001,63.580002,40.474308,,1.526786,1316.400024,1.816000,48.097736,58.299999,46.470001,,49.450001,26.465000,10.443611,42.613495,18.240000,,26.440001,61.400002,99.063148,,12.520000,53.325001,173.150757,112.800003,48.810001,39.880001,27.049999,9.477748,87.571701,37.340000,,62.818790,21.860001,59.759998,31.588118,34.209999,33.419998,72.500000,25.469999,,,48.843208,44.086021,54.209999,25.787476,53.700001,42.750000,,40.680000,,42.509998,78.449997,,,27.370001,,33.272396,,30.365000,17.593332,63.000000,41.291172,
2005-03-08,1.496429,1315.000000,1.815500,48.053970,58.310001,46.250000,,49.549999,26.440001,10.434239,42.613495,18.240000,,26.325001,61.180000,98.973824,,12.430000,53.075001,172.671524,112.800003,49.049999,39.950001,27.299999,9.436876,87.667305,37.230000,,62.895493,21.785000,59.560001,31.457607,34.000000,33.299999,72.249161,25.400000,,,49.069084,44.238350,54.220001,25.872866,53.700001,42.689999,,41.130001,,42.139999,79.239998,,,26.549999,,33.272396,,30.264999,17.533333,63.150002,41.106720,,1.447500,1334.800049,1.791500,47.633827,58.150002,46.259998,,49.500000,26.410000,10.512340,41.778759,18.120001,,26.094999,61.500000,99.241798,,12.450000,54.465000,172.815292,112.629997,48.980000,39.970001,27.090000,9.500454,88.078392,36.939999,,63.039310,21.709999,60.430000,31.210569,33.480000,33.299999,72.224083,25.400000,,,49.647324,44.175629,53.840000,25.388994,53.349998,43.810001,,41.230000,,41.730000,78.599998,,,26.340000,,33.546619,,30.395000,17.473333,63.099998,40.711460,
2005-03-09,1.415714,1334.800049,1.787000,47.441261,57.849998,46.150002,,49.250000,26.280001,10.474852,41.851177,18.270000,,26.059999,61.500000,99.867088,,12.410000,53.924999,171.952652,112.500000,48.759998,39.840000,27.180000,9.445958,87.973228,36.730000,,62.799618,21.610001,60.200001,31.149977,32.650002,33.150002,72.073578,25.389999,,,49.349171,43.727600,53.610001,25.436434,53.349998,43.639999,,40.869999,,41.630001,79.250000,,,26.370001,,33.702011,,30.190001,17.466667,63.099998,40.579708,,1.405357,1312.000000,1.770000,46.959846,57.750000,45.700001,,48.404999,25.879999,10.518588,40.631474,18.530001,,25.945000,59.759998,100.027878,,12.340000,54.330002,171.281708,110.870003,47.930000,39.490002,27.170000,9.373297,88.288719,36.470001,,62.531158,21.605000,60.540001,30.833023,32.529999,32.970001,72.006691,25.309999,,,49.014874,43.745522,52.970001,25.370020,53.000000,43.540001,,40.959999,,41.389999,78.629997,,,26.639999,,33.071297,,29.870001,17.483334,60.790001,40.263504,
2005-03-10,1.411786,1316.000000,1.765500,46.872314,57.759998,45.799999,,48.494999,25.840000,10.518588,40.326546,18.639999,,26.000000,59.580002,100.045738,,12.320000,54.150002,171.808884,111.449997,48.849998,39.410000,27.000000,9.350590,88.288719,36.480000,,62.627037,21.625000,60.299999,30.870312,32.639999,32.950001,71.989967,25.430000,,,49.132332,44.148746,52.970001,25.445921,53.040001,43.419998,,41.080002,,41.939999,78.709999,,,26.830000,,32.906765,,29.930000,17.483334,60.900002,40.263504,,1.422500,1322.400024,1.745500,47.292458,57.980000,45.860001,,49.130001,26.350000,10.506092,40.235069,18.709999,,26.325001,58.490002,98.116287,,12.370000,54.555000,173.150757,111.330002,48.599998,39.889999,26.900000,9.350590,88.346077,36.360001,,63.259827,21.535000,60.529999,30.786411,32.750000,33.299999,72.449837,25.430000,,,49.005840,43.637993,53.150002,25.379507,53.270000,43.500000,,41.099998,,41.759998,79.160004,,,27.080000,,31.531078,,30.105000,17.383333,60.369999,40.316208,
2005-03-11,1.436071,1310.000000,1.740500,47.353729,57.849998,45.889999,,49.130001,26.275000,10.490472,39.968258,18.670000,,26.400000,58.250000,98.348534,,12.550000,54.250000,172.671524,111.339996,48.650002,39.799999,26.600000,9.318801,88.193115,36.259998,,62.924255,21.450001,60.150002,30.833023,32.750000,33.099998,72.449837,25.450001,,,49.231716,43.906811,53.200001,25.474382,53.290001,43.599998,,41.110001,,41.919998,79.290001,,,27.090000,,31.531078,,30.174999,17.410000,60.369999,40.316208,,1.438214,1294.199951,1.737500,46.863564,57.490002,45.770000,,49.500000,26.170000,10.393627,40.246502,18.450001,,26.424999,58.299999,97.508865,,12.390000,54.189999,171.665100,109.550003,48.480000,39.419998,26.590000,9.055404,87.485657,36.110001,,62.885906,21.240000,59.490002,30.795734,32.590000,33.299999,71.596992,25.090000,,,49.051014,43.924732,52.700001,25.009487,52.509998,44.049999,,40.849998,,41.650002,78.849998,,,26.200001,,31.503656,,29.900000,17.200001,61.049999,39.789196,
2005-03-14,1.447143,1271.000000,1.733500,46.933586,57.500000,45.730000,,48.950001,26.170000,10.412371,40.440891,18.480000,,26.475000,58.480000,97.919769,,12.390000,54.040001,171.569260,109.809998,48.000000,39.599998,26.240000,9.105359,87.476097,36.110001,,62.847553,21.299999,59.599998,30.874973,32.540001,33.250000,71.697327,25.080000,,,49.150398,43.611111,52.599998,25.170778,52.810001,44.139999,,40.820000,,41.230000,78.839996,,,26.180000,,31.535648,,29.900000,17.260000,61.060001,40.079052,,1.440000,1277.000000,1.730000,47.134907,57.709999,45.799999,,48.264999,26.290001,10.618557,40.517124,18.540001,,26.280001,58.939999,95.775932,,12.390000,54.840000,173.582077,110.000000,48.450001,39.470001,26.139999,9.173479,87.858505,36.450001,,63.279003,21.170000,59.880001,31.187265,32.959999,33.189999,71.822739,25.110001,,,49.150398,43.826164,52.730000,25.170778,53.250000,44.360001,,40.970001,,41.470001,78.379997,,,26.260000,,30.836380,,30.049999,17.100000,61.279999,40.711460,
2005-03-15,1.451429,1270.000000,1.729000,47.353729,57.849998,45.700001,,48.380001,26.415001,10.621681,40.482822,18.580000,,26.365000,59.389999,96.651329,,12.440000,54.884998,173.869629,111.699997,49.320000,39.650002,26.030001,9.182561,87.954109,36.509998,,63.422817,21.250000,60.049999,31.229216,33.009998,33.200001,71.906357,25.100000,,,49.195576,43.629032,52.799999,25.379507,53.349998,44.400002,,40.950001,,41.910000,77.889999,,,26.180000,,30.850092,,30.225000,17.183332,61.290001,40.658764,,1.462857,1238.400024,1.709000,46.828548,58.480000,45.540001,,48.375000,26.299999,10.593565,39.911083,18.250000,,26.155001,58.169998,95.507950,,12.230000,54.500000,172.527740,110.540001,48.700001,39.759998,25.850000,9.146231,87.361374,36.250000,,62.847553,21.120001,60.000000,31.387691,32.430000,32.930000,71.789299,24.910000,,,48.807072,43.234768,52.509998,24.943073,52.919998,44.310001,,40.400002,,41.650002,77.540001,,,25.719999,,30.306215,,29.990000,17.010000,60.349998,39.736496,
2005-03-16,1.471786,1228.000000,1.694000,46.565960,58.299999,45.200001,,48.375000,26.305000,10.496720,39.762432,18.150000,,26.090000,58.169998,94.507492,,11.820000,54.224998,171.617188,110.540001,48.700001,39.459999,25.860001,9.082652,86.749519,36.250000,,62.511986,21.125000,60.000000,31.233875,32.299999,32.930000,71.613708,24.820000,,,48.463741,43.620071,52.299999,24.924099,52.900002,44.139999,,40.500000,,42.160000,77.250000,,,25.570000,,30.095978,,29.850000,16.973333,60.000000,39.525692,,1.470714,1258.000000,1.693500,46.110806,56.770000,44.799999,,48.134998,26.105000,10.499844,40.597168,18.070000,,25.990000,58.610001,92.256462,,11.910000,53.200001,170.658691,109.970001,48.349998,38.880001,26.090000,9.182561,86.663483,36.250000,,62.310642,20.969999,59.950001,31.066076,32.320000,32.790001,71.906357,24.629999,,,47.885502,43.548386,52.150002,24.715370,52.810001,43.680000,,40.270000,,41.910000,77.070000,,,25.450001,,30.863804,,29.764999,17.110001,60.290001,38.814228,
2005-03-17,1.483214,1258.199951,1.679000,46.102051,56.750000,44.900002,,48.200001,26.150000,10.493596,40.875416,18.020000,,25.975000,59.599998,92.488716,,11.720000,52.924999,170.850388,109.970001,48.439999,38.790001,25.910000,9.150772,86.510513,36.220001,,62.080536,20.940001,59.950001,31.066076,32.299999,32.770000,71.797661,24.639999,,,48.021027,43.978497,53.150002,24.620493,52.650002,43.680000,,40.349998,,41.980000,76.900002,,,25.549999,,31.535648,,29.650000,17.170000,60.880001,38.181816,,1.508929,1216.000000,1.698500,45.909485,56.889999,44.779999,,48.410000,25.980000,10.462356,41.153660,18.030001,,26.495001,59.450001,93.471306,,11.670000,53.150002,169.508514,110.040001,47.840000,38.910000,25.760000,9.255223,85.908218,36.150002,,62.224354,21.000000,60.230000,30.702513,31.799999,32.549999,71.881271,24.540001,,,47.289188,43.853046,52.299999,24.677420,52.750000,43.090000,,40.250000,,41.939999,76.339996,,,25.639999,,31.951553,,29.799999,17.443333,61.490002,39.025032,
2005-03-18,1.547500,1216.000000,1.707500,45.909485,57.049999,44.880001,,48.750000,25.895000,10.465480,41.233704,18.070000,,26.485001,59.459999,93.489174,,11.670000,53.000000,169.700211,109.699997,46.959999,38.919998,25.700001,9.255223,85.908218,36.160000,,61.984661,21.004999,60.230000,30.669886,31.830000,32.500000,72.240807,24.530001,,,47.298225,43.405018,52.389999,24.677420,53.090000,43.099998,,40.250000,,41.950001,76.879997,,,25.639999,,31.956123,,29.950001,17.446667,61.590000,39.025032,,1.534286,1195.199951,1.708000,45.865719,57.160000,44.939999,,48.200001,26.070000,10.568572,42.022701,17.799999,,26.424999,60.380001,93.775017,,11.390000,53.049999,171.952652,109.980003,47.049999,38.880001,25.549999,9.128065,85.353729,36.009998,,62.224354,20.730000,60.549999,30.408865,31.900000,32.480000,72.040131,24.309999,,,47.325329,43.297489,52.619999,24.506641,53.400002,42.439999,,40.130001,,42.200001,76.570000,,,25.440001,,31.764168,,29.690001,17.150000,62.650002,38.814228,
2005-03-21,1.546071,1172.000000,1.710500,45.909485,57.000000,44.639999,,48.200001,26.070000,10.537332,42.022701,17.770000,,26.400000,60.599998,93.775017,,11.310000,53.625000,171.233795,110.099998,46.900002,38.639999,25.549999,9.105359,85.487572,35.880001,,62.703739,20.809999,60.400002,30.464798,31.750000,32.430000,71.906357,24.350000,,,47.478924,42.087814,52.450001,24.478178,53.549999,42.560001,,39.900002,,41.599998,76.610001,,,25.430000,,31.764168,,29.690001,17.173332,62.650002,38.498024,,1.560714,1158.000000,1.683500,45.769436,56.840000,44.299999,,48.090000,25.830000,10.615433,41.584370,17.940001,,26.160000,60.020000,92.756691,,11.510000,52.634998,172.575668,109.599998,46.919998,37.990002,25.420000,9.150772,85.573616,35.790001,,62.262703,20.799999,59.950001,30.278355,31.680000,32.139999,71.630432,24.200001,,,47.433750,42.473118,52.560001,24.392790,52.740002,42.650002,,39.680000,,41.349998,76.550003,,,25.219999,,31.384827,,29.594999,17.056667,62.150002,38.050068,
2005-03-22,1.561071,1120.000000,1.685000,45.690659,57.000000,44.419998,,48.275002,25.715000,10.637301,41.546253,17.959999,,26.209999,60.029999,93.006805,,11.400000,52.924999,172.527740,109.750000,46.930000,38.000000,25.320000,9.150772,85.669212,36.000000,,62.214764,20.820000,59.849998,30.343611,31.680000,32.000000,71.471573,24.190001,,,47.614449,42.275986,52.720001,24.554079,52.740002,42.619999,,39.730000,,42.529999,76.250000,,,25.540001,,31.467093,,29.660000,17.056667,61.750000,37.549408,,1.529643,1124.000000,1.657500,44.797855,57.220001,43.660000,,47.355000,25.295000,10.534208,40.795372,17.920000,,26.225000,59.169998,93.399841,,11.170000,53.000000,170.131531,107.989998,46.590000,37.820000,25.049999,9.087193,85.564056,35.060001,,61.984661,20.700001,59.900002,30.105894,31.450001,32.200001,71.387962,23.990000,,,47.352436,41.944443,52.099998,24.117647,52.049999,42.259998,,39.310001,,41.869999,76.099998,,,25.000000,,31.549360,,29.190001,16.966667,60.900002,38.761528,
2005-03-23,1.516071,1118.000000,1.654500,44.421474,57.230000,43.509998,,47.384998,25.299999,10.540456,40.212196,17.799999,,26.250000,58.849998,93.524902,,11.170000,52.799999,170.131531,107.599998,46.599998,37.540001,25.150000,8.969119,86.013382,35.060001,,62.003834,20.650000,60.049999,30.124540,31.549999,31.980000,71.195648,23.990000,,,47.406647,41.836918,52.000000,24.117647,52.040001,42.150002,,39.389999,,41.599998,76.019997,,,24.920000,,31.549360,,29.150000,16.966667,60.900002,38.735180,,1.519643,1134.000000,1.659000,44.132626,56.849998,43.980000,,46.820000,26.065001,10.481100,40.059734,17.750000,,26.594999,58.419998,92.667366,,10.990000,52.544998,170.131531,108.059998,46.360001,37.700001,24.980000,8.973660,86.539200,34.930000,,62.646214,20.590000,59.990002,30.348270,31.450001,32.049999,71.128761,24.180000,,,47.686729,41.989246,52.009998,24.705881,52.830002,41.970001,,39.709999,,41.950001,76.010002,,,25.340000,,32.888481,,29.370001,16.883333,60.090000,39.077736,
2005-03-24,1.532500,1138.000000,1.670000,44.333946,57.020000,44.250000,,46.924999,26.000000,10.474852,40.360851,17.809999,,26.625000,58.669998,92.953209,,10.980000,52.775002,171.713028,108.779999,46.290001,37.689999,25.150000,8.960036,86.806885,35.099998,,62.847553,20.715000,60.180000,30.310984,31.559999,32.060001,71.279266,24.240000,,,49.647324,42.007168,51.849998,24.905123,53.000000,41.919998,,40.139999,,42.090000,75.000000,,,25.430000,,33.363804,,29.365000,17.006666,60.299999,39.077736,,1.517857,1112.199951,1.644000,44.010082,56.799999,43.750000,,46.790001,25.885000,10.353015,39.941574,17.879999,,26.725000,58.209999,91.881294,,11.290000,52.400002,171.233795,108.400002,45.860001,38.029999,25.209999,8.996367,86.711281,34.930000,,62.138062,20.600000,59.830002,30.385559,31.580000,31.670000,71.304352,24.280001,,,48.165585,42.231182,51.919998,24.829222,52.599998,42.400002,,39.770000,,43.000000,74.809998,,,25.510000,,33.007313,,29.195000,16.886667,59.000000,39.367588,
2005-03-28,1.526786,1090.000000,1.655000,44.080109,57.299999,44.029999,,46.794998,25.885000,10.402999,39.945389,18.020000,,26.725000,58.320000,92.703094,,11.240000,52.650002,172.048508,108.949997,46.500000,38.299999,25.549999,9.000908,86.720840,34.930000,,62.310642,20.705000,59.900002,30.408865,31.410000,31.750000,71.312706,24.400000,,,48.517948,42.652328,52.009998,24.952562,52.549999,42.400002,,39.900002,,43.200001,75.669998,,,25.520000,,32.957039,,29.299999,16.886667,59.040001,39.367588,,1.518929,1140.400024,1.669500,44.719078,58.099998,44.290001,,47.110001,25.809999,10.581068,40.116909,17.889999,,26.575001,58.290001,91.291740,,11.220000,52.490002,172.383972,109.680000,45.930000,38.590000,25.549999,8.987284,87.036331,34.849998,,62.416107,20.559999,60.200001,30.278355,31.530001,32.099998,71.212372,24.200001,,,48.499882,42.159496,52.349998,24.886148,52.509998,42.490002,,39.810001,,42.740002,75.269997,,,25.490000,,32.385738,,29.434999,16.996668,58.889999,39.868248,
2005-03-29,1.520000,1150.000000,1.664000,44.719078,57.730000,44.299999,,46.700001,25.750000,10.587316,39.983501,17.850000,,26.450001,58.259998,91.291740,,11.260000,52.674999,171.665100,109.680000,45.650002,38.400002,25.280001,8.987284,86.749519,34.650002,,62.320229,20.600000,60.299999,30.152506,31.340000,32.080002,71.220734,24.139999,,,48.563126,41.989246,52.369999,24.667933,52.400002,42.439999,,39.759998,,42.189999,74.599998,,,25.350000,,32.376598,,29.440001,16.966667,58.889999,39.104084,,1.491071,1164.000000,1.671500,44.561523,57.250000,43.889999,,44.900002,25.715000,10.715401,39.499432,17.750000,,26.219999,57.889999,87.807999,,11.270000,52.625000,170.275299,108.449997,45.459999,37.689999,25.020000,9.891008,86.615677,34.580002,,62.751678,20.695000,60.389999,30.063946,31.020000,32.230000,70.777596,23.920000,,,47.984886,41.854839,52.290001,24.326376,51.860001,41.520000,,39.480000,,42.230000,74.029999,,,25.180000,,31.517366,,29.465000,16.923332,58.270000,39.341236,
2005-03-30,1.502500,1150.000000,1.679500,44.509007,57.250000,43.799999,,45.235001,25.674999,10.721649,39.831039,17.809999,,26.250000,58.110001,88.343964,,11.250000,52.625000,170.610764,108.190002,45.869999,37.849998,25.200001,9.763851,86.347992,34.520000,,62.933846,20.725000,60.270000,30.203777,30.980000,32.180000,70.944817,24.040001,,,48.246899,42.025089,52.349998,24.573055,51.959999,41.450001,,39.910000,,42.439999,74.050003,,,25.180000,,31.645338,,29.485001,16.966667,58.650002,39.262188,,1.528571,1143.199951,1.716000,45.051689,58.790001,44.020000,,45.740002,26.139999,10.715401,40.185516,18.030001,,26.480000,58.259998,87.593620,,11.440000,53.400002,173.486237,109.800003,45.970001,38.150002,25.059999,9.990917,86.692162,34.950001,,63.087250,20.975000,61.470001,31.052094,31.650000,32.759998,71.889633,24.160000,,,48.933559,42.213261,53.360001,24.943073,53.360001,41.970001,,40.230000,,42.840000,75.040001,,,25.750000,,32.175503,,29.850000,16.946667,59.240002,40.131752,
2005-03-31,1.516071,1130.000000,1.724500,45.051689,58.790001,44.099998,,45.750000,26.225000,10.756014,40.822052,18.020000,,26.299999,58.689999,88.058113,,11.420000,53.400002,173.006989,110.000000,46.029999,38.180000,25.250000,9.968211,86.481834,34.900002,,63.087250,20.955000,61.200001,31.052094,31.600000,32.669998,71.864548,24.250000,,,48.942596,42.114697,53.400002,25.056927,53.259998,41.900002,,40.529999,,42.590000,75.050003,,,25.750000,,32.632542,,29.975000,16.916668,59.830002,40.131752,,1.488214,1108.199951,1.713500,44.964161,58.459999,44.099998,,45.720001,26.084999,10.552952,41.104111,17.889999,,26.309999,58.310001,89.058571,,11.330000,53.525002,172.815292,109.989998,45.919998,38.240002,25.040001,9.963669,87.361374,34.599998,,63.020134,20.834999,61.060001,31.163960,31.139999,33.049999,71.647156,24.170000,,,48.770931,41.917564,53.029999,24.924099,53.000000,41.700001,,40.080002,,42.340000,74.379997,,,25.490000,,33.487202,,29.900000,16.703333,59.599998,39.920948,
2005-04-01,1.503214,1100.000000,1.731500,45.428070,58.549999,44.419998,,46.000000,26.150000,10.590440,41.336617,18.010000,,26.309999,59.180000,89.415878,,11.650000,53.599998,173.390381,110.739998,45.840000,38.400002,25.200001,9.968211,87.466537,34.790001,,63.087250,20.915001,61.150002,31.280487,31.200001,32.900002,71.906357,24.240000,,,49.014874,42.025089,53.299999,25.018974,53.099998,41.810001,,40.369999,,42.599998,74.599998,,,25.780001,,34.734917,,30.075001,16.750000,60.099998,39.973652,,1.460357,1019.000000,1.700500,44.552769,58.779999,44.009998,,45.075001,25.760000,10.431115,42.034134,17.700001,,25.780001,59.310001,87.790138,,11.180000,53.924999,169.987747,109.300003,45.330002,37.599998,24.980000,9.859219,86.462715,34.250000,,62.761265,20.690001,61.160000,30.749125,31.000000,32.779999,71.170570,24.120001,,,48.969700,41.550179,52.759998,24.810247,52.610001,41.529999,,39.709999,,42.099998,74.269997,,,24.959999,,35.539307,,29.715000,16.330000,60.549999,39.446640,
2005-04-04,1.463929,1045.000000,1.700000,44.727829,58.599998,43.900002,,44.900002,25.775000,10.443611,42.495338,17.660000,,25.799999,59.080002,87.986656,,11.120000,53.924999,170.227371,109.150002,45.139999,37.549999,24.900000,9.859219,86.118546,33.669998,,62.761265,20.799999,61.660000,30.763107,31.070000,32.700001,71.262543,24.110001,,,49.141365,41.039429,52.900002,24.810247,53.180000,41.500000,,39.240002,,41.820000,75.050003,,,24.650000,,36.288849,,29.770000,16.443333,60.950001,39.446640,,1.467500,1066.000000,1.750000,44.902889,58.330002,44.160000,,45.105000,25.889999,10.384255,42.144672,17.670000,,25.750000,56.980000,88.004517,,11.090000,54.025002,168.885498,111.000000,45.189999,37.910000,25.150000,9.950045,86.347992,33.770000,,62.636623,20.735001,61.599998,30.739801,30.990000,32.840000,70.819397,24.230000,,,49.213646,40.994625,52.740002,24.601519,53.900002,41.400002,,39.509998,,41.849998,74.180000,,,24.850000,,35.031994,,29.920000,16.469999,60.650002,40.184452,
2005-04-05,1.472143,1082.000000,1.761500,44.815361,58.320000,44.349998,,45.215000,26.010000,10.424867,42.148483,17.740000,,25.750000,57.060001,88.290367,,11.010000,53.820000,168.789642,110.949997,46.169998,37.700001,25.510000,9.922797,86.261948,34.000000,,62.780441,20.820000,61.349998,30.837685,30.870001,32.689999,70.802673,24.219999,,,49.394344,41.890682,52.799999,25.351044,53.980000,41.389999,,39.349998,,42.799999,75.129997,,,24.820000,,35.036564,,29.920000,16.516666,60.500000,40.184452,,1.496071,1060.000000,1.764000,44.832867,58.330002,44.310001,,45.180000,26.135000,10.393627,41.287064,17.820000,,26.190001,55.709999,89.147903,,11.100000,54.250000,170.131531,110.589996,46.200001,38.230000,25.590000,9.791099,85.630974,34.580002,,63.068073,20.930000,62.500000,31.252520,31.209999,33.020000,70.627090,24.469999,,,49.972584,41.827957,53.000000,25.521822,54.000000,41.849998,,39.209999,,43.139999,75.500000,,,24.870001,,34.451553,,29.840000,16.556667,60.060001,39.762848,
2005-04-06,1.514286,1060.000000,1.755000,44.946655,58.720001,44.560001,,45.305000,26.245001,10.459231,41.462399,17.820000,,26.264999,55.900002,89.505203,,11.150000,54.125000,170.514923,110.949997,46.169998,38.139999,25.850000,9.850136,85.133842,34.750000,,63.163952,20.995001,62.500000,31.257181,31.129999,32.970001,71.070236,24.469999,,,50.008724,42.051971,53.099998,25.702087,54.000000,41.840000,,38.910000,,43.070000,75.900002,,,24.990000,,34.460693,,29.889999,16.626667,60.250000,40.079052,,1.511786,1059.800049,1.741000,45.104210,58.430000,44.599998,,45.695000,26.410000,10.309278,42.259018,17.770000,,26.305000,57.230000,89.380150,,11.110000,54.049999,170.131531,112.500000,46.169998,37.790001,25.740000,9.886467,85.086044,34.680000,,63.048897,20.855000,62.099998,31.112688,31.490000,32.840000,70.919731,24.670000,,,50.324951,42.311829,52.900002,25.483871,53.959999,42.000000,,38.770000,,43.400002,75.820000,,,24.730000,,36.640766,,29.870001,16.500000,60.900002,39.525692,
2005-04-07,1.511786,1071.000000,1.734000,45.270515,58.450001,44.849998,,45.650002,26.455000,10.306154,42.461033,17.799999,,26.290001,57.759998,89.255089,,11.020000,54.099998,170.514923,112.500000,45.950001,37.610001,25.820000,9.886467,85.086044,34.750000,,63.135185,20.910000,62.029999,31.182604,31.389999,32.799999,71.153847,24.660000,,,50.306881,42.087814,52.919998,24.715370,54.049999,42.009998,,38.970001,,43.599998,76.480003,,,24.850000,,36.974407,,29.870001,16.430000,61.349998,39.683792,,1.555714,1055.199951,1.745000,45.296776,59.009998,44.830002,,45.790001,26.770000,10.396751,42.060818,18.150000,,26.070000,57.959999,89.826782,,11.300000,54.130001,171.473404,113.529999,46.000000,37.400002,25.940001,9.900091,84.550667,34.799999,,63.662514,21.059999,61.669998,31.476252,31.469999,32.750000,71.204010,25.100000,,,50.876083,42.096775,53.419998,25.521822,55.070000,42.090000,,38.889999,,43.730000,76.550003,,,25.070000,,35.895794,,29.940001,16.299999,60.849998,39.762848,
2005-04-08,1.560714,1056.000000,1.737500,45.296776,59.000000,45.099998,,45.990002,26.770000,10.449859,42.064629,18.080000,,26.035000,57.810001,89.951836,,11.120000,54.424999,171.090012,113.250000,46.060001,37.509998,25.900000,9.877384,84.397705,34.860001,,63.662514,21.110001,61.450001,31.508879,31.480000,32.660000,71.070236,25.070000,,,50.867050,41.890682,53.580002,25.161289,55.049999,42.180000,,38.720001,,43.630001,75.800003,,,25.170000,,35.882084,,30.065001,16.299999,60.750000,39.815548,,1.562143,1038.199951,1.730000,45.112961,58.599998,44.680000,,45.345001,26.770000,10.331147,41.595802,17.900000,,25.825001,56.689999,87.647217,,11.030000,54.025002,171.281708,112.930000,46.029999,37.480000,25.760000,9.827430,83.747612,34.500000,,63.058483,21.049999,61.320000,31.443624,31.139999,32.669998,70.693977,24.940001,,,50.487579,42.132614,53.080002,25.237192,54.500000,41.509998,,38.779999,,43.450001,75.760002,,,24.910000,,35.283363,,29.780001,16.190001,60.009998,39.367588,
2005-04-11,1.576786,1038.000000,1.730000,45.051689,58.750000,44.950001,,45.255001,26.855000,10.324898,41.595802,18.000000,,25.815001,56.700001,87.843735,,10.300000,54.014999,171.377563,113.449997,46.980000,37.549999,25.709999,9.831971,83.508606,34.669998,,62.847553,21.125000,61.150002,31.462269,30.980000,32.700001,70.861206,25.030001,,,50.496616,42.258064,53.130001,25.246679,54.759998,41.590000,,39.240002,,43.160000,75.660004,,,24.980000,,35.100548,,29.965000,16.190001,59.990002,39.393940,,1.497143,1042.000000,1.730000,44.920395,59.400002,44.980000,,45.084999,26.855000,10.346767,42.053192,17.990000,,26.030001,56.869999,87.272041,,10.440000,53.584999,171.665100,112.089996,46.750000,37.740002,25.570000,9.795640,82.409180,34.619999,,63.748802,20.934999,62.250000,31.616083,30.799999,32.889999,70.627090,24.969999,,,50.821877,42.320789,53.099998,25.104364,55.340000,41.770000,,39.080002,,43.189999,75.330002,,,24.700001,,34.958866,,30.000000,16.170000,60.290001,39.235836,
2005-04-12,1.517500,1048.000000,1.720000,44.684067,59.400002,44.900002,,45.084999,26.870001,10.281162,41.889294,17.920000,,26.000000,56.500000,87.272041,,10.260000,53.200001,170.946243,111.550003,46.279999,37.830002,25.469999,9.741144,82.122368,34.619999,,63.566635,20.885000,62.049999,31.578796,30.600000,32.669998,70.434784,24.920000,,,50.722488,42.159496,53.110001,25.047438,55.029999,41.669998,,38.830002,,42.669998,74.989998,,,24.680000,,34.917732,,29.900000,16.066668,59.939999,38.998680,,1.523571,1064.000000,1.731500,45.655647,58.450001,45.520000,,45.695000,26.975000,10.474852,41.271816,18.240000,,26.290001,55.740002,86.200127,,10.060000,53.439999,172.959061,111.760002,46.500000,38.549999,25.540001,9.859219,81.978966,35.040001,,63.892616,21.165001,62.110001,31.853800,30.900000,32.880001,71.279266,25.320000,,,50.876083,42.329750,53.639999,25.502846,55.520000,42.360001,,39.160000,,42.799999,75.440002,,,24.219999,,34.035648,,30.315001,16.209999,60.430000,38.339920,
2005-04-13,1.533929,1068.000000,1.717500,45.515598,58.650002,45.389999,,45.619999,27.035000,10.471728,40.600979,18.209999,,26.290001,55.660000,85.503380,,10.050000,53.125000,172.767365,111.769997,46.230000,38.400002,25.500000,9.786558,81.988525,35.049999,,63.892616,21.165001,62.000000,31.905071,31.420000,32.930000,71.045151,25.230000,,,50.749596,41.756271,53.720001,25.521822,55.369999,42.320000,,39.000000,,43.160000,74.889999,,,24.020000,,33.843693,,30.370001,16.253332,60.150002,38.050068,,1.465714,1032.199951,1.715000,45.585625,58.669998,45.110001,,44.299999,26.965000,10.456107,40.135967,18.000000,,26.105000,54.270000,83.663254,,10.050000,53.165001,170.802475,110.010002,46.619999,37.900002,25.430000,9.968211,80.850861,34.570000,,63.087250,21.049999,61.950001,31.452946,31.219999,32.430000,70.418060,25.040001,,,50.596001,42.123657,53.630001,25.882353,55.209999,41.310001,,38.450001,,43.650002,74.559998,,,23.639999,,33.391224,,30.110001,16.190001,59.150002,37.549408,
2005-04-14,1.386071,1032.199951,1.713000,45.559364,59.049999,45.020000,,44.294998,26.965000,10.471728,40.364662,18.000000,,26.110001,54.689999,82.805717,,10.020000,53.125000,171.233795,110.150002,46.650002,37.770000,25.219999,9.931880,80.793503,34.570000,,62.847553,21.100000,61.900002,31.536846,31.330000,32.279999,70.150505,25.010000,,,50.460476,42.078854,54.220001,26.072105,55.279999,41.430000,,38.400002,,43.900002,74.300003,,,23.559999,,33.624313,,30.209999,16.133333,59.279999,37.233204,,1.330714,1027.800049,1.698500,44.736584,58.160000,44.680000,,42.700001,26.650000,10.324898,39.972069,17.809999,,26.125000,53.770000,80.894127,,9.750000,52.830002,170.131531,108.489998,47.500000,37.150002,25.049999,9.877384,79.961761,34.189999,,62.674976,21.035000,61.009998,30.963533,30.760000,32.459999,68.879601,24.840000,,,49.972584,42.347672,55.139999,26.043644,55.000000,40.189999,,37.939999,,43.770000,73.750000,,,23.389999,,32.989033,,29.924999,15.986667,58.750000,36.758892,
2005-04-15,1.307857,1028.000000,1.698000,44.745335,58.049999,44.470001,,42.700001,26.655001,10.309278,39.804359,17.490000,,26.025000,54.000000,80.393898,,9.670000,52.549999,171.665100,108.349998,48.480000,36.570000,24.860001,9.763851,75.525810,34.250000,,62.272289,21.040001,60.619999,30.856329,30.620001,32.290001,68.887962,24.580000,,,49.828026,42.455196,55.000000,26.565466,55.000000,39.849998,,37.680000,,44.189999,73.349998,,,23.160000,,32.509140,,29.924999,15.990000,58.450001,36.363636,,1.262500,1022.200012,1.651000,44.395218,57.000000,44.279999,,41.730000,26.410000,10.137457,38.142509,17.200001,,25.930000,52.209999,79.143326,,9.500000,51.945000,171.329636,106.489998,47.820000,36.110001,24.590000,9.464124,73.326958,33.930000,,61.869606,20.645000,59.310001,29.877502,30.299999,31.950001,67.608696,24.459999,,,49.303993,42.338711,54.830002,26.290323,54.799999,39.380001,,36.959999,,44.040001,72.669998,,,22.760000,,30.900366,,29.565001,15.900000,56.189999,35.283268,
2005-04-18,1.250000,1029.000000,1.645000,44.395218,56.650002,44.639999,,41.820000,26.360001,10.081225,37.810902,17.170000,,25.910000,52.250000,79.339844,,9.490000,51.625000,171.329636,106.690002,47.930000,36.110001,24.100000,9.377838,73.757172,34.250000,,61.936722,20.559999,58.840000,29.872841,30.150000,32.029999,66.889633,24.450001,,,49.150398,42.114697,54.250000,26.157495,54.799999,40.330002,,36.820000,,43.900002,72.150002,,,22.510000,,30.530165,,29.600000,15.970000,55.650002,34.993412,,1.272143,1025.199951,1.650000,44.579029,56.919998,44.730000,,41.790001,26.180000,10.037488,39.133522,17.020000,,25.865000,52.599998,80.197380,,9.340000,52.125000,172.527740,107.349998,47.369999,36.730000,24.110001,9.282470,73.279160,34.639999,,61.821667,20.485001,59.240002,29.294868,30.100000,31.450001,63.461536,24.650000,,,49.014874,42.087814,54.490002,26.185959,54.599998,39.419998,,37.150002,,43.610001,72.150002,,,22.920000,,32.079525,,29.754999,15.960000,57.250000,35.810276,
2005-04-19,1.307143,1023.000000,1.659000,44.535263,56.930000,44.799999,,42.200001,26.165001,10.031240,39.297421,17.200001,,25.625000,52.799999,81.108513,,9.330000,51.924999,173.725861,107.500000,48.380001,36.700001,24.250000,9.282470,73.594643,34.730000,,62.080536,21.350000,59.259998,29.364784,30.100000,31.680000,63.963211,24.709999,,,49.023911,43.333332,54.520000,26.223909,54.439999,39.419998,,37.549999,,43.619999,72.260002,,,24.950001,,32.714809,,29.750000,15.916667,57.349998,35.810276,,1.324643,1031.599976,1.639000,44.246414,58.090000,44.930000,,42.474998,26.059999,9.953140,39.850098,17.180000,,26.315001,53.340000,81.376488,,9.280000,52.040001,172.527740,106.690002,48.169998,36.459999,24.520000,9.377838,72.160614,34.950001,,61.591564,21.200001,58.700001,29.201647,30.180000,31.520000,64.322739,24.629999,,,48.490845,43.333332,54.500000,26.015181,54.330002,39.139999,,37.540001,,43.759998,72.650002,,,24.170000,,33.829983,,29.465000,15.866667,58.630001,35.968380,
2005-04-20,1.345000,1031.599976,1.655000,44.071354,58.099998,44.930000,,44.950001,25.985001,9.893783,39.850098,17.430000,,26.225000,53.349998,82.537735,,9.480000,51.500000,171.808884,106.699997,47.480000,36.009998,24.350000,9.332425,72.160614,35.630001,,61.361458,21.260000,58.700001,29.271563,30.090000,31.500000,64.523415,24.660000,,,48.698650,43.216846,54.330002,25.806452,53.959999,39.090000,,37.910000,,43.450001,72.449997,,,24.299999,,33.935101,,29.365000,15.800000,58.049999,35.599472,,1.268214,1020.200012,1.662500,43.791260,57.230000,44.230000,,44.020000,25.545000,9.837551,39.362213,17.190001,,25.584999,52.049999,80.000862,,9.340000,50.360001,170.227371,104.330002,47.130001,35.599998,24.250000,9.350590,68.843208,34.759998,,60.402683,20.940001,58.389999,28.991898,29.940001,31.250000,63.461536,24.320000,,,48.382423,43.001793,54.160000,25.388994,53.389999,38.240002,,37.490002,,43.320000,71.900002,,,24.020000,,33.587749,,29.075001,15.783333,57.139999,36.152832,
2005-04-21,1.300000,1030.000000,1.675000,44.596535,57.849998,44.400002,,44.150002,25.799999,9.996876,39.068726,17.389999,,25.760000,52.200001,81.144241,,9.550000,50.950001,171.569260,105.500000,46.950001,35.900002,24.100000,9.400545,69.789673,35.020000,,61.457336,21.150000,58.950001,30.157167,30.270000,31.299999,64.297661,24.480000,,,48.626369,43.637993,54.450001,25.616697,53.900002,38.520000,,39.450001,,43.470001,71.900002,,,24.440001,,33.363804,,29.250000,15.963333,57.549999,35.836628,,1.327857,1038.000000,1.686500,44.115120,59.080002,44.389999,,44.830002,26.000000,10.074977,40.284618,17.680000,,25.715000,53.349998,81.787392,,9.820000,51.750000,173.102844,105.110001,47.119999,36.669998,24.540001,9.573115,70.774376,35.040001,,61.351871,20.990000,59.380001,29.537245,29.850000,31.250000,65.125420,25.280001,,,49.005840,43.682796,54.709999,25.853889,54.189999,38.880001,,39.509998,,43.509998,72.790001,,,24.680000,,34.337296,,29.334999,15.926667,59.279999,35.783924,
2005-04-22,1.315714,1038.000000,1.674500,43.940060,58.549999,44.270000,,44.830002,25.809999,10.021868,40.368473,17.500000,,25.665001,53.490002,81.465820,,9.830000,51.950001,172.527740,105.000000,46.700001,36.669998,24.540001,9.514078,70.965584,34.770000,,60.882072,20.975000,59.200001,29.667753,30.500000,31.280001,65.142143,25.049999,,,49.014874,43.512547,54.700001,25.844402,54.080002,38.779999,,39.830002,,43.610001,72.790001,,,24.680000,,34.337296,,29.260000,15.826667,59.279999,35.520424,,1.267857,1007.000000,1.652000,43.598694,57.880001,44.369999,,44.904999,25.690001,9.937520,40.768688,17.430000,,25.250000,53.869999,80.983452,,9.890000,51.750000,173.006989,104.190002,46.779999,36.020000,24.559999,9.436876,70.946465,34.869999,,60.910835,21.065001,58.799999,29.765636,30.059999,30.280001,64.431435,24.980000,,,48.761894,43.637993,54.470001,25.825426,53.889999,38.599998,,39.599998,,43.820000,72.449997,,,24.420000,,34.296162,,29.334999,15.603333,59.419998,35.599472,
2005-04-25,1.303214,1005.000000,1.656500,44.010082,58.799999,44.720001,,45.224998,25.735001,10.024992,41.546253,17.459999,,25.325001,54.349998,81.483681,,9.930000,51.924999,174.205093,105.500000,46.700001,36.020000,24.559999,9.536785,71.797325,34.980000,,60.402683,21.215000,59.000000,29.840214,29.959999,30.480000,64.941475,25.070000,,,49.331100,42.983871,54.750000,25.777988,54.130001,38.599998,,39.700001,,43.759998,73.180000,,,24.480000,,34.296162,,29.450001,15.686667,59.959999,35.494072,,1.320714,1035.199951,1.676500,44.614040,59.580002,44.830002,,45.564999,25.825001,10.118713,41.431904,17.480000,,25.545000,54.369999,82.680656,,9.790000,52.355000,174.348877,105.739998,46.889999,36.200001,24.950001,9.582198,71.328873,35.169998,,60.632790,21.340000,59.750000,30.269033,30.280001,31.209999,64.807693,24.990000,,,49.078121,43.010754,55.139999,25.645161,53.830002,38.540001,,39.689999,,44.349998,73.580002,,,24.620001,,34.675503,,29.575001,15.673333,59.959999,35.810276,
2005-04-26,1.313571,1027.000000,1.671500,44.246414,59.849998,44.650002,,45.570000,25.850000,10.059356,41.203209,17.350000,,26.045000,54.369999,82.680656,,9.690000,52.230000,174.444717,105.739998,46.349998,36.060001,24.629999,9.377838,71.395790,35.180000,,60.316395,21.340000,59.950001,30.296999,30.150000,31.209999,64.816055,24.950001,,,48.924526,42.894264,54.950001,25.569260,53.660000,38.529999,,39.580002,,43.919998,73.000000,,,24.520000,,34.872028,,29.575001,15.666667,59.959999,35.573124,,1.292500,1021.400024,1.635500,45.121716,59.000000,44.610001,,44.430000,25.350000,9.875039,40.688644,17.280001,,26.000000,53.619999,81.233566,,9.570000,52.115002,173.390381,105.720001,46.779999,36.200001,24.299999,9.296094,72.112808,35.080002,,59.511024,21.480000,59.840000,30.688530,30.000000,31.120001,63.653847,24.760000,,,48.689613,42.876343,55.200001,25.531309,53.369999,37.860001,,39.419998,,44.450001,72.820000,,,24.540001,,33.478062,,29.395000,15.666667,59.270000,35.283268,
2005-04-27,1.281786,1018.000000,1.542000,45.121716,58.490002,44.290001,,44.235001,25.325001,9.840675,41.031689,17.190001,,26.000000,53.630001,81.233566,,9.580000,52.119999,172.767365,105.669998,47.549999,36.009998,24.200001,9.196185,72.275337,35.080002,,59.204220,21.445000,59.840000,30.693192,29.860001,31.120001,63.436455,24.660000,,,48.698650,42.921146,55.000000,25.483871,53.169998,37.660000,,39.340000,,44.430000,72.720001,,,24.350000,,33.363804,,29.379999,15.566667,59.250000,35.283268,,1.283929,1037.000000,1.586000,45.603130,59.660000,44.869999,,44.025002,25.365000,9.971884,39.526115,17.250000,,25.950001,52.000000,79.982994,,9.440000,52.575001,174.444717,107.760002,47.410000,36.029999,24.160000,9.159855,73.661568,35.500000,,59.635666,21.410000,59.939999,30.711836,30.160000,31.700001,64.046822,24.990000,,,48.337250,42.724014,55.240002,25.540796,53.529999,37.619999,,39.669998,,44.910000,73.000000,,,24.709999,,31.499086,,29.754999,15.763333,58.380001,35.704876,
2005-04-28,1.296071,1037.000000,1.583000,45.384304,60.000000,44.660000,,44.025002,25.315001,10.037488,39.526115,17.139999,,25.950001,52.009998,81.287163,,9.270000,52.174999,172.911148,106.949997,50.279999,35.750000,24.000000,9.059946,73.661568,35.299999,,59.539787,21.315001,59.939999,30.530052,29.850000,31.700001,63.461536,24.820000,,,48.834175,42.876343,54.900002,25.483871,53.799999,38.599998,,39.340000,,44.490002,72.400002,,,24.480000,,31.503656,,29.760000,15.673333,57.349998,35.652176,,1.269286,1022.799988,1.626000,45.253010,58.720001,44.689999,,43.349998,25.209999,9.959388,39.167824,17.139999,,25.600000,51.150002,79.893669,,9.140000,52.060001,170.946243,106.230003,49.759998,35.090000,23.840000,9.218892,72.571701,35.020000,,59.050816,21.344999,60.470001,29.537245,29.610001,32.220001,62.901337,24.450001,,,48.996803,42.697132,55.099998,25.322580,53.990002,37.060001,,39.110001,,44.349998,71.989998,,,24.610001,,30.854662,,29.770000,15.683333,56.000000,34.993412,
2005-04-29,1.291071,1023.000000,1.643000,45.559364,59.029999,44.860001,,43.799999,25.285000,10.090597,39.526115,17.190001,,25.799999,51.549999,81.912453,,9.210000,52.125000,171.665100,107.129997,50.880001,35.250000,23.900000,9.218892,73.661568,35.029999,,59.079578,21.355000,60.650002,29.737671,29.610001,32.230000,63.302677,24.879999,,,49.294960,43.593189,55.099998,25.407970,54.200001,37.259998,,39.619999,,44.299999,72.699997,,,24.799999,,31.695612,,29.809999,15.716667,56.500000,35.046112,,1.287857,1017.000000,1.618000,46.128311,59.520000,45.040001,,44.025002,24.895000,10.028116,39.964447,17.270000,,25.790001,52.000000,82.055374,,9.110000,52.525002,173.486237,106.790001,50.549999,35.369999,24.100000,9.296094,73.021034,35.490002,,59.875359,21.719999,60.950001,29.248257,29.309999,32.410000,63.938126,25.299999,,,49.547939,43.664875,55.639999,25.777988,54.150002,36.930000,,39.430000,,44.369999,72.709999,,,24.959999,,31.320841,,29.969999,15.713333,57.029999,34.914360,
2005-05-02,1.293214,1078.000000,1.615000,45.979507,59.520000,44.830002,,44.110001,24.965000,10.046860,39.964447,17.240000,,25.790001,51.950001,82.269753,,9.160000,52.529999,172.911148,105.849998,50.279999,35.669998,23.980000,9.341508,73.499046,35.580002,,59.884949,21.745001,61.000000,29.271563,29.120001,32.380001,63.938126,25.230000,,,49.484695,43.691757,55.349998,25.853889,54.150002,36.950001,,39.400002,,43.689999,72.750000,,,25.000000,,31.275137,,30.040001,15.826667,57.000000,35.204216,,1.301071,1068.800049,1.655000,46.434666,59.380001,45.340000,,44.200001,25.055000,10.043736,40.669586,17.260000,,26.245001,53.209999,84.002693,,9.220000,52.755001,173.725861,104.459999,50.250000,36.259998,24.020000,9.523161,73.145317,35.570000,,59.932884,21.785000,61.860001,28.572401,29.570000,32.310001,64.280937,25.230000,,,49.963551,43.906811,55.910000,26.005693,54.799999,37.080002,,39.490002,,44.060001,72.449997,,,25.129999,,31.320841,,30.200001,15.933333,57.740002,35.151516,
2005-05-03,1.300000,1069.000000,1.647000,46.390900,59.650002,45.299999,,44.200001,25.010000,9.996876,40.498066,17.180000,,26.290001,53.040001,84.145615,,9.270000,52.759998,173.006989,103.550003,50.849998,35.700001,24.000000,9.523161,73.403442,35.580002,,59.923298,21.785000,61.869999,28.567739,29.719999,32.299999,64.247490,25.129999,,,49.873199,43.906811,55.650002,26.043644,54.810001,36.970001,,39.570000,,43.930000,72.500000,,,25.049999,,30.859232,,30.230000,15.856667,57.330002,34.571804,,1.293214,1066.000000,1.660500,46.390900,59.869999,45.360001,,43.790001,24.924999,10.049984,39.449883,17.309999,,26.469999,52.660000,84.717300,,9.470000,52.785000,173.006989,104.370003,51.049999,36.750000,24.049999,9.536785,73.107079,35.500000,,59.846596,21.879999,62.410000,28.371975,29.799999,32.799999,64.180603,25.360001,,,49.728642,44.157707,55.919998,26.091082,54.900002,36.959999,,39.610001,,44.340000,73.099998,,,25.200001,,30.073126,,30.145000,16.133333,56.500000,34.993412,
2005-05-04,1.289643,1072.000000,1.667500,46.303371,59.750000,45.599998,,43.915001,24.995001,10.040612,39.735752,17.330000,,26.424999,52.720001,85.306854,,9.850000,53.075001,173.054916,105.199997,51.150002,36.820000,24.260000,9.536785,73.231361,35.509998,,59.894535,21.990000,62.450001,28.432570,29.790001,32.799999,64.130432,25.340000,,,49.855129,44.354839,56.220001,26.100569,54.910000,37.000000,,39.939999,,45.049999,73.750000,,,25.389999,,30.297075,,29.910000,16.133333,56.849998,35.072464,,1.326786,1087.400024,1.698000,46.846058,60.279999,45.970001,,44.709999,25.020000,10.187441,39.659519,17.650000,,26.690001,53.009998,87.272041,,10.160000,53.000000,173.486237,106.269997,51.400002,37.099998,24.360001,9.550409,73.690247,36.099998,,59.817833,21.965000,63.880001,28.945288,30.129999,33.009998,64.673912,25.209999,,,50.144249,44.677418,56.619999,26.404175,55.139999,37.279999,,40.400002,,45.709999,74.489998,,,25.780001,,30.438757,,30.334999,16.150000,57.230000,35.019764,
2005-05-05,1.330357,1089.400024,1.698000,46.706009,60.099998,45.820000,,44.709999,25.035000,10.190565,39.796738,17.610001,,26.450001,53.200001,87.450699,,10.150000,52.935001,173.246613,106.800003,51.099998,36.980000,24.500000,9.527702,74.569794,36.150002,,59.683605,21.889999,63.520000,28.898676,30.190001,32.900002,64.673912,25.200001,,,49.918373,44.399643,56.450001,26.261860,55.139999,37.349998,,40.790001,,45.709999,74.750000,,,25.700001,,30.507313,,30.275000,16.116667,57.349998,34.914360,,1.310000,1078.400024,1.698000,46.548454,59.740002,45.849998,,44.924999,24.790001,10.074977,40.025433,18.000000,,26.950001,53.299999,87.557884,,9.700000,52.630001,171.808884,105.300003,50.939999,36.849998,24.200001,9.504995,72.179733,35.900002,,59.587727,22.075001,63.380001,28.949947,29.940001,32.639999,64.774246,25.230000,,,49.809956,44.507168,56.439999,26.423149,54.779999,36.830002,,40.619999,,45.549999,74.029999,,,26.040001,,30.676416,,30.125000,16.190001,57.799999,34.703556,
2005-05-06,1.317500,1081.000000,1.712000,46.741020,60.180000,45.939999,,45.325001,24.885000,10.143705,40.364662,18.100000,,27.075001,54.000000,87.986656,,9.710000,52.755001,171.665100,105.750000,50.730000,37.099998,24.950001,9.514078,72.237091,36.000000,,59.779484,22.110001,63.299999,29.010542,29.959999,32.500000,64.866219,25.330000,,,50.189426,44.193546,56.200001,26.499050,55.000000,37.029999,,41.049999,,45.430000,75.050003,,,26.190001,,30.936930,,30.129999,16.283333,58.049999,34.782608,,1.330000,1082.800049,1.726000,46.390900,61.009998,45.490002,,45.080002,24.584999,10.037488,39.991127,18.020000,,26.834999,52.740002,87.218445,,9.760000,53.240002,171.808884,104.680000,50.669998,37.160000,24.770000,9.527702,71.950287,35.610001,,58.993290,22.094999,63.029999,28.866049,29.379999,32.680000,64.657188,25.219999,,,50.279774,44.390682,56.040001,26.195446,54.750000,36.580002,,41.020000,,45.250000,74.330002,,,26.410000,,30.964352,,29.879999,16.320000,57.599998,34.650856,
2005-05-09,1.331429,1082.599976,1.720000,46.347134,60.750000,45.410000,,45.080002,24.625000,9.996876,40.116909,18.000000,,26.750000,52.889999,87.093391,,9.760000,53.035000,171.760956,104.480003,50.680000,37.000000,24.559999,9.287012,71.950287,35.560001,,59.060402,22.100000,62.950001,28.866049,29.700001,32.580002,64.531776,25.230000,,,50.315914,43.951614,56.009998,26.148008,54.750000,36.400002,,40.700001,,44.740002,74.699997,,,26.230000,,31.307131,,29.885000,16.299999,57.750000,34.519104,,1.320357,1091.599976,1.732000,46.207088,60.560001,45.730000,,45.139999,24.495001,10.096845,40.692459,18.209999,,26.785000,53.450001,87.057655,,9.950000,53.270000,173.630005,105.500000,50.910000,37.250000,24.540001,9.418710,71.682602,35.959999,,59.721954,22.285000,63.450001,29.201647,30.120001,32.599998,64.991638,25.110001,,,50.487579,44.435486,56.369999,26.537003,54.980000,36.980000,,40.869999,,45.099998,74.099998,,,26.389999,,31.375687,,30.110001,16.416668,58.009998,34.914360,
2005-05-10,1.312500,1089.000000,1.720000,46.215839,60.560001,45.330002,,45.049999,24.495001,10.037488,40.353226,18.110001,,26.750000,53.450001,86.325180,,9.900000,52.830002,172.815292,104.220001,50.049999,36.680000,24.540001,9.309718,71.462715,35.599998,,59.443913,22.059999,63.450001,29.015203,29.950001,32.400002,64.866219,25.040001,,,50.126179,44.265232,56.099998,26.404175,54.650002,37.000000,,40.139999,,44.759998,74.000000,,,26.000000,,31.293419,,29.950001,16.333332,57.529999,34.861660,,1.300714,1065.400024,1.711500,45.935745,61.040001,45.380001,,44.825001,24.299999,10.024992,39.983501,18.209999,,26.625000,52.980000,85.842819,,9.780000,52.349998,171.713028,102.110001,50.209999,36.459999,24.420000,9.287012,70.076485,35.139999,,59.175453,22.115000,63.709999,28.735538,30.100000,32.540001,64.055183,24.900000,,,49.755745,43.862007,56.369999,26.242884,54.880001,36.470001,,40.349998,,44.720001,73.400002,,,25.879999,,31.032907,,29.860001,16.240000,57.230000,34.492756,
2005-05-11,1.257143,1065.400024,1.715000,45.944496,61.049999,45.389999,,44.900002,24.360001,10.034364,39.564228,18.469999,,26.620001,52.980000,86.021469,,9.850000,52.005001,172.048508,102.550003,49.889999,36.419998,24.600000,9.300636,70.391968,35.139999,,59.252155,22.065001,63.599998,28.730879,30.010000,32.700001,64.205688,24.889999,,,49.647324,43.620071,56.369999,26.081594,55.070000,36.599998,,40.450001,,44.509998,73.449997,,,25.910000,,30.850092,,29.840000,16.250000,56.939999,34.492756,,1.271786,1064.199951,1.691000,45.848213,60.400002,45.660000,,45.450001,24.645000,9.987504,40.395153,18.549999,,26.799999,53.400002,85.556976,,9.640000,52.875000,173.438309,103.750000,50.029999,36.520000,24.510000,9.336966,70.057358,35.299999,,59.827419,22.135000,64.459999,28.880032,29.850000,32.880001,64.372910,24.910000,,,49.602150,43.933693,56.930000,26.233397,55.480000,36.779999,,40.619999,,44.540001,73.379997,,,26.100000,,30.712980,,30.025000,16.200001,57.290001,34.650856,
2005-05-12,1.265000,1066.199951,1.685000,45.935745,60.529999,45.500000,,45.474998,24.645000,9.981256,40.143589,18.549999,,26.825001,53.389999,85.967873,,9.770000,52.974998,173.342453,103.500000,49.849998,36.389999,24.150000,9.287012,70.296364,35.349998,,59.923298,22.084999,64.500000,28.880032,29.990000,32.779999,64.581940,24.840000,,,49.665394,43.521503,56.849998,26.328274,55.599998,36.830002,,40.110001,,44.380001,72.459999,,,26.000000,,30.575869,,30.115000,15.600000,57.250000,34.650856,,1.218929,1049.599976,1.692500,45.638142,60.490002,45.340000,,44.439999,24.625000,9.962512,38.237801,18.700001,,26.955000,52.049999,82.448410,,9.350000,53.209999,171.904724,100.220001,49.950001,36.230000,24.049999,9.150772,69.426384,34.830002,,59.789070,22.084999,64.750000,28.581722,29.780001,32.740002,63.361202,25.000000,,,49.231716,43.387096,56.680000,26.214420,55.439999,36.060001,,40.259998,,43.980000,71.849998,,,26.320000,,28.350092,,29.910000,15.883333,54.820000,34.703556,
2005-05-13,1.221429,1052.000000,1.699500,45.533108,60.889999,45.500000,,44.500000,24.674999,9.996876,38.230175,18.730000,,26.955000,52.509998,82.573463,,9.390000,53.474998,171.904724,99.500000,49.700001,36.430000,24.049999,9.200727,69.340347,34.830002,,59.980824,22.235001,64.750000,28.670284,29.639999,32.650002,63.603680,25.030001,,,49.358204,43.422939,56.480000,26.451612,55.340000,36.150002,,40.299999,,44.180000,71.849998,,,26.480000,,28.793419,,29.740000,15.800000,54.990002,34.940712,,1.241786,1041.000000,1.695000,45.296776,59.500000,45.130001,,44.500000,24.299999,9.959388,37.547901,18.889999,,26.855000,51.279999,80.518951,,9.300000,52.715000,171.090012,97.820000,49.509998,36.290001,23.860001,9.364214,69.942642,34.459999,,59.424736,22.055000,64.019997,28.339348,29.650000,32.480000,63.219063,25.299999,,,48.563126,43.351254,56.430000,26.432638,54.750000,35.650002,,40.520000,,44.169998,71.519997,,,26.500000,,28.272394,,29.625000,15.710000,53.700001,35.362320,
2005-05-16,1.234286,1040.000000,1.701500,45.253010,59.700001,45.130001,,44.505001,24.375000,9.946892,37.353512,18.860001,,26.930000,51.279999,79.321976,,9.350000,52.715000,171.808884,98.000000,48.830002,36.439999,23.830000,9.336966,69.875717,34.590000,,59.539787,22.105000,63.700001,28.390619,29.700001,32.439999,63.520065,25.230000,,,48.626369,43.279572,56.500000,26.565466,54.919998,35.730000,,40.770000,,43.799999,71.320000,,,26.500000,,28.039305,,29.674999,15.710000,53.500000,35.546772,,1.269643,1056.199951,1.727000,45.918240,60.410000,45.849998,,45.189999,24.590000,9.906279,36.888496,19.090000,,27.030001,50.509998,78.482307,,9.410000,52.605000,173.677933,98.419998,49.660000,37.369999,24.150000,9.541326,71.070747,34.740002,,60.805370,22.129999,64.500000,28.842743,29.879999,32.799999,63.896320,25.490000,,,48.662510,43.387096,56.660000,26.783682,55.139999,36.470001,,41.209999,,44.360001,72.029999,,,26.959999,,27.723949,,30.004999,15.740000,53.349998,36.100132,
2005-05-17,1.255000,1049.000000,1.722500,45.646896,60.500000,45.560001,,45.314999,24.465000,9.840675,36.762714,18.959999,,27.000000,50.310001,78.250061,,9.410000,52.375000,173.006989,97.500000,49.630001,38.950001,23.799999,9.436876,70.678780,34.509998,,60.661552,22.014999,63.849998,28.726217,29.889999,32.570000,63.586956,25.309999,,,48.617336,43.360214,56.310001,26.698292,55.099998,36.330002,,40.830002,,43.939999,72.279999,,,27.000000,,27.655394,,29.900000,15.700000,53.500000,35.836628,,1.262857,1067.599976,1.736500,46.075790,60.910000,46.139999,,45.980000,24.795000,9.906279,37.696552,19.059999,,27.305000,51.470001,80.376030,,9.310000,53.035000,174.732269,98.349998,49.830002,38.860001,24.110001,9.786558,71.022942,35.209999,,61.447746,22.200001,64.800003,29.141052,29.969999,32.669998,64.389633,25.459999,,,49.087154,43.369175,56.290001,26.755219,55.630001,36.119999,,41.340000,,44.299999,72.459999,,,27.410000,,28.747715,,30.230000,15.666667,53.860001,35.467720,
2005-05-18,1.266071,1070.199951,1.740500,46.390900,61.169998,46.230000,,46.000000,24.830000,9.971884,38.020538,19.059999,,27.350000,52.029999,80.679741,,9.600000,53.299999,174.923965,99.000000,49.930000,39.099998,23.940001,10.031789,71.701721,35.599998,,61.744965,22.219999,64.809998,29.308851,30.150000,32.669998,64.364548,25.500000,,,49.087154,43.270611,56.500000,26.783682,55.730000,36.110001,,41.110001,,44.000000,71.570000,,,27.500000,,29.250458,,30.430000,15.696667,54.340000,35.494072,,1.280000,1065.000000,1.766500,46.863564,61.689999,46.650002,,46.759998,25.200001,9.821931,38.039597,19.240000,,27.500000,51.450001,82.341217,,9.920000,53.744999,176.840942,99.580002,50.270000,39.799999,24.240000,10.240690,73.001915,36.049999,,61.783318,22.459999,64.839996,30.040640,30.580000,32.750000,65.301003,25.700001,,,49.141365,43.512547,56.689999,26.982922,56.400002,37.549999,,41.910000,,44.549999,72.529999,,,27.559999,,28.893967,,30.485001,15.860000,53.650002,36.758892,
2005-05-19,1.277857,1066.000000,1.768500,46.986103,62.049999,46.349998,,46.744999,25.195000,9.878163,38.039597,19.230000,,27.525000,51.709999,83.698982,,9.900000,53.700001,176.840942,100.000000,49.820000,39.799999,24.490000,10.149864,73.135757,35.830002,,62.262703,22.469999,64.900002,30.063946,30.820000,32.689999,65.301003,25.750000,,,49.069084,43.234768,56.669998,26.944971,55.790001,37.700001,,41.480000,,43.900002,72.599998,,,27.540001,,29.250458,,30.610001,15.943333,53.779999,36.732544,,1.341071,1060.000000,1.779500,46.600971,61.349998,46.450001,,46.750000,25.344999,9.996876,38.634205,19.379999,,27.549999,52.160000,82.930771,,10.010000,53.950001,176.936783,100.120003,49.849998,40.139999,24.459999,10.222525,73.766731,36.189999,,62.579098,22.625000,64.760002,30.390221,30.969999,32.779999,65.100334,25.920000,,,49.267857,43.387096,57.029999,27.248577,56.619999,37.060001,,41.730000,,44.110001,72.690002,,,27.379999,,30.228519,,30.639999,15.836667,54.830002,36.758892,
2005-05-20,1.330357,1060.000000,1.772500,46.522194,61.750000,46.500000,,46.924999,25.490000,10.024992,38.535103,19.389999,,27.530001,52.200001,81.644470,,9.950000,53.994999,177.080566,99.949997,49.320000,40.150002,24.299999,10.217984,73.881454,36.189999,,62.780441,22.600000,64.849998,30.376238,30.900000,32.779999,65.050163,25.879999,,,49.331100,42.965950,57.130001,27.229603,56.590000,37.080002,,41.590000,,44.660000,72.300003,,,27.480000,,30.365631,,30.684999,15.800000,54.830002,36.627140,,1.341071,1075.199951,1.775000,46.443417,61.900002,46.570000,,46.814999,25.559999,9.962512,38.538914,19.469999,,27.500000,51.720001,82.108971,,10.000000,54.049999,177.320190,101.080002,49.490002,39.630001,24.299999,10.217984,73.049713,36.060001,,62.511986,22.525000,64.540001,30.296999,30.940001,32.680000,64.431435,25.740000,,,49.945480,43.082436,57.119999,27.115749,56.480000,37.020000,,41.700001,,44.590000,72.360001,,,27.700001,,29.794333,,30.665001,15.726667,54.009998,36.627140,
2005-05-23,1.351786,1069.000000,1.778500,46.347134,61.950001,46.500000,,46.775002,25.559999,9.931271,39.068726,19.350000,,27.600000,52.000000,82.448410,,10.070000,53.825001,176.505463,101.650002,49.139999,39.980000,24.530001,10.177112,72.944550,35.900002,,62.521572,22.485001,64.650002,30.436832,30.850000,32.689999,64.632111,25.740000,,,49.656361,43.127239,57.029999,27.049335,56.380001,37.009998,,41.549999,,44.669998,72.790001,,,27.520000,,29.798903,,30.700001,15.776667,54.380001,36.548092,,1.420000,1069.000000,1.784000,46.434666,61.639999,46.549999,,47.020000,25.360001,10.021868,39.392708,19.549999,,27.575001,52.570000,82.627060,,10.170000,54.005001,178.182816,100.690002,49.410000,39.959999,24.750000,10.240690,73.145317,35.910000,,62.396931,22.485001,64.730003,30.679209,31.320000,32.860001,65.660538,25.850000,,,50.108109,43.431900,56.740002,27.286528,56.480000,37.389999,,41.759998,,44.830002,73.139999,,,27.379999,,30.164534,,30.700001,15.950000,54.750000,36.706192,
2005-05-24,1.408929,1065.000000,1.774000,46.259605,61.400002,46.500000,,47.000000,25.450001,10.021868,39.564228,19.480000,,27.590000,52.599998,82.537735,,10.130000,53.904999,177.416031,100.500000,49.820000,39.810001,24.850000,10.181653,72.791588,35.970001,,62.473633,22.385000,64.940002,30.986839,31.190001,32.680000,65.317726,25.799999,,,50.117146,43.736561,56.480000,27.106262,56.320000,37.340000,,41.599998,,45.099998,73.489998,,,27.110001,,30.767824,,30.575001,15.913333,54.849998,36.548092,,1.417857,1076.000000,1.777000,46.303371,62.250000,46.610001,,46.915001,25.405001,10.074977,39.770054,20.000000,,27.500000,52.650002,82.966499,,9.980000,54.029999,177.655655,99.580002,49.740002,39.849998,24.730000,10.317893,72.476097,35.889999,,62.502396,22.510000,65.070000,31.229216,30.870001,32.750000,65.376251,25.750000,,,50.469509,43.870968,56.770000,27.362429,56.000000,37.230000,,42.000000,,45.169998,73.330002,,,27.530001,,30.813528,,30.514999,15.883333,55.040001,36.943348,
2005-05-25,1.410714,1077.000000,1.763500,46.128311,61.730000,46.360001,,46.650002,25.385000,10.037488,39.831039,19.840000,,27.475000,52.889999,82.984367,,9.950000,53.849998,177.320190,99.699997,49.799999,39.630001,24.530001,10.222525,72.103249,35.790001,,62.128475,22.434999,64.949997,31.229216,30.870001,32.700001,65.367889,25.680000,,,50.053902,44.758064,56.599998,27.220114,55.799999,37.080002,,41.959999,,45.419998,73.639999,,,27.450001,,31.074039,,30.400000,15.840000,55.060001,36.600792,,1.420714,1081.599976,1.762500,46.067039,61.450001,46.540001,,46.235001,25.230000,10.062480,40.151215,19.620001,,27.450001,53.320000,81.876717,,9.960000,53.505001,176.649246,97.250000,49.619999,39.369999,24.590000,10.363306,72.657745,35.910000,,62.320229,22.450001,64.849998,31.033449,30.889999,32.680000,64.431435,25.709999,,,49.900307,44.435486,57.000000,27.201139,55.730000,37.060001,,41.750000,,45.340000,73.080002,,,27.490000,,31.005484,,30.445000,15.766667,55.680000,36.864296,
2005-05-26,1.426429,1082.199951,1.764000,46.128311,62.049999,46.730000,,46.360001,25.299999,10.093721,40.250313,19.719999,,27.575001,53.630001,82.323349,,10.050000,53.500000,177.416031,98.050003,49.700001,39.520000,24.490000,10.363306,73.087952,36.040001,,62.559921,22.469999,65.099998,31.089382,31.000000,32.700001,65.050163,25.750000,,,49.918373,44.390682,57.009998,27.229603,55.740002,37.090000,,41.709999,,45.790001,72.190002,,,27.600000,,31.284279,,30.495001,15.816667,56.049999,36.943348,,1.455000,1114.199951,1.772500,46.285866,62.990002,46.709999,,47.215000,25.145000,10.009372,40.052113,19.900000,,27.485001,53.720001,82.180428,,10.030000,53.840000,177.032639,96.599998,49.400002,39.919998,24.440001,10.445050,73.747612,35.939999,,62.598274,22.445000,65.320000,31.355064,31.480000,32.759998,64.364548,25.900000,,,50.008724,44.480286,57.009998,27.419355,55.810001,37.130001,,41.860001,,45.840000,72.389999,,,27.950001,,31.384827,,30.469999,15.770000,56.220001,36.758892,
2005-05-27,1.451429,1124.000000,1.761000,46.285866,63.000000,46.549999,,47.200001,25.110001,9.975008,40.269371,19.750000,,27.504999,53.759998,82.180428,,10.090000,53.770000,176.936783,96.949997,49.720001,39.799999,24.549999,10.354223,73.718925,35.950001,,62.703739,22.445000,65.169998,31.261843,31.400000,32.849998,64.322739,25.830000,,,49.954514,44.453403,56.790001,27.277040,55.660000,37.150002,,41.860001,,45.490002,72.410004,,,27.879999,,31.430531,,30.424999,15.746667,56.400002,36.864296,,1.448571,1128.000000,1.775000,46.609726,63.020000,46.650002,,47.154999,25.030001,10.006248,40.993572,19.790001,,27.480000,54.580002,81.966042,,10.070000,53.974998,176.745087,95.500000,49.779999,39.970001,24.660000,10.340599,73.709366,35.799999,,62.080536,22.465000,65.400002,31.434301,31.260000,32.759998,64.364548,26.070000,,,50.099075,44.516129,56.599998,26.897533,55.759998,37.230000,,42.099998,,45.610001,72.389999,,,27.750000,,32.216637,,30.395000,15.756667,56.799999,36.442688,
2005-05-31,1.452143,1139.599976,1.768000,46.706009,63.009998,46.560001,,47.160000,25.080000,10.006248,40.993572,19.610001,,27.495001,54.830002,81.751663,,10.070000,54.000000,176.745087,94.900002,49.700001,39.799999,24.660000,10.240690,73.900574,35.830002,,62.032597,22.385000,65.400002,31.410997,31.160000,32.660000,64.389633,25.990000,,,50.189426,44.023296,56.500000,26.679317,55.419998,37.200001,,41.750000,,45.259998,71.949997,,,27.600000,,32.129799,,30.360001,15.816667,57.000000,36.258236,,1.420000,1111.000000,1.775500,47.134907,63.900002,46.320000,,47.055000,24.985001,10.059356,41.104111,19.400000,,27.424999,53.779999,80.911995,,9.980000,53.990002,174.828110,97.500000,49.700001,39.349998,24.719999,10.222525,72.227531,35.750000,,61.677853,22.315001,64.889999,31.480913,30.940001,32.439999,64.088631,25.799999,,,50.343021,43.754478,56.259998,26.470589,55.150002,36.740002,,41.250000,,45.000000,71.709999,,,27.639999,,31.361975,,30.205000,15.743333,56.200001,35.757576,
2005-06-01,1.424643,1116.000000,1.778500,46.959846,63.950001,45.970001,,46.974998,24.995001,9.996876,41.393787,19.400000,,27.375000,54.169998,81.233566,,10.040000,53.895000,174.828110,97.400002,49.369999,39.200001,24.670000,10.195277,72.246651,35.560001,,61.658676,22.270000,64.720001,31.336420,30.840000,32.450001,64.197327,25.730000,,,50.352055,43.844086,56.150002,26.499050,55.009998,36.680000,,40.990002,,44.500000,71.949997,,,27.559999,,31.649908,,30.275000,15.750000,56.450001,35.599472,,1.439286,1122.000000,1.825000,47.336224,63.799999,46.290001,,47.735001,25.125000,9.862543,41.984585,19.639999,,27.540001,54.750000,82.251892,,9.920000,54.185001,176.984711,98.639999,49.910000,39.939999,24.910000,10.299728,73.460800,35.759998,,62.492809,22.295000,64.860001,31.602100,31.020000,32.779999,64.381271,25.809999,,,50.017761,44.005375,56.820000,26.726755,56.119999,37.060001,,41.599998,,45.130001,72.080002,,,27.790001,,32.586838,,30.750000,15.973333,57.150002,36.100132,
2005-06-02,1.430357,1126.000000,1.816500,47.178669,63.799999,46.230000,,47.744999,25.000000,9.950016,42.232338,19.570000,,28.000000,54.740002,81.376488,,10.000000,54.189999,176.553391,98.000000,49.619999,39.910000,24.750000,10.231608,73.374763,35.250000,,62.588688,22.230000,65.089996,31.564812,30.889999,32.799999,64.389633,25.709999,,,50.053902,43.960571,56.900002,26.755219,55.849998,37.200001,,41.380001,,44.290001,72.650002,,,27.750000,,32.312614,,30.860001,15.946667,56.950001,35.625824,,1.430000,1117.800049,1.820500,47.485023,64.379997,46.180000,,47.590000,24.805000,9.971884,41.874050,19.879999,,28.625000,54.970001,81.251434,,10.270000,54.400002,176.840942,97.669998,50.020000,40.340000,24.750000,10.299728,73.948372,35.740002,,61.668266,22.389999,65.180000,32.538979,31.120001,32.740002,64.021736,25.790001,,,50.261703,44.381721,56.900002,26.755219,55.970001,36.910000,,41.869999,,44.860001,72.570000,,,28.040001,,32.330894,,30.764999,16.073334,57.320000,35.968380,
2005-06-03,1.362857,1116.000000,1.823000,47.493778,64.160004,45.820000,,47.525002,24.680000,9.993752,41.759701,19.719999,,28.740000,54.770000,80.804802,,10.250000,54.060001,176.361694,97.550003,49.750000,40.340000,24.900000,10.240690,73.671127,35.619999,,61.668266,22.309999,65.180000,32.538979,31.040001,32.740002,64.038460,25.700001,,,50.261703,44.068100,56.820000,26.660341,55.650002,36.910000,,41.750000,,44.630001,72.300003,,,27.920000,,32.440586,,30.790001,16.033333,57.200001,35.757576,,1.365714,1101.800049,1.779500,47.423756,64.660004,45.779999,,46.985001,24.545000,9.925023,41.935036,19.400000,,28.635000,55.060001,80.929855,,9.900000,54.130001,175.882446,97.300003,49.599998,39.720001,24.740000,10.317893,72.456978,35.549999,,61.764141,22.115000,65.059998,32.408466,30.510000,32.369999,63.545151,25.430000,,,50.225567,44.050179,56.009998,26.527514,55.270000,36.700001,,41.730000,,44.099998,71.849998,,,27.980000,,32.838207,,30.674999,15.783333,57.150002,35.731224,
2005-06-06,1.368929,1104.000000,1.777000,47.467518,64.879997,45.740002,,47.080002,24.459999,9.893783,42.308571,19.370001,,28.950001,55.209999,80.947723,,9.910000,54.049999,175.642838,96.750000,49.950001,39.720001,24.910000,10.322434,72.466537,35.470001,,61.831257,22.004999,64.949997,32.371178,30.410000,32.270000,63.428093,25.379999,,,50.225567,43.879929,56.009998,26.593927,55.180000,36.599998,,41.849998,,44.439999,72.099998,,,27.889999,,32.957039,,30.635000,15.783333,57.299999,35.467720,,1.354286,1097.000000,1.788500,47.388741,65.550003,45.900002,,47.075001,24.480000,9.943768,42.072250,19.379999,,29.030001,54.849998,80.447495,,9.960000,54.755001,175.451126,98.419998,50.080002,39.950001,25.000000,10.254314,71.701721,35.509998,,62.281879,21.985001,64.889999,32.305923,30.410000,32.250000,63.678928,25.370001,,,50.361092,44.130825,55.770000,26.574953,55.310001,36.970001,,41.849998,,44.410000,72.099998,,,27.750000,,33.167274,,30.719999,15.910000,57.599998,35.335968,
2005-06-07,1.342857,1095.800049,1.795500,47.327473,65.580002,45.970001,,47.110001,24.450001,9.918775,42.262829,19.389999,,29.030001,55.130001,80.590416,,9.960000,55.000000,176.217926,99.199997,50.369999,40.080002,24.690001,10.231608,71.701721,35.520000,,62.416107,22.014999,65.000000,32.310585,30.350000,32.220001,63.963211,25.330000,,,50.406265,44.220428,56.000000,26.660341,55.540001,37.040001,,42.000000,,44.490002,72.000000,,,28.000000,,33.117001,,30.844999,15.983333,57.619999,35.046112,,1.305000,1104.599976,1.767500,47.852650,65.279999,45.860001,,47.264999,24.834999,9.915651,41.652977,19.410000,,29.139999,54.779999,81.465820,,10.060000,54.930000,176.553391,98.400002,50.369999,40.000000,24.650000,10.222525,71.739960,35.480000,,62.627037,22.055000,64.779999,32.259312,29.570000,32.080002,63.829430,25.510000,,,50.198460,44.301075,55.900002,26.527514,55.450001,36.680000,,42.490002,,44.619999,72.260002,,,27.280001,,32.458866,,30.684999,15.920000,57.450001,35.098812,
2005-06-08,1.308214,1103.000000,1.770000,48.053970,65.070000,46.000000,,47.840000,24.825001,9.940644,41.614861,19.520000,,29.379999,54.869999,82.126831,,10.140000,55.009998,177.224335,99.099998,50.369999,40.000000,24.860001,10.263397,71.739960,35.549999,,62.396931,22.065001,64.849998,32.263973,29.570000,32.049999,64.314384,25.549999,,,50.162319,44.426521,55.919998,26.660341,55.849998,36.790001,,42.590000,,44.590000,72.150002,,,27.879999,,32.303474,,30.840000,15.960000,57.360001,36.047432,,1.318571,1099.000000,1.741500,47.747616,64.470001,45.910000,,48.290001,24.900000,9.884411,41.546253,19.410000,,28.889999,54.830002,81.340759,,10.090000,54.775002,176.361694,98.349998,50.000000,39.669998,24.850000,10.186194,71.510513,35.669998,,62.224354,21.950001,64.680000,32.072868,29.230000,31.830000,64.013374,25.400000,,,50.035831,44.211472,55.480000,26.233397,55.310001,36.380001,,42.430000,,44.299999,71.879997,,,27.900000,,32.582268,,30.750000,15.856667,56.730000,36.469036,
2005-06-09,1.321429,1099.199951,1.746500,47.616322,64.480003,45.830002,,48.474998,24.825001,9.871915,41.774948,19.240000,,28.889999,55.049999,81.876717,,10.090000,54.810001,176.122070,99.199997,49.700001,39.520000,24.660000,10.168029,71.300194,35.520000,,62.253117,21.850000,64.870003,32.044903,29.230000,31.830000,64.013374,25.400000,,,50.035831,44.041218,55.330002,26.157495,55.299999,36.389999,,42.279999,,43.599998,71.370003,,,28.049999,,32.678246,,30.750000,15.850000,57.000000,36.310936,,1.344643,1111.000000,1.760000,47.870155,65.110001,46.090000,,48.724998,24.850000,9.950016,42.887932,19.469999,,29.040001,56.009998,80.751205,,10.020000,55.064999,176.313766,99.949997,50.250000,39.599998,24.650000,10.336058,71.634796,35.500000,,62.099712,21.825001,65.199997,32.459740,28.980000,31.860001,63.695652,25.510000,,,50.939331,44.256271,55.500000,26.119545,55.200001,36.669998,,42.580002,,43.849998,71.370003,,,28.030001,,33.706581,,30.665001,15.940000,58.439999,36.258236,
2005-06-10,1.335714,1115.599976,1.762500,47.843899,65.050003,46.090000,,48.924999,24.900000,9.940644,42.621120,19.459999,,29.170000,56.009998,81.144241,,10.030000,54.950001,176.265854,100.129997,49.650002,39.580002,24.629999,10.435967,71.462715,35.599998,,62.301056,21.865000,65.000000,32.431774,29.100000,31.830000,63.996655,25.490000,,,50.876083,43.924732,55.419998,26.299810,55.400002,36.650002,,42.060001,,43.590000,71.379997,,,27.969999,,33.592323,,30.725000,15.933333,58.200001,36.337288,,1.278929,1101.800049,1.747500,47.887665,64.650002,46.000000,,48.509998,24.879999,9.912527,42.643990,19.240000,,29.030001,56.299999,81.126373,,10.330000,55.625000,175.546982,99.050003,49.130001,39.500000,24.709999,10.672116,71.481834,35.430000,,62.109299,21.975000,65.150002,31.979649,29.530001,31.799999,63.369564,25.430000,,,51.147137,43.557346,55.520000,26.261860,54.750000,36.529999,,41.820000,,43.340000,71.169998,,,27.379999,,33.861973,,30.655001,15.993333,58.380001,36.627140,
2005-06-13,1.281786,1102.000000,1.733500,47.660084,65.050003,45.790001,,48.525002,24.850000,9.931271,42.461033,19.190001,,29.030001,56.299999,81.019180,,10.250000,55.400002,175.499054,98.779999,49.000000,39.270000,24.570000,10.581290,71.223709,35.290001,,62.080536,21.799999,65.010002,31.811850,29.090000,31.830000,63.511707,25.360001,,,51.156170,43.324371,55.480000,26.195446,54.410000,36.410000,,41.369999,,43.500000,71.440002,,,27.230000,,33.592323,,30.590000,16.000000,58.250000,36.442688,,1.282143,1110.000000,1.743500,48.106487,64.629997,45.919998,,48.790001,24.844999,9.893783,42.689728,19.299999,,28.850000,56.009998,81.858856,,10.520000,55.125000,175.163589,99.260002,49.250000,39.759998,24.639999,10.849228,71.749519,35.500000,,62.051773,21.795000,64.580002,31.788544,29.110001,31.450001,63.620399,25.309999,,,51.291695,43.530464,55.570000,26.461102,54.310001,36.560001,,41.430000,,43.759998,71.379997,,,27.350000,,33.665447,,30.549999,16.093332,58.450001,37.602108,
2005-06-14,1.282857,1110.000000,1.741000,47.922676,64.680000,45.840000,,48.799999,24.775000,9.890659,42.918423,19.309999,,28.850000,56.000000,81.912453,,10.690000,55.000000,174.923965,99.650002,48.880001,39.610001,24.740000,10.799273,71.749519,35.450001,,61.955894,21.795000,64.500000,31.793205,29.150000,31.379999,64.055183,25.309999,,,51.237484,43.387096,55.340000,26.461102,54.299999,36.560001,,41.259998,,43.349998,71.000000,,,27.299999,,33.775139,,30.500000,16.139999,58.250000,37.549408,,1.285714,1111.400024,1.752000,48.141499,62.930000,45.970001,,49.285000,24.825001,9.940644,43.109001,19.180000,,29.139999,56.130001,82.966499,,10.820000,55.174999,174.492645,98.300003,49.169998,40.029999,24.950001,10.831063,71.596558,35.599998,,62.291466,21.865000,64.459999,32.138126,29.299999,31.799999,64.096992,25.360001,,,50.903191,43.413979,55.549999,26.935484,54.389999,36.389999,,41.119999,,43.389999,71.410004,,,27.020000,,33.999084,,30.575001,16.559999,58.549999,37.364956,
2005-06-15,1.316786,1115.000000,1.767000,48.194019,63.400002,46.150002,,49.290001,24.875000,9.950016,43.375813,19.350000,,29.400000,56.240002,83.323807,,10.990000,55.174999,174.684341,98.599998,48.619999,40.320000,24.950001,10.785649,72.370934,35.740002,,62.310642,21.924999,64.480003,32.161430,29.299999,31.840000,64.297661,25.400000,,,50.912224,43.216846,55.500000,27.020872,54.439999,36.389999,,41.349998,,43.389999,71.650002,,,27.020000,,34.117916,,30.605000,16.670000,58.939999,37.628456,,1.326071,1108.199951,1.762000,48.132748,64.410004,46.599998,,49.290001,24.770000,9.909403,43.703609,19.320000,,29.230000,56.840000,84.002693,,11.160000,55.750000,174.061325,99.190002,48.790001,40.029999,24.969999,10.844687,72.944550,35.709999,,62.435284,21.820000,64.230003,32.035580,28.950001,31.500000,63.653847,25.260000,,,50.984505,43.288528,55.799999,26.973434,54.400002,35.919998,,41.150002,,43.270000,71.720001,,,27.139999,,34.707497,,30.674999,16.616667,59.250000,37.944664,
2005-06-16,1.328214,1108.000000,1.760000,48.115242,64.250000,46.580002,,49.450001,24.725000,9.915651,43.833202,19.320000,,29.309999,57.029999,84.306404,,11.310000,55.549999,173.821701,100.000000,48.919998,39.910000,24.969999,10.762943,73.040154,35.660000,,62.435284,21.850000,64.300003,32.058887,29.010000,31.500000,63.653847,25.219999,,,50.948364,43.055557,55.599998,26.726755,54.180000,35.950001,,41.459999,,43.049999,72.000000,,,26.959999,,34.661793,,30.660000,16.566668,59.250000,37.786560,,1.356429,1104.599976,1.779000,48.071476,63.689999,46.430000,,49.154999,24.450001,9.843799,44.671749,19.530001,,29.410000,57.919998,85.431915,,11.370000,55.615002,173.054916,102.650002,48.980000,40.200001,25.080000,10.853769,73.661568,35.900002,,62.301056,21.889999,64.180000,32.156769,29.129999,31.360001,64.105354,25.040001,,,50.921261,43.001793,56.040001,27.134726,54.250000,36.029999,,41.590000,,41.169998,71.940002,,,27.219999,,35.050274,,30.725000,16.450001,60.119999,37.997364,
2005-06-17,1.373929,1116.000000,1.794500,48.404091,64.150002,46.880001,,49.500000,24.500000,9.925023,46.120152,19.760000,,29.610001,58.750000,85.753494,,11.370000,56.000000,174.588501,102.750000,49.430000,40.549999,25.250000,10.935513,74.282982,36.189999,,62.991371,22.075001,64.400002,32.231346,29.400000,31.379999,64.941475,25.270000,,,51.183273,43.145161,56.689999,27.409866,54.799999,36.849998,,42.419998,,41.900002,72.449997,,,27.430000,,36.435101,,31.020000,16.583332,60.790001,38.471672,,1.368214,1111.000000,1.765500,47.992699,64.620003,46.639999,,50.099998,24.665001,9.862543,46.257370,19.530001,,29.540001,58.970001,84.145615,,11.280000,56.020000,174.923965,103.800003,49.029999,40.200001,25.320000,10.858311,73.030594,36.080002,,62.569511,22.025000,64.660004,32.287277,29.000000,31.420000,64.314384,25.040001,,,50.957401,43.360214,55.759998,27.305504,54.419998,36.259998,,42.619999,,42.419998,72.820000,,,27.320000,,36.540218,,30.795000,16.309999,60.889999,37.496704,
2005-06-20,1.351786,1111.000000,1.752500,47.896416,63.900002,46.419998,,50.000000,24.924999,9.934396,46.348846,19.430000,,29.379999,58.980000,83.538193,,11.300000,55.625000,174.061325,103.250000,48.959999,40.000000,25.100000,10.776567,72.686424,35.900002,,62.540749,21.900000,64.639999,32.161430,28.850000,31.459999,64.799332,24.980000,,,50.957401,42.849461,55.540001,27.134726,54.209999,35.919998,,41.889999,,42.270000,72.290001,,,27.139999,,37.084095,,30.750000,16.186666,61.099998,37.285904,,1.343214,1113.599976,1.784500,47.808887,63.669998,46.709999,,50.400002,25.370001,10.015620,45.830471,19.600000,,29.219999,59.340000,82.376945,,11.110000,56.250000,173.869629,103.250000,49.189999,39.950001,25.010000,10.831063,73.183556,36.049999,,62.224354,21.955000,64.739998,32.319908,29.059999,32.029999,64.540131,25.110001,,,50.713455,42.876343,56.000000,27.286528,54.250000,35.970001,,42.029999,,42.049999,72.010002,,,27.639999,,36.997257,,30.830000,16.286667,60.849998,37.154148,
2005-06-21,1.347143,1115.000000,1.780000,47.747616,63.400002,46.709999,,50.599998,25.325001,9.959388,45.738995,19.629999,,29.150000,59.090000,82.394814,,11.170000,56.099998,174.109253,103.000000,49.700001,39.849998,25.100000,10.826521,73.326958,36.049999,,62.272289,21.900000,64.750000,32.273296,28.959999,31.900000,64.715721,25.080000,,,50.659245,43.234768,55.750000,27.201139,54.060001,35.820000,,41.869999,,42.180000,72.320000,,,27.600000,,36.745888,,30.830000,16.333332,60.400002,36.890648,,1.352143,1125.800049,1.769000,47.922676,62.779999,47.080002,,51.099998,25.420000,10.071853,44.389694,19.770000,,29.080000,58.779999,80.786934,,11.170000,55.730000,173.246613,102.639999,50.000000,39.680000,25.139999,11.176203,73.049713,36.040001,,61.783318,21.840000,64.860001,32.068211,29.040001,31.879999,64.540131,25.150000,,,50.361092,43.548386,55.869999,27.144213,54.330002,35.619999,,42.279999,,42.389999,72.440002,,,28.000000,,36.124313,,30.745001,16.176666,59.509998,36.732544,
2005-06-22,1.366429,1131.000000,1.775000,48.123993,62.400002,47.060001,,51.000000,25.625000,10.118713,44.488792,19.809999,,29.180000,58.950001,81.251434,,10.900000,55.855000,173.486237,102.669998,50.000000,39.970001,25.100000,11.162579,73.451241,36.200001,,62.023010,21.840000,64.830002,32.566944,29.260000,31.879999,65.091972,25.110001,,,50.478546,43.216846,55.990002,27.277040,54.330002,35.799999,,43.520000,,42.220001,72.959999,,,28.000000,,36.421391,,30.900000,16.233334,59.849998,37.075100,,1.376786,1119.000000,1.761000,47.948933,63.130001,47.070000,,50.285000,25.600000,9.981256,44.526909,19.799999,,29.200001,58.270000,81.054916,,10.680000,55.529999,171.185867,102.470001,49.799999,39.700001,25.100000,11.126249,73.833649,36.259998,,61.639500,21.715000,64.820000,32.175411,29.020000,31.980000,65.117058,25.070000,,,50.568893,43.234768,55.220001,27.314991,54.439999,36.080002,,43.419998,,42.060001,72.510002,,,28.340000,,36.773308,,30.855000,16.263332,59.669998,36.943348,
2005-06-23,1.386786,1118.000000,1.757000,47.861404,63.139999,47.000000,,50.000000,25.700001,10.031240,44.923313,19.940001,,29.200001,57.849998,81.698067,,10.600000,55.654999,170.131531,102.300003,49.549999,39.740002,25.000000,11.103542,73.432121,36.419998,,61.744965,21.674999,64.790001,32.175411,28.950001,31.860001,65.392975,25.170000,,,50.596001,43.127239,55.099998,27.314991,54.279999,36.080002,,42.779999,,41.220001,72.750000,,,28.420000,,36.700184,,30.840000,16.263332,59.650002,36.996048,,1.388929,1104.000000,1.771500,46.986103,61.860001,46.599998,,49.235001,25.674999,9.790690,44.221985,19.780001,,28.959999,57.330002,79.375572,,10.400000,55.244999,166.105881,102.019997,49.150002,39.139999,24.670000,11.076294,72.093689,35.930000,,60.882072,21.535000,64.260002,31.793205,28.570000,31.879999,63.436455,25.309999,,,49.990654,42.786739,54.869999,27.419355,53.660000,35.430000,,42.740002,,41.340000,71.750000,,,28.219999,,36.211151,,30.504999,15.960000,59.020000,37.048748,
2005-06-24,1.396071,1105.000000,1.765000,47.047375,61.599998,46.549999,,49.235001,25.700001,9.793814,44.671749,19.660000,,28.900000,57.480000,78.928940,,10.350000,55.250000,166.537201,102.160004,49.290001,39.000000,24.770000,11.012716,71.864243,35.900002,,60.575264,21.465000,64.199997,31.695322,28.570000,31.639999,63.336121,25.219999,,,49.873199,42.867386,54.680000,27.371918,53.500000,35.400002,,42.570000,,41.320000,72.160004,,,28.299999,,36.558502,,30.415001,15.940000,59.119999,36.943348,,1.348571,1090.800049,1.751000,46.924831,60.590000,46.750000,,48.430000,25.299999,9.684474,44.374447,19.299999,,28.700001,56.689999,78.017815,,10.210000,54.730000,166.680969,103.669998,49.250000,38.240002,24.559999,10.808356,70.755257,35.570000,,60.220516,21.100000,63.509998,31.639391,28.280001,31.389999,63.110367,25.040001,,,49.484695,43.028675,54.270000,27.058825,52.820000,35.049999,,42.450001,,41.119999,71.699997,,,28.010000,,36.366547,,30.360001,15.790000,58.150002,36.653492,
2005-06-27,1.315714,1098.000000,1.745500,47.047375,60.349998,46.750000,,48.430000,25.344999,9.700094,44.900444,19.299999,,28.700001,56.869999,78.964676,,10.170000,54.730000,166.393433,103.000000,48.830002,38.349998,24.559999,10.762943,70.755257,35.580002,,60.124641,21.125000,63.400002,31.527525,28.200001,31.299999,63.277592,25.070000,,,49.322063,43.010754,54.110001,26.916510,52.790001,35.000000,,42.410000,,41.009998,71.220001,,,27.990000,,36.860146,,30.334999,15.790000,58.330002,36.442688,,1.325000,1100.599976,1.725000,46.714760,61.759998,46.400002,,48.459999,25.075001,9.731334,45.373081,19.030001,,28.580000,57.250000,78.392982,,10.120000,55.009998,165.866257,103.199997,48.849998,38.470001,24.500000,10.676658,70.630974,35.590000,,60.028763,21.165001,63.500000,31.569473,28.160000,31.490000,63.369564,25.049999,,,49.331100,42.697132,54.279999,26.641365,52.669998,34.599998,,42.330002,,40.880001,71.050003,,,27.530001,,36.997257,,30.299999,15.840000,59.299999,36.969696,
2005-06-28,1.338929,1107.000000,1.730000,46.828548,62.099998,46.650002,,48.625000,25.160000,9.790690,45.426445,19.160000,,28.750000,57.480000,78.678825,,10.120000,55.125000,166.968521,103.500000,48.549999,38.700001,24.680000,10.740236,70.583176,35.770000,,60.210930,21.344999,63.500000,31.662695,28.160000,31.570000,63.795986,25.090000,,,49.692501,42.329750,54.150002,26.660341,52.779999,34.740002,,42.310001,,40.689999,71.000000,,,27.730000,,36.855576,,30.379999,15.900000,59.349998,37.022400,,1.332500,1103.400024,1.685500,47.266201,62.450001,46.669998,,48.900002,25.315001,9.746954,44.290592,19.160000,,29.400000,57.000000,79.697151,,10.400000,55.625000,168.454178,103.959999,48.869999,39.310001,24.700001,10.744777,71.988525,35.919998,,60.623203,21.434999,64.419998,31.905071,28.240000,31.920000,64.464882,25.070000,,,50.297844,42.374554,54.830002,26.470589,53.330002,35.040001,,42.750000,,41.040001,71.400002,,,28.260000,,35.895794,,30.670000,16.143333,59.090000,36.890648,
2005-06-29,1.329643,1151.400024,1.685000,47.134907,62.450001,46.750000,,48.900002,25.285000,9.728210,44.328709,19.290001,,29.330000,57.000000,79.715019,,10.440000,55.424999,168.597946,104.209999,48.650002,39.250000,24.709999,10.785649,71.950287,35.980000,,60.690315,21.430000,64.300003,31.909733,28.299999,31.900000,64.439796,25.219999,,,50.370125,42.544804,54.959999,26.565466,53.330002,36.000000,,43.450001,,41.349998,71.419998,,,28.240000,,35.712978,,30.955000,16.200001,58.810001,36.890648,,1.298929,1169.599976,1.667500,46.837303,61.669998,46.910000,,48.320000,25.434999,9.612621,44.039028,19.360001,,29.410000,56.759998,80.751205,,10.410000,54.985001,167.735306,102.790001,48.799999,38.799999,24.750000,10.930972,71.443596,35.959999,,60.776608,21.350000,64.150002,31.853800,27.910000,31.709999,63.578594,25.090000,,,50.352055,42.571686,54.430000,26.413662,53.470001,36.599998,,43.290001,,41.349998,71.550003,,,28.219999,,36.069469,,30.969999,16.180000,58.439999,37.364956,
2005-06-30,1.307500,1173.000000,1.673500,47.520039,65.500000,46.500000,,48.150002,25.450001,9.600125,44.046650,19.440001,,29.350000,56.650002,80.947723,,10.420000,55.099998,167.735306,103.279999,48.770000,39.900002,24.799999,10.817439,71.510513,35.709999,,60.776608,21.280001,64.300003,31.891088,28.049999,31.709999,61.872910,25.059999,,,49.818989,42.679211,54.119999,26.195446,53.099998,36.900002,,43.650002,,41.139999,71.800003,,,28.150000,,36.220291,,31.000000,16.113333,58.439999,37.417656,,1.314643,1162.000000,1.654500,46.592220,66.000000,45.610001,,47.654999,24.955000,9.581381,43.825581,19.080000,,29.070000,55.919998,79.554230,,10.240000,54.770000,166.057953,102.019997,48.509998,38.900002,24.610001,10.676658,70.936905,35.320000,,60.009586,20.875000,64.870003,31.797867,27.750000,31.809999,60.451504,24.840000,,,49.918373,42.508961,53.930000,26.166983,52.750000,36.599998,,43.299999,,40.990002,71.489998,,,28.070000,,36.156307,,30.790001,16.066668,57.470001,36.337288,
2005-07-01,1.315357,1169.000000,1.662000,46.793537,65.779999,45.610001,,47.875000,25.070000,9.731334,44.443054,19.129999,,29.049999,56.349998,80.250977,,10.220000,54.900002,167.016449,102.169998,48.650002,39.180000,24.750000,10.831063,71.032501,35.220001,,60.306808,20.980000,64.870003,31.797867,27.809999,31.809999,60.459866,24.850000,,,49.954514,42.607529,53.000000,25.474382,53.000000,36.700001,,43.480000,,41.389999,72.040001,,,28.049999,,36.499084,,30.900000,16.083332,57.750000,36.548092,,1.303571,1172.199951,1.645500,46.863564,64.680000,44.980000,,47.965000,25.025000,9.512652,45.052910,18.990000,,29.049999,56.970001,79.840073,,10.310000,54.974998,166.489273,102.709999,48.240002,39.490002,24.700001,10.663034,71.386230,35.060001,,60.527325,21.105000,64.550003,32.016937,27.940001,31.959999,61.036789,24.709999,,,49.981621,42.419353,53.509998,25.711575,52.900002,36.820000,,43.310001,,41.250000,72.150002,,,28.030001,,37.125229,,30.635000,16.093332,58.310001,35.994732,
2005-07-05,1.305357,1175.000000,1.675000,46.916080,64.300003,45.099998,,47.924999,24.950001,9.518900,45.777107,18.770000,,28.950001,57.299999,79.840073,,10.320000,54.650002,165.962112,102.250000,47.730000,39.570000,24.469999,10.490463,71.108986,35.000000,,60.536915,21.230000,64.599998,31.919054,27.820000,31.860001,61.070232,24.660000,,,49.891270,42.114697,53.400002,25.635674,52.400002,36.419998,,42.259998,,40.849998,72.629997,,,28.200001,,37.682816,,30.584999,16.466667,58.560001,35.994732,,1.356429,1189.800049,1.704000,47.222435,65.419998,45.110001,,48.084999,25.184999,9.515776,46.684265,18.820000,,29.889999,58.560001,79.750748,,10.400000,55.314999,166.393433,103.180000,48.049999,40.080002,24.600000,10.767484,71.500954,34.970001,,60.527325,21.200001,63.980000,32.208042,27.969999,31.809999,61.555183,24.980000,,,49.719604,42.267025,53.549999,25.664137,52.750000,37.680000,,42.500000,,41.119999,72.910004,,,28.940001,,38.829983,,30.600000,16.600000,60.139999,36.495388,
2005-07-06,1.346786,1191.000000,1.700500,47.047375,65.500000,45.150002,,47.799999,25.125000,9.475164,46.928207,18.840000,,29.980000,58.799999,79.732880,,10.410000,55.150002,165.578705,103.029999,48.180000,40.040001,24.559999,10.808356,71.510513,35.000000,,60.661552,21.120001,63.980000,32.170753,27.969999,31.850000,61.563545,24.969999,,,49.674431,42.204300,53.349998,25.683111,52.680000,37.650002,,42.470001,,41.259998,73.529999,,,28.980000,,38.829983,,30.540001,16.639999,60.500000,36.442688,,1.335357,1182.800049,1.703000,46.618477,64.290001,44.700001,,47.650002,24.775000,9.397063,45.723747,18.820000,,29.469999,57.160000,79.643555,,10.350000,54.549999,164.476456,103.550003,48.029999,39.270000,24.209999,10.881017,72.476097,34.599998,,59.098755,20.975000,63.000000,32.082191,27.700001,31.740000,60.894650,24.700001,,,49.285927,42.043011,52.580002,25.398481,52.500000,37.200001,,42.380001,,41.119999,73.430000,,,29.200001,,38.162704,,30.420000,16.459999,59.110001,35.836628,
2005-07-07,1.314643,1179.599976,1.690000,46.084545,63.980000,44.650002,,47.654999,24.750000,9.353327,45.205372,18.580000,,29.250000,56.689999,78.607368,,10.160000,54.099998,163.805511,102.349998,47.020000,38.990002,24.100000,10.717530,71.845123,34.599998,,58.600193,20.770000,63.000000,31.690660,27.540001,31.740000,60.200668,24.580000,,,49.159435,41.890682,52.160000,25.047438,52.200001,36.650002,,41.419998,,40.369999,73.379997,,,28.850000,,37.330894,,30.350000,16.350000,58.650002,35.441368,,1.343929,1185.400024,1.698000,46.802292,65.180000,44.680000,,48.674999,24.995001,9.400187,46.204006,18.840000,,29.389999,57.799999,79.625687,,10.270000,54.250000,163.805511,104.099998,48.220001,39.360001,24.350000,10.967302,73.977058,34.459999,,58.676895,20.879999,62.840000,31.970325,28.000000,31.290001,61.714046,24.650000,,,49.511799,42.096775,52.779999,25.379507,52.160000,37.220001,,41.820000,,41.220001,73.190002,,,29.400000,,38.962524,,30.320000,16.503332,59.520000,35.467720,
2005-07-08,1.352500,1190.000000,1.705500,46.828548,65.070000,44.750000,,48.875000,25.059999,9.397063,46.501308,18.900000,,29.520000,58.009998,79.947266,,10.320000,54.224998,164.763992,104.099998,47.700001,39.500000,24.200001,10.853769,73.977058,34.610001,,58.676895,20.975000,62.810001,31.961004,28.000000,31.340000,61.789299,24.639999,,,49.466625,42.123657,52.700001,25.426945,52.169998,37.160000,,41.740002,,41.029999,73.239998,,,29.400000,,39.031078,,30.315001,16.459999,59.680000,35.599472,,1.366071,1201.000000,1.737000,47.204929,65.070000,45.150002,,49.349998,25.230000,9.581381,45.921947,19.309999,,30.260000,57.360001,81.733795,,10.420000,54.520000,167.687378,105.650002,48.240002,40.080002,24.400000,11.026340,75.812622,34.810001,,58.763184,21.365000,62.500000,32.389824,28.650000,31.469999,62.709030,25.090000,,,49.656361,42.446236,53.529999,25.749525,52.959999,37.320000,,42.470001,,41.759998,73.589996,,,29.750000,,38.651737,,30.635000,16.633333,59.400002,36.152832,
2005-07-11,1.370357,1201.400024,1.736000,47.344978,65.250000,45.279999,,49.715000,25.299999,9.506404,45.395950,19.290001,,30.219999,57.360001,82.359085,,10.550000,54.865002,168.645874,105.660004,48.029999,39.799999,24.570000,11.058129,75.908218,34.810001,,59.108341,21.350000,62.099998,32.417789,28.879999,31.480000,63.035118,25.150000,,,50.370125,42.320789,54.150002,25.825426,53.790001,37.250000,,42.820000,,41.490002,73.589996,,,29.900000,,37.522854,,30.684999,16.616667,59.389999,36.837944,,1.360714,1210.400024,1.779500,47.239941,64.970001,45.169998,,49.985001,25.209999,9.631365,46.432701,19.540001,,30.740000,57.299999,82.877174,,10.710000,54.750000,168.262482,107.309998,48.380001,40.299999,24.700001,10.958220,75.487572,34.959999,,59.367210,21.385000,61.770000,32.869915,28.969999,31.440001,63.653847,25.290001,,,49.963551,42.535843,53.849998,25.730551,53.900002,38.259998,,43.270000,,41.779999,73.839996,,,30.650000,,38.665447,,30.865000,16.600000,59.970001,36.363636,
2005-07-12,1.365357,1203.000000,1.774500,47.309963,64.959999,45.169998,,49.985001,25.150000,9.615745,46.653774,19.469999,,30.690001,57.480000,82.627060,,10.590000,54.750000,167.974930,107.000000,48.450001,40.549999,24.930000,10.967302,75.717018,34.959999,,59.443913,21.469999,62.150002,32.869915,29.219999,31.400000,63.662209,25.240000,,,49.963551,42.715054,54.900002,25.702087,54.220001,38.279999,,43.669998,,41.810001,74.430000,,,30.500000,,38.839123,,30.850000,16.553333,59.970001,36.179184,,1.365714,1210.199951,1.815500,47.117397,64.300003,45.310001,,49.480000,25.415001,9.640737,46.935829,19.780001,,30.910000,57.509998,83.270210,,10.780000,54.810001,168.214554,107.239998,48.189999,41.299999,24.969999,10.949137,76.520073,35.250000,,59.319271,21.410000,61.880001,32.758049,29.160000,31.500000,62.600334,25.610001,,,49.764778,42.786739,54.599998,25.683111,53.939999,38.070000,,43.950001,,41.950001,74.599998,,,30.590000,,38.930531,,30.775000,16.696667,59.889999,35.836628,
2005-07-13,1.367500,1210.000000,1.813500,46.933586,64.300003,45.740002,,49.480000,25.465000,9.575133,47.149281,19.730000,,30.870001,57.529999,83.538193,,10.710000,54.810001,168.214554,107.320000,48.240002,41.209999,24.870001,10.921889,77.590820,35.250000,,59.395973,21.325001,61.599998,32.818642,29.170000,31.500000,62.792641,25.530001,,,49.873199,42.724014,54.599998,25.616697,53.959999,38.250000,,43.320000,,42.000000,74.180000,,,30.500000,,38.930531,,30.775000,16.650000,59.889999,35.573124,,1.369643,1211.800049,1.825500,47.204929,64.580002,45.750000,,49.919998,25.594999,9.606373,46.882469,19.969999,,30.850000,57.470001,82.877174,,10.690000,55.509998,168.597946,108.000000,48.610001,40.980000,25.010000,11.089918,77.868073,35.490002,,59.501438,21.465000,61.480000,32.813980,29.590000,31.520000,62.809364,25.660000,,,49.963551,42.293907,54.869999,25.834915,54.580002,38.950001,,43.400002,,42.090000,74.080002,,,30.629999,,38.633453,,30.865000,16.713333,59.759998,35.625824,
2005-07-14,1.456786,1216.000000,1.859500,47.266201,64.949997,45.799999,,50.200001,25.594999,9.662605,46.897717,19.980000,,30.830000,57.470001,83.073692,,10.750000,55.994999,169.604355,108.949997,48.599998,40.970001,25.100000,11.207993,78.393883,35.650002,,59.875359,21.495001,62.150002,32.417789,29.610001,31.690001,62.809364,25.790001,,,49.918373,43.413979,55.279999,25.958254,54.959999,38.959999,,44.040001,,42.389999,74.589996,,,30.850000,,38.711151,,30.950001,16.773333,59.889999,35.704876,,1.455357,1213.000000,1.859500,47.336224,64.580002,45.810001,,51.000000,25.629999,9.562637,45.388329,19.940001,,30.549999,56.820000,84.592247,,10.890000,56.000000,170.754547,108.550003,48.500000,41.040001,25.049999,11.180745,78.795410,35.689999,,60.105465,21.590000,61.650002,31.648712,29.600000,31.639999,63.068562,25.969999,,,50.008724,43.261650,55.439999,26.185959,54.750000,38.919998,,43.990002,,42.480000,74.699997,,,30.770000,,36.997257,,31.235001,16.836666,58.590000,36.100132,
2005-07-15,1.463214,1213.199951,1.867500,47.336224,64.580002,45.820000,,51.000000,25.590000,9.593877,45.731369,19.930000,,30.549999,56.820000,85.003151,,10.940000,56.005001,169.364731,108.250000,47.759998,41.029999,25.100000,11.185286,78.804970,35.689999,,60.115051,21.510000,61.650002,31.835155,29.920000,31.610001,63.377926,26.040001,,,50.008724,43.216846,55.290001,26.138519,54.750000,39.000000,,43.820000,,42.619999,74.599998,,,30.600000,,37.490860,,31.299999,16.786667,58.590000,36.100132,,1.483929,1224.199951,1.857500,47.056129,64.750000,45.980000,,50.669998,25.775000,9.506404,45.243488,19.889999,,30.559999,56.669998,84.895958,,11.000000,56.154999,170.275299,108.500000,47.990002,41.610001,25.170000,11.326067,78.757172,35.860001,,59.616489,21.540001,61.750000,31.630068,30.990000,31.900000,63.085285,25.790001,,,50.315914,43.405018,55.450001,26.157495,54.500000,38.840000,,44.070000,,42.869999,74.989998,,,30.760000,,37.513710,,31.434999,16.750000,58.160000,36.389988,
2005-07-18,1.478929,1219.000000,1.847500,46.846058,64.750000,45.290001,,50.750000,25.775000,9.515776,45.052910,19.820000,,30.700001,56.480000,84.895958,,11.020000,55.450001,169.556442,107.949997,47.549999,41.459999,25.219999,11.326067,78.384323,35.669998,,59.568550,21.540001,61.639999,31.569473,30.820000,31.860001,63.085285,25.709999,,,50.108109,43.906811,55.340000,26.005693,54.500000,38.750000,,43.830002,,42.349998,75.050003,,,30.629999,,37.248631,,31.420000,16.726667,58.020000,36.231884,,1.481786,1202.000000,1.859500,46.390900,64.739998,45.080002,,50.820000,25.740000,9.481412,45.129139,19.650000,,30.790001,56.360001,84.270668,,10.930000,55.525002,168.693802,108.239998,47.639999,42.450001,25.040001,11.316985,78.212234,35.509998,,59.875359,21.465000,61.470001,31.299131,30.900000,31.900000,62.316055,25.549999,,,49.620220,43.951614,54.639999,25.853889,54.619999,38.689999,,43.660000,,42.650002,74.750000,,,30.990000,,36.755028,,30.995001,16.663334,58.150002,36.179184,
2005-07-19,1.482857,1209.800049,1.869000,46.522194,65.000000,45.279999,,52.369999,25.850000,9.497032,45.228241,19.790001,,30.930000,56.750000,85.217529,,10.940000,55.625000,169.460587,108.650002,47.000000,42.500000,25.250000,11.321526,80.994263,35.509998,,60.086288,21.610001,61.570000,31.550829,30.889999,31.900000,62.349499,25.790001,,,49.782848,43.342293,54.750000,25.853889,54.770000,38.709999,,43.970001,,41.439999,74.550003,,,31.000000,,36.914989,,31.100000,16.663334,58.480000,36.284584,,1.542500,1214.000000,1.908500,46.741020,64.889999,44.820000,,53.400002,25.715000,9.422056,46.173515,20.170000,,30.910000,57.299999,85.896416,,10.840000,55.285000,169.316818,109.720001,46.990002,43.200001,25.320000,11.135332,80.019119,35.209999,,59.894535,21.665001,61.580002,31.508879,30.850000,31.760000,62.115383,26.160000,,,49.511799,43.870968,55.540001,25.977230,54.880001,38.529999,,44.490002,,42.290001,74.519997,,,31.180000,,37.394882,,30.915001,16.586666,58.779999,36.758892,
2005-07-20,1.530714,1214.000000,1.874500,46.522194,64.889999,44.830002,,53.090000,25.674999,9.372071,46.082035,19.990000,,30.760000,57.049999,85.664162,,10.700000,55.750000,169.316818,107.750000,46.830002,43.209999,25.330000,11.058129,79.541107,35.220001,,59.721954,21.665001,61.500000,31.508879,30.680000,31.200001,61.964882,26.000000,,,49.376274,43.763439,55.000000,26.185959,54.689999,38.400002,,44.360001,,42.049999,74.570000,,,30.700001,,37.362888,,30.865000,16.516666,58.500000,36.363636,,1.558214,1213.000000,1.908500,47.187424,66.080002,44.860001,,53.200001,25.715000,9.422056,46.158268,20.120001,,30.900000,57.599998,87.236313,,10.930000,57.625000,169.173035,109.610001,47.040001,43.950001,25.430000,11.230699,80.879539,35.160000,,60.508148,21.665001,61.750000,31.900410,30.900000,30.650000,62.441471,26.190001,,,50.090038,44.247311,54.599998,25.673624,55.020000,39.689999,,44.919998,,42.630001,74.860001,,,31.500000,,37.006397,,31.105000,16.666668,59.000000,37.206852,
2005-07-21,1.560714,1205.000000,1.948000,47.091141,66.180000,44.900002,,53.270000,25.709999,9.418932,46.135399,20.080000,,30.900000,57.430000,87.236313,,10.900000,57.625000,168.597946,109.250000,46.779999,43.700001,25.559999,11.171662,80.879539,35.700001,,61.294342,22.165001,61.759998,31.942360,30.500000,30.500000,62.809364,26.299999,,,50.090038,44.041218,54.810001,25.806452,54.900002,39.900002,,44.230000,,43.250000,76.000000,,,31.299999,,37.047531,,30.995001,16.566668,58.750000,36.363636,,1.546071,1211.000000,1.897500,47.555050,65.709999,44.599998,,52.299999,25.924999,9.397063,45.761864,19.559999,,30.320000,56.970001,86.503838,,10.640000,57.750000,167.735306,108.250000,47.000000,43.349998,25.610001,11.030881,80.688339,35.400002,,60.258869,21.975000,61.650002,31.737272,30.780001,30.600000,62.332775,26.440001,,,50.876083,43.960571,54.680000,25.227703,55.130001,39.060001,,43.840000,,43.009998,75.650002,,,30.879999,,36.435101,,30.889999,16.463333,57.889999,36.758892,
2005-07-22,1.551429,1210.800049,1.894500,47.511284,65.400002,44.730000,,52.750000,25.809999,9.378319,46.082035,19.549999,,30.330000,57.480000,86.325180,,10.640000,57.750000,168.885498,107.940002,46.389999,43.220001,25.389999,11.012716,80.286804,35.400002,,60.690315,21.850000,61.799999,31.788544,30.549999,30.510000,62.541805,25.990000,,,50.948364,43.897850,54.299999,25.379507,55.000000,39.150002,,44.279999,,42.560001,75.650002,,,30.920000,,36.723034,,30.809999,16.496668,58.200001,36.627140,,1.571429,1214.800049,1.897500,47.765121,66.199997,44.849998,,52.410000,25.990000,9.509528,46.691891,19.320000,,30.420000,57.790001,86.825409,,10.720000,58.384998,168.070786,109.129997,46.500000,43.470001,25.240000,10.980926,80.726578,35.599998,,61.725792,22.014999,62.000000,31.965666,30.940001,30.840000,62.466557,25.680000,,,50.839947,43.691757,54.830002,25.142315,54.990002,39.130001,,43.790001,,42.299999,75.529999,,,30.760000,,38.094151,,30.875000,16.513332,59.500000,37.022400,
2005-07-25,1.571071,1214.800049,1.900000,48.053970,66.000000,44.919998,,52.549999,25.995001,9.462668,46.539425,19.389999,,30.250000,57.849998,86.807541,,10.800000,58.384998,168.693802,109.070000,46.680000,43.330002,25.129999,10.930972,80.286804,35.549999,,61.725792,22.040001,62.000000,31.947021,30.639999,30.770000,62.575253,25.690001,,,50.686352,43.512547,54.900002,25.142315,54.990002,39.110001,,43.139999,,42.470001,74.830002,,,31.000000,,38.039307,,30.825001,16.513332,59.950001,34.914360,,1.564643,1210.000000,1.897500,47.756367,66.050003,44.660000,,51.849998,25.930000,9.531396,47.438957,18.850000,,30.000000,58.369999,85.592705,,10.610000,58.650002,166.633041,108.320000,46.830002,43.060001,25.059999,11.035422,80.497131,35.439999,,61.006710,21.825001,62.509998,31.835155,30.620001,30.610001,62.015049,25.690001,,,51.110996,43.664875,54.570000,25.066414,54.939999,38.759998,,43.000000,,42.430000,74.410004,,,30.600000,,38.505486,,30.920000,16.483334,59.939999,34.782608,
2005-07-26,1.571786,1212.000000,1.911000,47.966438,66.610001,44.570000,,52.000000,25.889999,9.534520,47.591423,19.000000,,30.350000,58.490002,85.610565,,10.610000,58.634998,166.920593,108.529999,46.500000,43.080002,25.030001,11.012716,80.449333,35.639999,,60.814957,21.825001,64.949997,32.161430,30.629999,30.620001,62.399666,25.719999,,,51.110996,43.324371,54.590000,25.227703,55.000000,38.779999,,42.930000,,42.799999,74.680000,,,31.940001,,38.788849,,30.990000,16.546667,59.849998,34.782608,,1.558214,1206.000000,1.887000,47.511284,66.349998,44.529999,,51.820000,25.875000,9.637613,47.057800,19.059999,,30.379999,57.849998,84.002693,,10.860000,58.075001,166.297577,107.720001,46.470001,43.689999,25.049999,11.062670,80.420647,35.369999,,60.441036,21.844999,63.990002,32.222023,30.360001,30.719999,61.688965,25.540001,,,51.327835,43.422939,54.470001,24.895636,55.110001,38.220001,,42.820000,,42.700001,74.449997,,,32.299999,,37.710239,,31.000000,16.510000,59.599998,34.782608,
2005-07-27,1.565357,1206.000000,2.100500,47.502529,67.699997,44.369999,,52.000000,26.025000,9.640737,47.446583,19.070000,,30.750000,57.849998,84.592247,,10.900000,58.075001,166.345505,107.949997,46.799999,43.770000,25.580000,11.044505,80.114723,35.520000,,60.834133,21.950001,64.500000,32.254650,30.350000,30.670000,61.948162,25.610001,,,51.318802,43.458782,54.369999,25.047438,55.310001,38.279999,,42.759998,,42.689999,75.389999,,,32.299999,,37.842777,,31.004999,16.503332,59.799999,34.782608,,1.571071,1215.800049,2.182500,48.097736,66.699997,44.150002,,52.790001,26.000000,9.693846,47.461830,19.180000,,30.459999,58.330002,85.056747,,10.880000,57.619999,166.776825,109.150002,46.930000,43.349998,25.500000,11.253406,80.181641,35.349998,,60.805370,22.004999,64.059998,31.877104,30.080000,30.809999,61.580269,25.719999,,,51.228451,43.727600,54.750000,25.332067,55.369999,38.619999,,42.950001,,42.970001,75.300003,,,31.799999,,37.975319,,30.900000,16.600000,59.599998,34.756256,
2005-07-28,1.566071,1217.000000,2.177000,48.316559,66.709999,44.119999,,53.000000,26.125000,9.709466,47.911594,19.260000,,30.799999,58.849998,85.271126,,10.850000,57.500000,167.160217,109.199997,47.099998,43.259998,25.490000,11.171662,79.875717,35.360001,,60.997124,22.115000,64.199997,31.881765,30.100000,30.680000,61.613712,25.750000,,,51.951248,43.360214,54.820000,25.332067,55.250000,38.869999,,43.130001,,43.180000,75.419998,,,31.549999,,38.327240,,30.924999,16.650000,59.820000,34.650856,,1.564286,1214.599976,2.284000,48.552891,66.000000,44.009998,,54.450001,26.650000,9.771946,48.292755,19.299999,,30.770000,58.939999,86.521698,,10.900000,58.005001,167.160217,109.669998,47.650002,43.869999,25.459999,11.121708,80.114723,35.459999,,61.332695,22.195000,63.099998,32.436436,30.280001,30.780001,62.458195,25.750000,,,50.758629,43.736561,54.930000,25.398481,55.820000,39.740002,,43.240002,,43.570000,75.820000,,,31.709999,,37.943329,,30.969999,16.606667,60.000000,34.571804,
2005-07-29,1.555714,1213.000000,2.265500,48.535385,66.209999,44.000000,,54.049999,26.700001,9.737582,48.635796,19.320000,,31.000000,59.169998,86.468102,,10.810000,57.849998,166.776825,109.419998,47.740002,43.779999,25.520000,11.076294,79.636711,35.450001,,60.939598,22.145000,63.000000,32.431774,30.500000,30.719999,62.600334,25.780001,,,50.668282,43.799282,54.849998,25.407970,55.750000,39.810001,,43.070000,,43.360001,76.300003,,,31.610001,,38.363804,,30.924999,16.566668,60.040001,34.334652,,1.523214,1204.000000,2.257500,48.141499,66.010002,43.599998,,53.910000,26.469999,9.600125,47.713394,19.150000,,31.030001,58.009998,85.664162,,10.740000,57.595001,165.339096,107.480003,47.439999,43.509998,25.770000,11.180745,79.789673,35.139999,,61.131351,21.879999,62.400002,31.914392,31.170000,30.549999,62.709030,25.610001,,,50.099075,43.646954,54.529999,25.142315,55.630001,38.990002,,42.820000,,43.299999,75.860001,,,31.760000,,37.833637,,30.670000,16.450001,58.750000,34.808960,
2005-08-01,1.520357,1205.400024,2.244000,48.141499,66.300003,43.770000,,54.200001,26.575001,9.559513,47.949711,19.260000,,31.160000,58.110001,85.753494,,10.720000,57.560001,165.674561,107.599998,47.430000,43.209999,25.900000,11.185286,79.349907,35.320000,,61.140942,21.995001,63.349998,31.019466,30.250000,30.400000,62.792641,25.809999,,,50.234600,44.166668,53.950001,25.597723,55.799999,39.000000,,42.669998,,43.439999,76.599998,,,31.980000,,38.117001,,30.725000,16.540001,59.230000,34.729908,,1.526786,1201.800049,2.246500,47.992699,65.750000,43.660000,,54.020000,26.525000,9.562637,48.025944,19.260000,,31.000000,58.430000,85.003151,,10.850000,57.294998,164.140976,107.120003,47.529999,42.860001,25.840000,11.126249,79.760994,35.299999,,60.977947,21.934999,62.450001,31.947021,31.180000,30.600000,62.959866,25.920000,,,50.126179,44.211472,54.610001,25.275143,55.320000,38.540001,,42.720001,,43.340000,76.290001,,,31.889999,,38.048447,,30.770000,16.510000,59.230000,35.098812,
2005-08-02,1.531786,1201.800049,2.245000,48.053970,65.750000,43.810001,,54.049999,26.514999,9.731334,48.285130,19.320000,,31.000000,58.560001,85.003151,,10.900000,57.325001,164.140976,107.250000,47.610001,42.730000,25.860001,11.126249,79.608032,35.470001,,61.064240,21.924999,62.650002,31.951681,31.320000,30.150000,62.968227,25.900000,,,50.026794,44.283154,54.700001,25.512335,55.520000,38.700001,,43.049999,,44.000000,76.279999,,,32.099998,,38.162704,,30.770000,16.549999,59.360001,35.125164,,1.542500,1215.000000,2.325500,48.491619,66.330002,43.939999,,54.459999,26.469999,9.684474,49.077942,19.490000,,31.250000,59.560001,85.682030,,10.880000,57.584999,164.140976,109.519997,47.849998,42.410000,26.200001,11.044505,79.646271,35.549999,,60.977947,22.139999,62.970001,32.166092,31.480000,30.709999,62.608696,26.809999,,,49.954514,44.507168,54.840000,25.559772,55.360001,38.660000,,43.250000,,44.230000,76.949997,,,32.660000,,38.756855,,30.860001,16.600000,59.810001,35.441368,
2005-08-03,1.542500,1208.400024,2.300500,48.141499,65.980003,43.900002,,54.230000,26.895000,9.684474,49.535332,19.379999,,31.450001,59.750000,85.253265,,10.810000,57.555000,164.188904,109.080002,47.709999,42.099998,26.250000,10.990009,79.646271,35.560001,,60.786194,21.995001,63.000000,32.072868,31.309999,30.580000,62.332775,26.760000,,,49.927410,44.784946,54.549999,25.512335,55.360001,38.560001,,43.430000,,44.080002,76.870003,,,32.349998,,39.076782,,30.600000,16.510000,60.090000,35.283268,,1.543571,1220.599976,2.305500,48.561646,66.650002,43.779999,,54.389999,26.559999,9.681350,48.712029,19.540001,,30.770000,60.349998,85.699898,,10.750000,57.709999,163.949280,110.870003,48.000000,42.230000,26.440001,11.176203,80.363289,35.610001,,60.527325,22.334999,62.950001,32.245331,31.620001,31.129999,62.031773,27.250000,,,50.189426,44.901436,54.689999,25.550285,55.000000,37.500000,,43.740002,,44.200001,76.360001,,,32.500000,,39.515537,,30.625000,16.559999,59.000000,35.942028,
2005-08-04,1.531786,1216.000000,2.277500,48.360325,66.639999,43.779999,,54.060001,26.559999,9.615745,48.978840,19.440001,,30.750000,60.349998,85.396187,,10.740000,57.695000,163.661743,110.000000,48.080002,41.500000,26.350000,11.180745,80.066925,35.419998,,60.479385,22.200001,62.750000,32.170753,31.549999,30.420000,62.031773,27.160000,,,50.207497,44.641579,54.450001,25.521822,55.000000,37.500000,,43.130001,,43.939999,76.250000,,,32.230000,,39.849178,,30.625000,16.563334,58.970001,35.942028,,1.525357,1222.599976,2.273000,48.885506,66.269997,43.709999,,54.020000,26.190001,9.787566,48.925476,19.430000,,30.020000,60.410000,84.252808,,10.640000,57.535000,162.990799,109.250000,47.930000,41.279999,26.070000,11.108084,79.464630,35.459999,,60.000000,22.180000,62.820000,32.072868,31.200001,30.600000,61.329430,27.320000,,,50.379162,44.641579,54.700001,25.237192,54.169998,37.009998,,43.090000,,44.029999,76.129997,,,31.900000,,40.786106,,30.480000,16.430000,58.520000,35.678524,
2005-08-05,1.517500,1218.000000,2.262500,48.885506,66.129997,43.619999,,54.000000,26.200001,9.790690,49.245651,19.430000,,30.000000,60.400002,84.056290,,10.650000,57.535000,162.223999,108.750000,47.860001,41.220001,25.500000,11.076294,79.110901,35.349998,,59.923298,22.049999,62.700001,32.007614,31.100000,30.549999,61.329430,27.290001,,,50.279774,44.345879,54.410000,25.151802,54.000000,37.049999,,43.139999,,43.869999,75.250000,,,31.900000,,40.904938,,30.410000,16.366667,58.540001,35.678524,,1.535357,1216.400024,2.263500,48.850494,66.190002,43.250000,,53.610001,26.309999,9.793814,48.597679,19.299999,,29.930000,60.340000,84.360001,,10.360000,57.509998,162.032303,109.699997,47.630001,40.950001,25.459999,11.207993,79.694077,35.250000,,59.702782,22.030001,62.830002,31.881765,31.299999,30.790001,61.028427,27.760000,,,50.071972,44.139786,54.389999,24.905123,54.099998,36.230000,,42.830002,,43.509998,75.080002,,,31.309999,,40.365631,,30.184999,16.440001,58.090000,35.599472,
2005-08-08,1.535714,1217.000000,2.266000,48.894257,66.300003,43.340000,,53.980000,26.400000,9.837551,49.047447,19.389999,,30.030001,60.750000,84.878090,,10.360000,57.599998,162.223999,110.029999,48.040001,41.049999,25.660000,11.239782,79.741875,35.310001,,59.712368,22.025000,62.830002,31.886427,31.760000,30.790001,60.936455,27.799999,,,50.062935,44.444443,54.410000,25.047438,54.110001,36.389999,,43.070000,,44.049999,75.449997,,,31.400000,,40.813526,,30.190001,16.493334,58.650002,35.625824,,1.523214,1220.000000,2.283000,48.754211,65.989998,42.939999,,53.680000,26.290001,9.850047,49.527706,19.250000,,29.520000,61.259998,84.985283,,10.370000,57.480000,161.792679,109.910004,47.939999,40.590000,25.660000,11.176203,79.694077,34.990002,,59.539787,21.834999,63.200001,31.793205,32.139999,30.790001,60.484951,27.129999,,,49.936443,44.605736,53.900002,24.867172,54.250000,36.450001,,42.660000,,43.759998,74.940002,,,31.530001,,40.365631,,30.180000,16.383333,58.849998,35.388668,
2005-08-09,1.533214,1220.199951,2.288000,48.841740,66.300003,42.939999,,54.000000,26.365000,9.918775,49.802139,19.420000,,29.570000,61.500000,84.949554,,10.470000,57.250000,162.799103,110.029999,47.590000,40.939999,25.540001,11.217075,79.732315,35.070000,,59.587727,21.934999,63.279999,31.881765,32.290001,30.790001,60.593643,27.219999,,,50.324951,44.784946,53.889999,25.018974,54.299999,36.450001,,42.779999,,44.040001,75.610001,,,31.559999,,40.365631,,30.235001,16.383333,59.160000,35.573124,,1.565000,1228.400024,2.296500,48.657928,67.129997,42.900002,,54.340000,26.315001,9.934396,49.253273,19.610001,,29.809999,61.220001,86.003609,,10.440000,57.230000,163.613815,111.480003,47.720001,41.360001,25.660000,11.148955,79.827919,35.029999,,59.769894,22.049999,62.759998,31.881765,32.439999,31.090000,60.200668,27.350000,,,49.873199,44.767025,54.250000,25.332067,53.939999,36.000000,,43.139999,,44.250000,75.639999,,,32.509998,,40.749542,,30.219999,16.406668,59.459999,35.230568,
2005-08-10,1.571429,1254.000000,2.269500,49.218121,67.160004,43.150002,,54.630001,26.485001,9.950016,49.550575,18.830000,,29.980000,61.830002,86.396645,,10.500000,57.355000,164.380600,111.980003,47.680000,41.700001,26.049999,11.167121,79.971321,35.259998,,59.769894,22.129999,62.790001,31.881765,32.459999,31.260000,60.351170,27.410000,,,50.008724,44.910393,54.590000,25.360531,53.950001,36.099998,,43.740002,,44.270000,78.000000,,,32.410000,,41.000916,,30.240000,16.436666,59.750000,35.230568,,1.549286,1244.800049,2.238000,49.454449,65.959999,42.750000,,55.000000,26.375000,9.975008,50.038460,18.250000,,29.850000,62.480000,86.003609,,10.400000,56.755001,162.367783,112.029999,47.630001,41.660000,26.070000,10.962761,78.413002,34.799999,,59.587727,21.950001,62.639999,32.133465,32.700001,31.080000,60.200668,26.950001,,,49.620220,44.775986,54.380001,25.037951,53.709999,36.060001,,43.500000,,44.259998,78.419998,,,32.529999,,41.485374,,30.155001,16.280001,59.900002,35.441368,
2005-08-11,1.549643,1240.000000,2.231000,49.410686,66.110001,42.849998,,55.150002,26.375000,9.950016,50.312893,18.299999,,29.850000,62.480000,86.360909,,10.400000,56.689999,163.038727,112.080002,47.650002,41.630001,26.250000,10.899183,78.326958,34.799999,,60.162991,21.850000,62.599998,32.049564,32.950001,31.000000,60.384617,26.980000,,,49.656361,45.089607,54.299999,25.085388,53.540001,35.959999,,43.570000,,44.130001,79.010002,,,32.320000,,41.887569,,30.155001,16.343332,60.119999,35.441368,,1.571429,1253.400024,2.260500,49.717041,67.309998,42.790001,,55.500000,26.350000,9.984380,50.617821,18.059999,,29.549999,62.500000,87.790138,,10.360000,57.305000,165.387009,114.139999,47.900002,41.500000,26.299999,10.980926,79.024857,34.810001,,60.402683,22.055000,63.110001,31.979649,34.689999,31.049999,60.501671,27.270000,,,49.674431,45.161289,54.709999,25.085388,53.660000,36.250000,,43.740002,,44.490002,79.660004,,,32.720001,,42.372028,,30.230000,16.316668,60.950001,36.969696,
2005-08-12,1.552143,1253.400024,2.231500,49.410686,67.309998,42.900002,,55.360001,26.299999,9.943768,50.694050,18.010000,,29.549999,62.590000,87.057655,,10.310000,57.250000,164.476456,113.180000,47.680000,41.200001,26.150000,10.762943,78.537285,34.639999,,60.402683,21.934999,62.950001,31.886427,33.740002,30.900000,60.493313,27.080000,,,49.683464,44.605736,54.509998,25.123341,53.410000,36.200001,,43.389999,,43.810001,79.980003,,,32.500000,,42.778793,,30.165001,16.273333,61.000000,36.495388,,1.646429,1246.000000,2.210000,49.603252,66.540001,42.689999,,54.799999,26.400000,9.993752,50.785530,17.799999,,29.520000,62.279999,86.378777,,10.140000,56.794998,164.140976,113.650002,47.880001,41.279999,26.299999,10.912807,78.575523,34.310001,,60.508148,21.790001,62.450001,31.597441,33.250000,31.110001,60.150501,27.049999,,,49.864166,44.928314,54.610001,24.819735,53.549999,36.700001,,43.500000,,44.049999,80.000000,,,31.790001,,42.870201,,30.084999,16.233334,61.049999,36.469036,
2005-08-15,1.660000,1243.400024,2.196500,49.454449,66.400002,42.820000,,55.209999,26.434999,9.971884,50.694050,17.809999,,29.580000,62.029999,86.200127,,10.090000,56.849998,163.517960,113.250000,47.770000,42.000000,25.950001,10.903724,78.298279,34.270000,,60.460213,21.750000,62.349998,31.620745,32.630001,31.020000,60.200668,26.980000,,,49.746712,44.265232,54.480000,24.876659,53.549999,36.639999,,43.250000,,43.279999,79.199997,,,31.670000,,42.810787,,30.084999,16.273333,60.950001,36.284584,,1.702857,1243.199951,2.252000,49.480709,67.459999,43.180000,,55.259998,26.385000,10.028116,50.190922,17.709999,,29.910000,62.130001,86.485970,,10.150000,57.580002,163.949280,114.669998,47.840000,41.610001,26.020000,10.940054,78.871895,34.650002,,61.179291,21.770000,62.619999,31.602100,33.599998,31.180000,60.351170,27.129999,,,50.370125,44.327957,54.950001,24.857685,54.180000,37.209999,,43.490002,,43.480000,79.610001,,,32.200001,,42.893051,,30.370001,16.366667,60.419998,36.363636,
2005-08-16,1.692500,1243.400024,2.245000,49.454449,67.400002,43.349998,,54.400002,26.424999,10.000000,50.076576,17.709999,,29.900000,61.720001,86.557426,,10.160000,57.639999,163.470032,114.550003,48.000000,41.349998,25.980000,11.012716,78.460800,34.660000,,61.169704,21.799999,62.330002,31.602100,33.500000,31.049999,60.401337,27.030001,,,50.379162,44.507168,55.009998,24.876659,54.240002,37.150002,,43.029999,,43.169998,79.599998,,,32.000000,,42.733089,,30.400000,16.020000,60.419998,36.179184,,1.651786,1232.800049,2.213500,49.069317,66.269997,43.720001,,53.689999,26.190001,9.846923,48.849243,17.629999,,28.930000,60.939999,84.538651,,10.060000,57.134998,162.367783,112.080002,47.770000,40.669998,25.940001,10.762943,77.724663,34.580002,,60.594440,21.650000,62.540001,31.546167,33.169998,31.190001,59.916389,26.740000,,,50.514687,44.301075,54.790001,24.715370,53.580002,36.509998,,42.520000,,42.880001,78.570000,,,31.889999,,41.467094,,29.980000,15.856667,59.070000,35.836628,
2005-08-17,1.657143,1231.599976,2.209500,49.043060,66.389999,43.790001,,53.599998,26.150000,9.881287,48.750145,17.730000,,28.850000,60.389999,84.377861,,10.010000,57.224998,162.367783,111.849998,48.189999,40.520000,26.000000,11.666667,77.820267,34.650002,,60.594440,21.580000,62.599998,31.583458,33.020000,31.030001,59.565216,26.820000,,,50.343021,44.596775,54.570000,24.715370,53.500000,36.450001,,42.279999,,42.470001,79.050003,,,31.889999,,41.361973,,29.980000,15.770000,59.049999,35.731224,,1.683929,1230.000000,2.206000,49.043060,67.019997,43.730000,,53.459999,25.950001,9.868791,47.034931,17.840000,,29.190001,59.639999,84.842361,,9.930000,57.485001,163.422119,111.129997,47.910000,40.619999,26.049999,12.179837,77.724663,34.459999,,60.191753,21.655001,62.910000,31.532185,33.869999,31.000000,60.000000,26.950001,,,50.225567,44.569893,54.730000,24.819735,53.419998,36.650002,,42.490002,,42.410000,79.639999,,,32.189999,,39.542961,,30.004999,15.703333,58.180000,35.968380,
2005-08-18,1.675357,1229.599976,2.194000,48.946777,66.940002,43.730000,,53.349998,25.934999,9.856295,46.768120,17.850000,,29.200001,59.200001,84.485054,,9.910000,57.485001,163.134567,110.889999,48.380001,40.369999,25.660000,12.011807,77.533463,34.459999,,60.191753,21.680000,62.910000,31.462269,33.599998,30.879999,60.108696,26.889999,,,50.234600,43.978497,54.599998,24.819735,53.549999,36.520000,,41.950001,,42.759998,79.570000,,,32.040001,,39.131626,,30.010000,15.726667,58.150002,35.757576,,1.653571,1227.800049,2.186500,49.121838,66.629997,43.799999,,53.150002,26.375000,9.825055,46.958698,17.660000,,29.100000,59.480000,83.966957,,9.760000,57.435001,162.894943,110.849998,48.290001,40.700001,25.799999,12.102634,77.581261,34.660000,,60.767017,21.764999,62.650002,31.462269,33.389999,31.150000,60.133778,26.820000,,,50.352055,43.942654,54.580002,24.554079,54.180000,35.830002,,42.060001,,42.959999,79.620003,,,31.530001,,39.227604,,30.170000,15.746667,58.110001,35.836628,
2005-08-19,1.652857,1229.000000,2.180000,49.121838,66.699997,43.980000,,53.400002,26.350000,9.825055,47.393219,17.750000,,29.350000,59.799999,84.610107,,9.800000,57.900002,163.374191,111.120003,48.200001,40.730000,25.820000,12.107175,77.782028,34.799999,,60.767017,22.174999,62.950001,31.578796,33.259998,31.209999,60.334450,26.850000,,,50.559860,44.166668,54.840000,24.667933,54.369999,36.250000,,42.389999,,43.889999,79.150002,,,31.690001,,39.748631,,30.315001,15.793333,58.520000,35.994732,,1.636786,1224.199951,2.186000,49.104328,67.150002,43.619999,,54.820000,26.059999,9.800062,48.079304,17.820000,,28.850000,59.919998,84.109886,,9.760000,57.805000,162.703247,111.269997,48.209999,40.369999,25.820000,12.029973,79.120461,34.540001,,60.575264,22.195000,62.459999,31.480913,33.380001,31.020000,60.259197,26.719999,,,50.324951,43.960571,54.939999,24.240988,54.540001,35.990002,,42.470001,,43.799999,79.199997,,,31.160000,,40.169106,,30.315001,15.526667,58.820000,36.231884,
2005-08-22,1.648214,1225.599976,2.180500,49.200611,67.389999,43.790001,,55.000000,26.075001,9.837551,48.826378,17.879999,,28.900000,60.400002,84.181343,,9.780000,57.900002,163.278336,111.800003,48.349998,40.490002,25.889999,12.029973,79.110901,34.590000,,59.875359,22.280001,62.509998,31.275826,33.369999,30.959999,60.501671,26.790001,,,50.496616,44.014336,55.070000,24.345350,55.400002,36.119999,,42.430000,,43.799999,80.680000,,,31.270000,,40.662704,,30.410000,15.620000,59.540001,36.100132,,1.638214,1220.000000,2.188500,49.261883,67.790001,43.740002,,54.810001,26.205000,9.840675,48.186031,17.690001,,28.510000,60.340000,83.556061,,9.760000,58.235001,162.799103,111.699997,48.299999,40.529999,25.950001,12.048138,78.967499,34.509998,,59.741131,22.135000,63.049999,31.131332,33.290001,31.100000,60.133778,26.910000,,,50.885120,43.906811,55.049999,24.060720,55.160000,36.049999,,42.459999,,43.779999,81.000000,,,31.950001,,40.274223,,30.334999,15.556667,59.070000,35.388668,
2005-08-23,1.637500,1215.199951,2.187000,49.261883,67.650002,43.750000,,54.849998,26.225000,9.712590,48.330872,17.719999,,28.600000,60.450001,83.413132,,9.760000,58.240002,162.942871,111.500000,47.880001,40.730000,26.000000,12.079927,79.063095,34.509998,,59.702782,22.150000,63.080002,31.094044,33.189999,31.049999,60.133778,26.840000,,,50.930294,43.566307,55.049999,23.965843,55.419998,36.099998,,42.279999,,43.400002,81.150002,,,31.900000,,40.534737,,30.299999,15.476667,59.110001,35.204216,,1.633571,1214.000000,2.171000,49.016800,67.430000,43.340000,,54.689999,26.504999,9.775070,47.804871,17.760000,,28.590000,60.070000,82.359085,,9.800000,58.064999,162.799103,111.800003,47.580002,40.639999,26.090000,12.129882,78.422562,34.349998,,59.443913,22.094999,63.049999,31.210569,33.040001,30.969999,59.356186,26.870001,,,50.758629,43.288528,54.910000,23.804554,55.400002,34.990002,,42.380001,,43.130001,81.050003,,,32.000000,,40.356491,,30.025000,15.446667,59.000000,35.019764,
2005-08-24,1.628571,1211.599976,2.166000,49.025555,67.300003,43.400002,,54.599998,26.480000,9.778194,48.025944,17.719999,,28.610001,60.259998,82.091103,,9.850000,57.500000,162.559479,111.790001,47.630001,40.450001,26.450001,12.216167,77.944550,34.310001,,59.348034,22.120001,63.049999,31.215233,33.000000,30.930000,59.138798,26.840000,,,50.848980,43.422939,54.820000,23.804554,55.410000,34.759998,,42.180000,,42.939999,81.059998,,,32.070000,,40.402195,,30.000000,15.450000,59.150002,34.861660,,1.634643,1197.000000,2.118500,48.526630,67.129997,42.910000,,53.209999,26.325001,9.696970,48.193653,17.520000,,28.740000,59.830002,81.537277,,9.920000,57.924999,160.738358,109.989998,47.299999,39.900002,26.510000,12.134423,77.743790,33.849998,,58.753593,21.915001,62.290001,31.084721,32.980000,31.139999,59.632107,26.809999,,,50.343021,43.181004,54.320000,23.776091,54.619999,34.700001,,42.209999,,42.930000,81.150002,,,32.180000,,41.357403,,29.740000,15.183333,58.880001,34.677208,
2005-08-25,1.647143,1197.000000,2.127000,48.141499,67.129997,43.130001,,53.220001,26.295000,9.728210,48.079304,17.559999,,28.900000,59.599998,80.393898,,9.900000,57.924999,160.546646,110.239998,47.860001,39.849998,26.730000,12.025431,77.868073,33.990002,,58.724831,21.860001,62.500000,30.646580,32.900002,31.139999,59.807693,26.900000,,,50.198460,43.225807,54.750000,23.776091,54.880001,34.860001,,42.139999,,42.759998,82.110001,,,32.250000,,41.179157,,29.750000,15.276667,58.849998,34.624508,,1.645000,1194.000000,2.115500,48.780468,67.209999,43.070000,,53.400002,26.235001,9.706342,48.056435,17.480000,,29.309999,59.840000,79.822205,,9.820000,57.575001,160.546646,110.500000,47.820000,40.180000,26.780001,12.216167,77.533463,34.119999,,59.376797,21.905001,62.049999,31.028788,33.299999,31.040001,59.615383,27.030001,,,50.324951,43.288528,54.509998,23.595825,55.000000,35.189999,,42.209999,,43.049999,82.730003,,,32.320000,,40.891224,,29.785000,15.096667,59.180000,34.967064,
2005-08-26,1.647143,1187.000000,2.115000,48.666679,67.150002,43.000000,,53.900002,26.215000,9.656357,48.330872,17.520000,,29.320000,59.730000,79.375572,,9.790000,57.575001,160.546646,110.500000,47.700001,40.049999,26.750000,12.261580,77.256210,34.139999,,59.300095,21.820000,61.900002,31.061417,33.090000,30.969999,59.515049,27.059999,,,50.234600,43.136200,54.290001,23.690702,55.000000,35.410000,,42.389999,,43.150002,82.570000,,,32.169998,,40.914078,,29.785000,15.106667,58.930000,34.650856,,1.633571,1185.400024,2.118500,48.150253,66.309998,42.840000,,53.490002,26.084999,9.665729,47.172150,17.400000,,28.980000,59.380001,78.321526,,9.770000,57.424999,159.971558,109.750000,47.439999,39.810001,26.660000,12.266122,76.845123,33.650002,,59.376797,21.785000,61.759998,30.660563,33.480000,31.100000,59.356186,26.969999,,,50.189426,42.741936,54.310001,23.614801,54.959999,35.009998,,41.830002,,42.590000,82.000000,,,32.060001,,40.840950,,29.395000,15.233333,58.410000,34.545456,
2005-08-29,1.616786,1166.000000,2.095500,48.097736,66.099998,42.759998,,53.150002,25.975000,9.643861,47.606670,17.299999,,28.750000,59.790001,78.142868,,9.710000,57.080002,158.965149,109.500000,47.000000,39.849998,26.440001,12.216167,76.481834,33.430000,,58.974113,21.680000,61.610001,30.613953,33.150002,30.969999,58.946487,26.809999,,,49.909340,42.974911,53.959999,23.510435,54.919998,34.959999,,41.799999,,42.639999,78.599998,,,31.900000,,41.773308,,29.219999,15.146667,59.240002,34.519104,,1.637143,1190.599976,2.139500,48.920517,67.580002,43.360001,,53.700001,26.420000,9.653233,48.079304,17.639999,,29.230000,59.509998,78.857483,,9.770000,57.439999,161.025894,110.150002,47.610001,40.540001,26.530001,12.120799,77.762909,33.910000,,59.520615,22.000000,62.669998,30.343611,33.169998,31.360001,59.431438,27.150000,,,50.568893,43.046597,54.810001,23.814041,55.639999,35.320000,,42.119999,,42.759998,81.320000,,,32.509998,,41.992687,,29.639999,15.216667,58.419998,35.046112,
2005-08-30,1.642500,1186.199951,2.119500,48.824234,67.300003,43.380001,,53.400002,26.350000,9.615745,48.239391,17.580000,,29.100000,59.590000,78.464447,,9.750000,57.349998,160.546646,109.900002,47.810001,40.349998,26.530001,12.134423,77.437859,33.720001,,59.280918,21.900000,62.419998,30.273693,33.099998,31.340000,59.431438,27.059999,,,50.261703,42.732975,54.669998,23.728653,55.650002,35.259998,,42.040001,,42.599998,81.699997,,,32.270000,,42.084095,,29.639999,15.120000,58.430000,34.940712,,1.663214,1185.599976,2.124500,48.316559,66.739998,43.099998,,53.779999,26.205000,9.615745,49.100811,17.510000,,29.000000,60.540001,77.910622,,9.750000,57.095001,159.300613,109.839996,48.049999,39.750000,26.290001,12.306994,76.998085,33.580002,,59.367210,21.695000,62.259998,29.178341,32.400002,31.230000,59.347824,27.180000,,,50.496616,42.840504,54.799999,23.851992,55.400002,34.990002,,42.000000,,43.320000,81.500000,,,32.169998,,44.236748,,29.395000,15.063333,58.610001,35.256916,
2005-08-31,1.673571,1178.000000,2.122000,48.421597,66.900002,42.660000,,54.110001,26.205000,9.587629,49.321880,17.549999,,28.950001,60.310001,77.678368,,9.820000,57.014999,159.108917,109.839996,47.950001,40.099998,26.440001,12.238874,76.816444,33.590000,,59.376797,21.680000,62.279999,29.178341,32.560001,31.160000,59.247494,27.170000,,,50.632141,43.046597,54.669998,23.956356,55.400002,34.849998,,42.130001,,42.189999,81.239998,,,32.240002,,44.442413,,29.504999,15.096667,58.799999,35.204216,,1.674643,1184.000000,2.135000,48.351570,67.019997,43.029999,,55.490002,26.250000,9.603249,50.267155,17.620001,,29.370001,61.400002,77.178139,,9.970000,57.294998,161.073822,111.180000,48.720001,40.320000,26.920000,12.606721,77.074570,33.889999,,59.750717,22.000000,62.240002,29.462667,32.450001,31.000000,59.489967,27.379999,,,50.677315,43.682796,54.849998,24.174574,55.480000,35.090000,,42.669998,,42.759998,81.980003,,,32.680000,,48.674587,,29.809999,14.986667,59.900002,35.335968,
2005-09-01,1.678571,1175.000000,2.126000,48.255287,66.650002,43.040001,,55.970001,26.275000,9.587629,51.479237,17.520000,,29.490000,63.000000,77.178139,,9.970000,57.325001,160.211182,111.699997,48.959999,40.700001,26.639999,12.556767,76.634796,33.750000,,59.635666,21.905001,62.599998,29.569872,32.299999,30.910000,59.698997,27.379999,,,50.550823,43.862007,54.700001,24.155598,55.400002,35.000000,,43.099998,,42.320000,81.300003,,,32.599998,,50.274223,,29.809999,14.983333,60.099998,35.151516,,1.652143,1187.000000,2.092000,48.404091,65.989998,43.099998,,56.939999,26.320000,9.484536,52.599842,17.650000,,29.150000,62.709999,76.910164,,9.730000,57.415001,158.821381,113.120003,49.450001,40.610001,26.559999,12.670300,76.042068,34.060001,,59.635666,21.940001,61.820000,28.609690,31.549999,30.969999,59.247494,27.200001,,,50.632141,44.077061,54.950001,24.003796,55.759998,34.790001,,43.119999,,42.410000,81.389999,,,32.759998,,50.045704,,29.865000,15.000000,61.680000,35.309620,
2005-09-02,1.653571,1202.800049,2.100000,48.474113,64.870003,43.250000,,57.200001,26.350000,9.497032,52.294914,17.680000,,29.150000,62.709999,77.267471,,9.790000,57.474998,160.067413,113.300003,49.470001,40.900002,26.860001,12.602180,76.003822,34.279999,,59.827419,22.035000,61.759998,28.954609,31.820000,30.790001,59.690636,27.209999,,,50.776699,44.247311,54.950001,24.098673,55.750000,34.790001,,43.189999,,42.779999,82.010002,,,32.950001,,48.980804,,30.000000,15.050000,61.549999,35.309620,,1.650714,1186.599976,2.075500,48.456608,64.339996,42.910000,,58.250000,26.245001,9.481412,50.899876,17.719999,,28.969999,62.299999,77.196007,,9.860000,57.070000,159.731934,113.209999,49.610001,40.330002,26.879999,12.534060,75.965584,34.110001,,59.415150,21.950001,61.580002,28.581722,31.900000,30.790001,59.782608,27.020000,,,51.409149,43.996414,54.650002,24.032257,55.990002,35.500000,,43.110001,,43.070000,82.059998,,,32.500000,,49.556671,,29.645000,14.850000,60.680000,35.415020,
2005-09-06,1.667857,1190.800049,2.077500,48.622913,64.370003,43.070000,,57.779999,26.590000,9.493908,50.915123,17.980000,,29.000000,62.520000,77.463989,,9.860000,57.375000,160.307037,113.790001,50.380001,40.700001,27.100000,12.556767,76.195030,34.250000,,59.693192,22.174999,61.750000,28.712233,32.529999,30.790001,60.267559,27.059999,,,51.373009,44.202511,54.990002,24.117647,56.299999,35.549999,,43.720001,,42.660000,83.000000,,,32.599998,,49.780621,,29.815001,14.950000,60.619999,35.441368,,1.742857,1202.000000,2.181000,49.857086,65.029999,43.349998,,58.509998,26.754999,9.587629,50.915123,18.200001,,29.549999,62.340000,77.160278,,9.960000,57.645000,162.655319,114.589996,50.200001,41.709999,27.350000,12.375114,77.456978,34.570000,,60.268456,22.260000,62.150002,29.155037,32.660000,30.660000,60.785954,27.000000,,,51.535641,44.157707,55.189999,24.544592,56.570000,35.700001,,44.029999,,42.639999,83.849998,,,33.169998,,50.004570,,30.120001,15.230000,61.060001,36.073780,
2005-09-07,1.751786,1196.599976,2.175000,49.857086,64.800003,43.349998,,58.950001,26.799999,9.543893,50.800774,18.170000,,29.660000,62.340000,77.392525,,9.890000,57.599998,162.415710,114.589996,50.349998,41.799999,27.200001,12.488647,77.151054,34.900002,,60.067116,22.295000,62.599998,29.108425,33.049999,30.610001,60.894650,26.940001,,,51.625992,43.951614,55.000000,24.573055,56.500000,35.610001,,44.139999,,42.130001,84.000000,,,33.060001,,50.667274,,30.120001,15.276667,60.950001,36.021080,,1.738571,1203.199951,2.186500,50.215961,64.500000,43.310001,,59.070000,27.030001,9.528272,50.831268,18.400000,,29.850000,62.369999,79.679283,,10.130000,57.724998,162.990799,114.910004,50.490002,41.930000,27.270000,12.470481,77.418739,34.889999,,59.520615,22.325001,62.869999,29.816908,33.700001,30.520000,61.680603,26.850000,,,51.797653,44.220428,55.450001,24.952562,56.259998,35.310001,,44.139999,,41.950001,83.779999,,,33.299999,,50.744972,,30.035000,15.286667,61.459999,36.363636,
2005-09-08,1.762500,1198.599976,2.172500,50.242222,64.800003,43.259998,,58.200001,26.600000,9.603249,50.884628,18.280001,,28.250000,61.849998,80.304573,,10.200000,57.674999,162.990799,114.730003,50.500000,41.799999,27.059999,12.534060,77.705544,34.939999,,59.635666,21.850000,62.939999,29.672415,33.470001,30.500000,60.409698,26.799999,,,51.680199,44.077061,54.900002,25.142315,56.549999,35.150002,,43.880001,,41.480000,83.699997,,,33.380001,,51.069469,,29.650000,15.200000,61.439999,35.968380,,1.777857,1195.199951,2.148000,50.207207,64.589996,43.029999,,58.330002,26.700001,9.428304,51.227673,18.370001,,29.100000,62.060001,79.804344,,9.920000,57.619999,162.223999,115.160004,50.070000,41.180000,26.950001,12.647593,77.246651,34.639999,,58.676895,22.139999,62.750000,29.094442,33.369999,30.660000,61.137123,26.610001,,,52.095810,44.068100,55.110001,25.151802,56.150002,34.740002,,43.860001,,41.369999,83.599998,,,33.750000,,50.946068,,29.900000,15.286667,61.299999,35.256916,
2005-09-09,1.788214,1198.000000,2.149500,50.198456,64.830002,43.060001,,58.750000,26.799999,9.440800,51.837524,18.400000,,29.340000,62.419998,79.947266,,9.920000,57.619999,162.655319,115.500000,50.419998,41.189999,27.030001,12.647593,77.304016,34.630001,,58.676895,22.139999,62.799999,29.094442,33.380001,30.670000,61.413044,26.620001,,,52.023529,44.345879,55.110001,25.284630,56.150002,34.770000,,44.040001,,41.520000,84.110001,,,34.250000,,51.736748,,29.900000,15.216667,61.610001,35.256916,,1.832500,1224.599976,2.147500,50.933708,65.400002,42.950001,,58.860001,26.670000,9.456420,52.615089,18.580000,,29.490000,63.810001,80.179512,,9.900000,58.174999,162.847015,116.169998,50.549999,41.220001,27.270000,12.629428,77.858505,34.820000,,59.137104,22.025000,62.750000,29.355461,34.139999,30.639999,61.471573,26.580000,,,52.285545,44.426521,55.230000,24.981026,56.900002,34.459999,,44.330002,,41.680000,85.150002,,,33.740002,,52.545704,,29.910000,15.296667,63.200001,35.388668,
2005-09-12,1.825000,1221.400024,2.136000,50.854931,65.150002,42.900002,,58.950001,26.625000,9.425180,52.576973,18.400000,,29.510000,63.810001,80.125916,,9.910000,58.049999,162.942871,116.709999,49.980000,41.209999,27.280001,12.624886,77.466537,34.790001,,59.156281,21.950001,63.049999,29.271563,33.910000,30.549999,61.647156,26.620001,,,51.869934,44.175629,55.049999,24.952562,56.680000,34.590000,,44.419998,,41.099998,85.199997,,,33.840000,,52.239487,,29.950001,15.240000,62.849998,35.046112,,1.835714,1220.199951,2.225000,51.283829,65.139999,42.700001,,59.290001,26.549999,9.368947,51.197182,18.480000,,30.209999,63.299999,80.340302,,9.920000,58.400002,165.003616,118.000000,50.240002,41.330002,27.170000,12.597639,77.896751,34.570000,,59.367210,22.125000,62.730000,29.015203,33.799999,30.940001,62.065216,26.610001,,,51.680199,44.283154,55.430000,24.990513,56.560001,34.580002,,44.330002,,41.160000,85.110001,,,33.110001,,50.662704,,29.900000,15.296667,62.520000,36.864296,
2005-09-13,1.822143,1217.000000,2.208500,51.073753,65.139999,42.529999,,59.320000,26.375000,9.312715,51.227673,18.250000,,30.250000,63.360001,79.947266,,10.090000,58.419998,164.620224,117.750000,49.980000,40.849998,27.200001,12.579473,77.906311,34.400002,,59.060402,21.785000,62.700001,29.019863,33.750000,30.940001,61.906357,26.540001,,,51.689236,44.112904,55.380001,24.829222,56.299999,34.200001,,43.959999,,40.680000,85.900002,,,33.540001,,50.795246,,29.850000,15.493333,62.200001,36.864296,,1.815000,1220.000000,2.196500,50.539822,65.400002,42.660000,,59.400002,26.379999,9.334583,50.465355,18.250000,,29.850000,62.369999,79.054001,,9.820000,58.005001,164.284760,117.199997,49.580002,40.599998,27.150000,12.502271,77.198853,34.150002,,58.830296,21.830000,62.529999,29.360123,33.119999,30.740000,61.872910,26.480000,,,50.740559,44.014336,55.459999,24.648956,55.540001,33.730000,,43.599998,,40.270000,85.360001,,,33.959999,,50.776966,,29.799999,15.023333,61.869999,36.310936,
2005-09-14,1.823571,1225.599976,2.194000,50.461044,65.410004,42.680000,,59.400002,26.285000,9.309591,50.694050,18.250000,,29.850000,62.540001,79.107597,,9.950000,57.980000,164.236832,117.750000,50.310001,40.759998,27.100000,12.470481,77.198853,34.400002,,58.830296,21.809999,62.700001,29.388088,33.299999,30.700001,61.998329,26.520000,,,50.722488,44.256271,55.389999,24.629980,55.450001,33.810001,,43.660000,,40.720001,85.379997,,,34.250000,,51.188301,,29.799999,15.060000,62.009998,36.179184,,1.771786,1215.400024,2.155000,49.865841,64.180000,42.639999,,58.299999,26.275000,9.309591,51.441120,17.840000,,28.900000,62.549999,79.036133,,9.960000,58.259998,163.182495,115.900002,50.000000,40.340000,27.070000,12.488647,76.940727,34.240002,,58.322147,21.760000,62.189999,29.192324,32.360001,30.680000,61.638798,26.309999,,,50.596001,44.363800,55.349998,24.696396,55.020000,33.369999,,43.410000,,40.410000,85.029999,,,33.950001,,50.731262,,29.594999,14.900000,62.470001,36.521740,
2005-09-15,1.785714,1222.599976,2.160000,50.110924,64.190002,42.730000,,58.330002,26.325001,9.297095,51.692684,17.920000,,29.010000,62.900002,78.535904,,9.960000,58.400002,163.278336,115.000000,49.750000,40.590000,27.240000,12.465940,76.892921,34.349998,,58.485138,21.799999,62.200001,29.196985,32.360001,30.750000,61.471573,26.370001,,,50.605034,44.086021,55.459999,24.677420,55.240002,33.549999,,43.130001,,40.410000,85.959999,,,34.000000,,51.051189,,29.299999,14.900000,62.869999,36.627140,,1.781071,1219.000000,2.135500,50.382267,65.080002,42.730000,,57.740002,26.495001,9.293971,51.486858,18.030001,,29.090000,62.450001,77.749832,,9.860000,58.099998,164.763992,115.949997,49.619999,40.340000,27.360001,12.656676,76.491394,34.130001,,59.041225,21.815001,62.369999,28.912661,33.450001,31.100000,61.295986,26.270000,,,50.550823,44.247311,55.689999,24.383303,55.500000,33.139999,,43.029999,,40.320000,86.000000,,,33.060001,,49.675503,,29.305000,14.773333,62.459999,36.758892,
2005-09-16,1.793929,1222.000000,2.140000,50.574833,65.449997,42.980000,,58.000000,26.600000,9.331459,51.753670,17.969999,,29.350000,62.919998,78.125000,,9.900000,58.285000,165.434937,116.500000,49.759998,40.750000,27.360001,12.711172,76.845123,34.230000,,59.300095,21.850000,62.389999,28.917320,33.730000,31.000000,61.596989,26.340000,,,50.686352,44.498207,55.900002,24.468691,55.740002,33.430000,,43.730000,,40.910000,86.529999,,,33.310001,,49.785191,,29.504999,14.736667,63.000000,36.890648,,1.828929,1226.000000,2.140000,52.045338,64.800003,43.680000,,57.720001,26.809999,9.450172,52.714191,18.420000,,29.850000,63.380001,78.267929,,9.930000,58.549999,165.195312,118.400002,49.650002,39.900002,27.320000,12.870118,76.797325,34.990002,,60.000000,21.700001,62.380001,28.665623,34.240002,30.820000,61.329430,26.070000,,,50.885120,44.426521,56.000000,24.573055,55.950001,33.150002,,44.220001,,40.750000,86.750000,,,32.799999,,49.382999,,29.985001,14.623333,63.700001,36.864296,
2005-09-19,1.823214,1226.000000,2.131500,51.861526,64.500000,43.680000,,57.700001,26.715000,9.384567,53.362160,18.299999,,29.850000,63.599998,79.768616,,9.880000,58.544998,164.380600,118.099998,50.110001,39.939999,27.150000,12.879201,76.233269,34.880001,,59.769894,21.674999,62.480000,28.735538,33.770000,30.799999,61.245819,26.090000,,,50.885120,44.166668,55.730000,24.373814,55.759998,33.230000,,43.310001,,40.650002,86.750000,,,32.720001,,50.319927,,29.900000,14.666667,64.000000,34.519104,,1.880000,1207.000000,2.137500,51.668961,64.099998,43.389999,,56.970001,26.410000,9.303343,53.499374,18.170000,,29.530001,64.309998,77.070953,,9.710000,58.025002,163.182495,118.279999,50.000000,39.529999,27.170000,13.115350,75.936905,34.590000,,58.523491,21.680000,62.200001,28.385958,33.500000,30.770000,60.618729,26.000000,,,50.469509,43.826164,55.430000,24.288425,55.560001,33.150002,,43.340000,,40.380001,85.720001,,,32.770000,,50.854664,,29.799999,14.670000,64.629997,36.126480,
2005-09-20,1.892500,1213.000000,2.132500,51.625195,63.849998,43.380001,,57.450001,26.405001,9.315839,53.057232,18.070000,,29.530001,64.309998,77.606911,,9.710000,58.125000,163.613815,120.389999,50.130001,39.520000,27.500000,13.115350,75.783936,34.520000,,58.628956,21.650000,62.180000,28.418585,33.500000,30.719999,60.526756,26.070000,,,50.324951,43.772400,55.389999,24.240988,56.240002,33.230000,,43.320000,,40.389999,88.000000,,,32.830002,,50.712978,,29.815001,14.693333,64.379997,36.495388,,1.899643,1210.199951,2.093500,51.205051,63.450001,43.000000,,56.810001,26.295000,9.156514,52.523609,17.969999,,28.490000,64.040001,75.498802,,9.760000,57.959999,162.176086,118.050003,49.840000,38.709999,27.540001,12.842870,75.239006,34.529999,,58.494728,21.450001,61.610001,28.129599,32.619999,30.500000,60.493313,25.840000,,,50.397228,44.077061,54.799999,24.098673,56.040001,33.049999,,43.040001,,40.360001,87.519997,,,32.700001,,49.908592,,29.615000,14.403333,64.529999,36.416336,
2005-09-21,1.891429,1200.800049,2.092500,50.942459,62.470001,42.750000,,56.700001,26.120001,9.122149,53.689957,17.889999,,28.000000,64.599998,73.694405,,9.720000,58.084999,160.642502,116.129997,49.910000,38.400002,27.570000,12.715713,74.569794,34.290001,,58.465965,21.254999,61.619999,28.036377,32.490002,30.350000,60.501671,25.799999,,,50.216530,44.354839,54.299999,23.870968,55.750000,33.099998,,42.880001,,40.180000,86.900002,,,32.560001,,51.064899,,29.420000,14.340000,65.040001,36.126480,,1.861071,1188.000000,2.062500,49.892101,62.410000,42.259998,,57.110001,25.975000,9.075289,53.689957,17.850000,,27.820000,64.269997,72.586754,,9.660000,57.599998,160.786270,115.680000,49.650002,38.349998,27.330000,12.756585,74.149139,34.009998,,58.533077,21.125000,60.560001,27.961800,31.420000,29.980000,60.476589,25.490000,,,49.141365,44.220428,54.020000,24.013283,55.900002,32.090000,,42.549999,,40.009998,86.889999,,,32.189999,,51.709324,,29.205000,14.163333,64.970001,35.678524,
2005-09-22,1.852857,1188.000000,2.060000,49.629509,62.349998,42.209999,,58.000000,25.850000,9.059669,54.162590,17.740000,,28.000000,64.919998,72.711815,,9.660000,57.500000,159.731934,115.680000,49.680000,38.439999,26.950001,12.756585,74.149139,33.900002,,58.139980,21.055000,60.560001,28.078327,31.420000,29.730000,60.367893,25.490000,,,48.996803,44.175629,53.990002,23.918406,55.910000,32.119999,,42.290001,,39.919998,86.349998,,,32.189999,,52.454296,,29.049999,14.150000,65.309998,35.704876,,1.853571,1187.400024,2.104000,49.892101,62.509998,42.189999,,58.000000,25.985001,9.006560,53.179203,18.110001,,28.760000,63.770000,73.962387,,9.720000,58.955002,159.588165,118.500000,49.759998,38.750000,26.900000,12.720254,74.770554,34.250000,,58.628956,21.110001,60.419998,28.460535,33.090000,29.459999,60.869564,25.340000,,,48.653477,44.130825,54.150002,23.956356,56.689999,33.090000,,42.290001,,40.349998,86.949997,,,32.730000,,51.553932,,29.400000,14.396667,64.980003,36.337288,
2005-09-23,1.860714,1193.000000,2.098500,49.804569,62.560001,42.209999,,58.380001,26.070000,8.997188,52.950508,17.980000,,28.770000,63.549999,74.587669,,9.730000,59.025002,159.588165,118.790001,50.599998,38.820000,26.990000,12.670300,74.282982,34.220001,,58.341324,21.125000,60.570000,28.502485,33.000000,29.459999,60.869564,25.309999,,,48.644440,44.399643,54.099998,23.814041,56.509998,33.020000,,41.340000,,40.160000,86.959999,,,32.650002,,51.325413,,29.405001,14.433333,64.599998,36.337288,,1.900000,1201.199951,2.109500,49.804569,63.200001,42.230000,,58.919998,26.040001,9.056545,52.058598,18.049999,,28.480000,63.270000,74.641266,,9.790000,59.970001,160.067413,119.470001,50.669998,38.529999,26.840000,12.929155,74.569794,34.070000,,58.245445,21.174999,61.290001,28.828760,32.639999,29.530001,60.660534,25.270000,,,48.554089,44.543011,54.509998,23.595825,56.740002,33.259998,,41.900002,,40.230000,86.639999,,,33.900002,,50.626144,,29.485001,14.400000,63.830002,36.310936,
2005-09-26,1.929643,1217.400024,2.122500,50.198456,65.500000,42.599998,,58.400002,26.150000,9.062793,51.616455,18.160000,,28.480000,63.110001,75.927567,,9.800000,60.119999,160.930054,119.949997,51.000000,38.889999,27.020000,13.047230,74.866158,34.250000,,58.485138,21.275000,61.500000,28.991898,32.950001,29.570000,61.120399,25.400000,,,48.599266,44.838711,54.720001,23.757116,56.990002,33.320000,,42.980000,,40.669998,89.000000,,,33.959999,,49.817184,,29.584999,14.590000,63.700001,36.495388,,1.922857,1213.800049,2.167000,49.892101,64.669998,42.000000,,58.340000,25.674999,9.081537,52.889523,17.920000,,28.230000,64.239998,75.052170,,9.960000,59.695000,159.444397,120.000000,51.220001,38.410000,27.030001,13.142598,74.005737,33.919998,,57.986576,21.184999,61.410000,28.698250,33.259998,29.629999,61.145485,25.270000,,,48.526985,44.874554,54.349998,23.899431,56.590000,32.939999,,43.000000,,40.919998,89.430000,,,33.770000,,51.663620,,29.315001,14.370000,64.599998,35.810276,
2005-09-27,1.925714,1218.800049,2.163000,49.822075,64.989998,42.060001,,58.400002,25.645000,9.081537,52.676075,17.870001,,28.450001,64.300003,75.070038,,9.960000,59.695000,160.402878,119.699997,51.009998,38.549999,26.900000,13.138056,73.776291,34.049999,,57.823586,21.150000,61.299999,28.632996,33.200001,29.570000,61.036789,25.370001,,,48.337250,44.650539,54.549999,23.965843,56.470001,32.820000,,42.570000,,40.700001,87.699997,,,33.619999,,51.485374,,29.350000,14.483333,64.320000,35.942028,,1.908571,1215.199951,2.158000,49.629509,66.550003,41.919998,,58.720001,25.990000,9.062793,52.584595,17.719999,,28.620001,64.180000,74.391151,,9.850000,59.299999,161.217590,119.669998,50.810001,38.389999,26.840000,12.883742,74.560226,33.880001,,57.996166,21.165001,61.599998,28.614351,33.009998,30.200001,61.187290,25.340000,,,48.490845,44.802868,55.110001,23.529411,57.099998,32.900002,,42.549999,,40.630001,88.309998,,,32.919998,,51.453381,,29.290001,14.366667,64.620003,35.441368,
2005-09-28,1.895357,1220.199951,2.162500,49.760803,66.500000,42.090000,,59.459999,25.980000,9.115901,52.897144,17.760000,,28.750000,64.699997,74.087440,,9.910000,59.285000,161.409286,120.150002,50.570000,38.299999,27.049999,12.965486,74.627151,33.889999,,57.909874,21.290001,61.910000,28.581722,33.450001,30.299999,61.471573,25.389999,,,48.915489,44.946236,55.020000,23.643265,57.189999,33.000000,,42.959999,,40.720001,90.900002,,,32.919998,,51.873856,,29.299999,14.350000,64.650002,35.625824,,1.824286,1219.000000,2.168500,49.559486,67.209999,41.599998,,57.549999,26.184999,9.069041,52.981003,17.920000,,28.469999,64.980003,74.033844,,9.950000,59.474998,160.498734,120.099998,50.919998,37.849998,27.350000,12.951862,76.003822,33.919998,,57.957813,21.434999,61.430000,28.348669,33.099998,30.290001,60.769230,25.670000,,,48.770931,45.035843,55.060001,23.586338,57.439999,33.380001,,43.049999,,40.900002,91.279999,,,32.840000,,53.071297,,29.059999,14.376667,64.699997,36.047432,
2005-09-29,1.829643,1215.000000,2.169000,49.454449,66.949997,41.549999,,57.560001,26.094999,9.053421,53.301174,17.910000,,28.400000,64.980003,73.890923,,10.000000,59.380001,159.588165,119.099998,50.509998,37.700001,28.760000,12.874659,75.764816,33.849998,,57.698944,21.469999,61.549999,28.404602,33.060001,30.299999,60.944817,25.610001,,,48.843208,44.865589,56.400002,23.681213,57.349998,33.250000,,42.980000,,40.799999,93.500000,,,32.770000,,53.459782,,29.049999,14.430000,64.500000,35.968380,,1.869286,1245.199951,2.239500,50.338505,67.279999,42.099998,,57.990002,26.280001,9.150266,54.055866,17.860001,,28.690001,65.769997,73.194176,,9.860000,59.625000,161.265518,121.220001,50.869999,38.060001,28.910000,13.142598,76.826004,34.349998,,57.372963,21.549999,60.950001,28.218159,33.480000,30.510000,61.187290,25.940001,,,48.653477,45.224014,56.500000,23.804554,58.139999,33.759998,,43.279999,,40.910000,93.959999,,,33.180000,,52.554844,,29.504999,14.513333,64.800003,35.942028,
2005-09-30,1.868929,1247.000000,2.232500,50.180950,67.150002,42.150002,,58.279999,26.215000,9.153390,53.750942,17.790001,,28.799999,65.690002,73.033386,,9.850000,59.825001,161.265518,120.889999,51.169998,38.060001,28.450001,13.228883,76.500954,34.230000,,56.567593,21.594999,60.900002,28.260109,33.490002,30.520000,61.187290,25.910000,,,48.608299,45.224014,56.750000,23.671726,57.869999,33.750000,,43.150002,,40.919998,92.290001,,,33.180000,,52.239487,,29.410000,14.493333,64.610001,35.836628,,1.914643,1239.199951,2.265000,50.277233,67.949997,42.099998,,58.750000,26.395000,9.178382,53.293552,17.920000,,29.010000,64.730003,74.444748,,9.860000,59.775002,161.361374,121.580002,51.279999,38.139999,28.400000,13.260672,76.692162,33.930000,,57.075745,21.594999,61.040001,29.364784,33.490002,30.590000,61.337791,25.730000,,,49.105225,45.698925,56.709999,23.690702,59.459999,34.220001,,43.330002,,41.549999,92.370003,,,33.900002,,51.672760,,29.285000,14.606667,63.540001,35.968380,
2005-10-03,1.934286,1234.599976,2.266500,50.750000,67.919998,42.470001,,58.759998,26.490000,9.134645,53.438393,17.930000,,28.969999,65.250000,74.462616,,10.000000,59.779999,161.025894,121.290001,51.720001,38.150002,28.510000,13.260672,76.692162,34.189999,,57.056568,21.605000,61.200001,29.532583,33.400002,30.540001,61.254181,25.709999,,,48.879349,46.075268,56.709999,23.889942,59.430000,34.099998,,43.189999,,41.570000,92.940002,,,34.000000,,52.097805,,29.250000,14.716667,63.549999,35.704876,,1.944286,1230.800049,2.300500,50.750000,67.139999,42.049999,,59.009998,26.500000,9.040925,52.569351,17.740000,,28.610001,64.449997,75.338013,,9.890000,59.799999,159.252701,121.650002,51.270000,38.119999,28.620001,13.124432,76.912048,34.119999,,56.711411,21.605000,61.410000,29.388088,33.869999,30.280001,60.643814,25.500000,,,48.680580,45.958782,56.509998,23.994307,59.310001,33.590000,,43.070000,,41.389999,92.970001,,,33.880001,,53.043877,,29.225000,14.586667,62.490002,36.310936,
2005-10-04,1.962500,1234.000000,2.300000,50.900002,67.449997,42.139999,,58.900002,26.375000,9.037801,52.371147,17.760000,,28.770000,64.459999,75.498802,,9.900000,59.924999,159.731934,120.900002,51.330002,38.240002,29.040001,12.806540,77.103249,34.119999,,56.347076,21.684999,61.419998,29.611820,33.450001,30.230000,60.643814,25.360001,,,48.761894,45.698925,56.759998,24.146111,58.450001,33.619999,,43.290001,,41.599998,93.099998,,,33.250000,,52.605118,,29.230000,14.586667,62.349998,36.100132,,1.919643,1223.199951,2.246500,49.930000,67.949997,41.910000,,57.779999,26.514999,8.953452,50.617821,17.670000,,28.400000,62.840000,75.052170,,9.780000,60.355000,157.431564,118.919998,51.180000,38.240002,28.770000,12.965486,76.586998,33.599998,,56.931927,21.520000,60.520000,29.588516,32.880001,30.129999,59.782608,24.980000,,,48.662510,45.600357,56.529999,23.946869,58.080002,33.740002,,43.020000,,41.740002,92.629997,,,32.009998,,51.425961,,28.889999,14.616667,60.549999,35.757576,
2005-10-05,1.940357,1224.000000,2.245500,49.650002,67.449997,41.950001,,56.799999,26.330000,8.940956,50.617821,17.680000,,28.170000,62.840000,74.873520,,9.750000,60.294998,157.671188,118.919998,51.540001,38.200001,29.049999,12.965486,76.586998,33.730000,,56.931927,21.480000,60.270000,29.551228,32.750000,30.129999,59.707359,25.040001,,,48.779964,45.940861,56.669998,24.098673,57.799999,33.639999,,43.049999,,42.139999,92.150002,,,32.000000,,51.521938,,28.889999,14.656667,60.549999,35.731224,,1.885000,1222.199951,2.224500,50.070000,67.050003,41.959999,,56.220001,26.205000,8.806623,48.216522,17.500000,,28.049999,62.040001,73.855194,,9.420000,58.880001,156.616852,117.750000,50.950001,37.680000,28.620001,12.475023,76.309753,33.450001,,55.858101,21.309999,60.099998,29.444021,32.849998,30.080000,59.506687,24.670000,,,48.761894,45.824371,57.250000,23.529411,57.110001,32.700001,,42.650002,,41.900002,91.000000,,,31.389999,,48.340950,,28.910000,14.500000,58.950001,35.757576,
2005-10-06,1.900000,1229.000000,2.228000,50.150002,67.550003,42.000000,,56.349998,26.295000,8.812871,47.347481,17.530001,,27.400000,61.700001,73.998116,,9.470000,58.794998,159.013077,117.699997,51.779999,37.810001,28.090000,12.506812,76.309753,33.509998,,55.321190,21.325001,60.250000,30.343611,32.860001,30.080000,59.665550,24.660000,,,48.834175,45.985664,57.250000,23.624289,57.000000,32.720001,,42.779999,,42.060001,89.400002,,,31.389999,,46.617916,,28.850000,14.650000,58.700001,35.573124,,1.846429,1233.000000,2.200500,50.070000,67.930000,42.230000,,55.189999,26.100000,8.884724,47.278873,17.730000,,26.299999,60.000000,73.587212,,9.320000,59.250000,160.977966,116.930000,51.400002,37.919998,27.840000,12.211626,76.195030,33.660000,,55.560883,21.355000,60.480000,29.695721,32.730000,29.950001,59.456524,24.730000,,,48.915489,46.075268,57.959999,23.387096,56.220001,32.799999,,42.480000,,42.020000,89.070000,,,30.530001,,47.093235,,29.125000,14.643333,58.570000,35.599472,
2005-10-07,1.847143,1241.000000,2.213500,50.400002,67.709999,42.560001,,55.520000,26.225000,8.881600,48.025944,17.740000,,26.770000,60.369999,75.034302,,9.320000,59.375000,162.463623,117.250000,51.619999,38.150002,28.000000,12.170754,76.720840,33.880001,,55.800575,21.320000,60.650002,29.765636,32.759998,29.950001,59.790970,24.770000,,,49.105225,46.397850,58.099998,23.415560,56.549999,32.900002,,42.790001,,42.330002,89.709999,,,31.000000,,47.989033,,29.430000,14.673333,59.080002,35.731224,,1.832143,1237.400024,2.186000,49.820000,67.300003,42.270000,,56.619999,26.320000,8.840987,48.483334,17.629999,,25.580000,61.000000,75.052170,,9.230000,59.794998,163.997208,117.570000,51.689999,37.799999,28.110001,12.306994,76.959846,33.900002,,55.886864,21.100000,60.330002,29.593178,32.220001,29.790001,59.974915,24.590000,,,48.834175,46.514336,57.470001,23.140417,56.040001,33.080002,,42.950001,,42.240002,90.580002,,,30.629999,,49.223034,,29.285000,14.676667,59.599998,36.442688,
2005-10-10,1.848571,1240.199951,2.191000,50.009998,67.059998,42.400002,,56.549999,26.250000,8.828491,48.330872,17.500000,,25.750000,60.950001,75.230820,,9.200000,59.750000,164.045135,118.000000,51.090000,38.099998,28.270000,12.384196,77.667305,34.000000,,56.059444,21.070000,60.169998,29.593178,32.470001,29.840000,60.200668,24.670000,,,48.427601,46.594982,57.110001,23.111954,56.040001,33.250000,,43.040001,,42.160000,90.760002,,,30.600000,,48.994514,,29.260000,14.890000,59.599998,36.389988,,1.798929,1237.000000,2.188000,49.049999,67.900002,42.090000,,55.570000,26.129999,8.872227,48.201275,17.490000,,25.129999,60.330002,75.480942,,8.930000,59.634998,162.894943,118.510002,50.980000,38.020000,27.740000,12.111717,77.676865,33.520000,,55.618408,20.990000,60.470001,28.866049,32.340000,29.690001,59.690636,24.459999,,,48.319180,46.612904,57.299999,23.197344,55.840000,33.250000,,42.950001,,42.150002,89.639999,,,30.059999,,48.007313,,28.924999,14.846667,58.500000,36.231884,
2005-10-11,1.829643,1234.400024,2.196000,49.169998,67.550003,42.150002,,55.860001,26.170000,8.862855,48.483334,17.430000,,25.400000,60.459999,75.623863,,8.840000,59.525002,162.894943,119.199997,50.610001,38.020000,28.690001,12.111717,78.632889,33.490002,,55.465004,20.924999,60.400002,28.963930,33.049999,29.750000,59.573578,24.510000,,,48.219795,46.317204,57.009998,23.197344,56.000000,33.790001,,43.090000,,42.070000,92.250000,,,30.080000,,48.560329,,28.950001,14.996667,58.990002,35.968380,,1.842500,1234.199951,2.170000,49.180000,66.699997,41.880001,,55.560001,26.070000,8.847235,49.253273,17.190001,,25.000000,62.150002,75.838242,,8.710000,59.705002,161.984390,117.550003,50.130001,38.230000,28.629999,12.370572,79.531548,33.310001,,55.397892,20.830000,59.570000,28.656300,32.340000,29.660000,58.988293,24.410000,,,47.451820,46.263439,57.130001,23.055029,56.009998,34.430000,,42.669998,,41.570000,91.870003,,,29.370001,,49.177330,,28.934999,15.006667,59.400002,35.098812,
2005-10-12,1.737500,1224.800049,2.145500,48.900002,66.800003,41.900002,,55.650002,25.850000,8.809747,49.291389,17.150000,,24.750000,62.020000,75.838242,,8.750000,59.575001,160.930054,117.550003,51.049999,38.250000,28.330000,12.238874,79.110901,33.150002,,55.273251,20.764999,59.590000,28.670284,32.250000,29.520000,58.770905,24.490000,,,47.298225,46.594982,56.930000,24.165085,56.009998,34.240002,,42.650002,,41.349998,91.110001,,,29.240000,,49.131626,,28.924999,15.020000,59.380001,35.046112,,1.758929,1230.400024,2.127500,48.209999,67.650002,41.889999,,54.759998,25.980000,8.722274,48.384232,17.430000,,24.750000,60.959999,75.748917,,8.690000,59.720001,161.984390,115.650002,50.730000,38.119999,28.160000,12.397820,78.575523,33.270000,,55.023968,20.860001,59.490002,28.171549,31.670000,29.480000,58.846153,24.299999,,,47.524101,46.317204,57.709999,23.567362,56.029999,33.500000,,42.380001,,40.900002,91.129997,,,30.100000,,47.536564,,28.940001,14.980000,58.939999,34.650856,
2005-10-13,1.765714,1228.000000,2.121500,48.220001,67.269997,41.889999,,54.560001,25.855000,8.687910,47.980206,17.320000,,24.760000,60.650002,75.748917,,8.650000,59.375000,161.744766,115.199997,50.389999,37.869999,28.260000,12.125341,78.107079,32.980000,,54.458294,20.750000,59.500000,28.176208,32.369999,29.520000,58.620399,24.309999,,,47.478924,45.582436,57.200001,23.538898,55.980000,33.509998,,42.230000,,40.349998,91.839996,,,30.200001,,46.869286,,28.840000,14.966667,58.500000,34.571804,,1.919286,1245.400024,2.131000,48.250000,66.489998,42.000000,,54.000000,25.889999,8.497345,46.539425,17.299999,,24.700001,59.540001,75.963303,,8.990000,59.570000,163.038727,113.180000,50.459999,37.950001,28.340000,12.370572,78.585083,33.750000,,54.563759,20.860001,59.290001,28.269430,32.049999,29.559999,58.586956,24.590000,,,47.894535,46.129032,57.470001,23.244781,56.200001,33.200001,,42.669998,,40.820000,91.250000,,,30.889999,,45.836380,,29.270000,14.920000,58.160000,35.019764,
2005-10-14,1.929643,1250.000000,2.150000,48.290001,66.610001,42.150002,,54.400002,25.889999,8.528585,46.120152,17.350000,,24.900000,59.119999,76.642181,,8.750000,59.575001,164.859848,114.099998,51.540001,38.910000,28.700001,12.370572,78.967499,33.980000,,54.793865,20.860001,59.599998,28.427908,32.150002,29.570000,58.762543,24.709999,,,47.867432,46.030464,57.250000,23.187857,55.849998,33.200001,,42.750000,,41.250000,91.620003,,,30.500000,,45.018284,,29.415001,15.060000,57.799999,35.019764,,1.928571,1248.800049,2.189500,47.950001,67.500000,42.049999,,54.740002,26.200001,8.528585,47.515190,17.270000,,24.980000,59.480000,76.856567,,8.610000,60.040001,164.572296,114.550003,51.669998,38.410000,28.809999,12.506812,78.728493,34.080002,,54.880154,21.035000,60.720001,28.595707,32.320000,29.790001,59.130436,24.670000,,,48.201725,46.120071,57.509998,23.074003,56.110001,33.540001,,43.250000,,41.660000,92.110001,,,29.930000,,46.284279,,29.490000,15.013333,58.639999,35.283268,
2005-10-17,1.927857,1243.000000,2.181500,47.849998,67.150002,42.099998,,55.200001,26.080000,8.497345,48.475712,17.230000,,25.000000,59.990002,76.713646,,9.250000,60.174999,163.949280,115.989998,50.900002,38.500000,29.340000,12.511353,78.738052,34.209999,,54.784275,20.975000,60.599998,28.591045,32.320000,29.799999,59.372910,24.680000,,,48.237865,45.465950,57.369999,23.111954,56.020000,33.500000,,43.470001,,41.040001,92.150002,,,30.049999,,47.760513,,29.549999,15.093333,59.049999,35.125164,,1.908571,1262.000000,2.251000,48.119999,67.239998,42.049999,,55.029999,26.195000,8.481724,48.041187,17.170000,,25.250000,59.950001,77.196007,,8.660000,60.110001,162.990799,117.050003,50.730000,38.459999,29.480000,12.434151,78.957932,34.000000,,54.525406,21.045000,61.180000,28.176208,32.700001,29.600000,60.593643,24.530001,,,48.807072,46.066307,57.759998,22.884251,55.779999,33.270000,,43.560001,,41.130001,91.860001,,,29.770000,,47.298904,,29.570000,15.080000,58.860001,34.545456,
2005-10-18,1.901786,1262.000000,2.246000,47.980000,67.110001,42.099998,,54.869999,26.000000,8.478600,47.949711,17.110001,,25.260000,59.099998,77.285332,,8.610000,59.764999,162.942871,116.550003,50.910000,38.299999,29.290001,12.397820,80.621414,33.980000,,54.573345,21.004999,60.950001,28.199514,32.799999,29.760000,61.287624,24.490000,,,48.807072,46.774193,57.459999,22.903227,55.400002,33.270000,,43.189999,,40.580002,91.639999,,,29.610001,,47.074955,,29.570000,15.066667,58.299999,34.624508,,1.864643,1256.199951,2.232500,47.889999,67.120003,41.570000,,53.959999,26.055000,8.369260,45.799980,16.980000,,25.430000,57.290001,76.052628,,8.470000,59.959999,162.942871,117.089996,51.189999,38.160000,28.969999,12.593097,79.808792,33.770000,,54.669224,20.875000,60.889999,27.546965,32.470001,29.389999,62.466557,24.570000,,,48.436634,47.750896,58.320000,22.893738,55.349998,32.759998,,43.259998,,40.750000,91.320000,,,29.799999,,45.644424,,29.450001,15.043333,56.299999,34.150200,
2005-10-19,1.859643,1251.000000,2.227000,47.770000,66.870003,41.849998,,53.970001,25.879999,8.431740,45.830471,16.910000,,25.190001,57.419998,76.070496,,8.450000,60.400002,162.607407,116.250000,51.459999,38.000000,28.620001,12.443233,78.785851,34.150002,,54.688400,20.885000,61.500000,27.556286,32.700001,28.600000,62.474915,24.559999,,,48.472775,47.356632,57.700001,22.846300,54.650002,32.950001,,42.639999,,41.020000,90.169998,,,29.500000,,45.644424,,29.275000,15.043333,56.500000,34.097496,,1.962143,1269.599976,2.293000,48.970001,68.370003,42.439999,,55.430000,26.340000,8.650422,46.920586,17.200001,,26.010000,58.340000,76.088356,,8.470000,60.529999,164.907776,121.199997,52.049999,39.259998,28.879999,12.552225,80.468452,34.730000,,55.167786,20.900000,62.709999,28.791471,33.689999,28.389999,63.252506,25.090000,,,49.972584,48.136200,58.130001,22.741936,55.669998,33.009998,,43.540001,,41.549999,89.809998,,,30.070000,,45.237659,,29.850000,15.330000,57.169998,33.702240,
2005-10-20,1.945357,1269.599976,2.295000,48.970001,68.500000,42.540001,,55.180000,26.309999,8.647298,46.501308,17.200001,,26.480000,58.119999,76.088356,,8.470000,60.529999,165.147385,119.980003,50.549999,39.759998,28.000000,12.565849,80.305923,34.889999,,55.071907,21.450001,62.450001,28.875372,33.450001,28.400000,63.252506,25.049999,,,49.737675,47.356632,58.139999,21.214420,55.700001,32.849998,,44.279999,,40.959999,88.550003,,,30.200001,,44.378429,,29.850000,15.383333,57.000000,33.544136,,2.005000,1256.000000,2.250500,47.360001,67.300003,42.200001,,54.029999,26.045000,8.578569,44.023781,16.930000,,25.719999,55.750000,76.016899,,8.420000,58.990002,162.367783,118.750000,50.529999,39.570000,27.650000,12.452316,79.512428,34.750000,,54.697987,21.049999,61.639999,28.432570,32.400002,28.440001,62.625420,24.790001,,,48.626369,47.670250,57.669998,20.777988,55.169998,33.439999,,43.580002,,40.599998,87.519997,,,29.770000,,42.481716,,29.559999,15.200000,55.200001,32.700920,
2005-10-21,2.030000,1261.000000,2.283500,47.200001,67.279999,42.349998,,49.259998,26.090000,8.675414,43.833202,17.120001,,26.000000,55.770000,76.731506,,8.430000,59.150002,162.703247,119.800003,50.720001,39.799999,27.420000,12.511353,79.426384,34.770000,,54.937679,21.195000,61.639999,28.577063,31.820000,28.410000,62.500000,24.910000,,,48.563126,47.724014,57.810001,20.872866,55.169998,33.689999,,43.959999,,40.700001,87.980003,,,29.549999,,42.504570,,29.799999,15.260000,55.279999,33.596840,,1.987857,1258.400024,2.297500,47.150002,66.019997,42.259998,,48.919998,26.014999,8.456732,44.328709,17.030001,,26.129999,56.299999,77.535446,,8.250000,58.270000,161.648911,118.769997,49.900002,39.650002,27.400000,12.520436,79.665390,35.130001,,54.477470,20.965000,60.799999,28.577063,32.480000,28.200001,62.617058,24.780001,,,47.641556,47.069893,57.590000,20.161289,54.810001,33.020000,,43.619999,,40.119999,87.290001,,,30.520000,,43.258682,,29.580000,15.240000,55.369999,35.441368,
2005-10-24,1.973214,1266.000000,2.306000,47.950001,66.500000,42.509998,,49.500000,25.980000,8.475476,44.328709,17.080000,,26.420000,56.310001,77.928482,,8.420000,58.549999,161.792679,119.699997,50.490002,40.000000,27.250000,12.556767,79.493309,35.259998,,55.608822,21.090000,60.799999,28.460535,32.650002,28.110001,63.035118,24.889999,,,47.614449,47.616486,57.619999,20.218216,54.990002,33.270000,,43.520000,,40.340000,87.699997,,,30.639999,,43.190128,,29.799999,15.363333,55.310001,34.993412,,2.028214,1274.400024,2.346500,49.540001,67.320000,43.380001,,50.310001,26.250000,8.653546,45.967690,17.160000,,26.170000,57.830002,79.143326,,8.600000,59.290001,163.565887,123.300003,50.990002,40.660000,27.600000,12.829246,79.799232,35.759998,,55.733459,21.200001,62.349998,28.880032,33.119999,28.400000,63.177258,25.100000,,,48.698650,47.956989,57.959999,20.009487,55.099998,34.099998,,43.980000,,40.860001,88.919998,,,30.920000,,44.675503,,29.990000,15.403333,56.849998,34.835312,
2005-10-25,2.014286,1268.000000,2.344000,49.529999,67.349998,43.400002,,50.430000,26.240000,8.616057,46.051544,17.020000,,26.209999,57.950001,79.143326,,8.630000,59.000000,162.990799,122.519997,50.209999,40.599998,27.820000,12.624886,79.426384,35.700001,,55.273251,21.125000,62.099998,28.782148,33.049999,28.340000,63.336121,24.950001,,,49.014874,48.252689,57.959999,20.142315,55.150002,33.990002,,43.799999,,41.000000,89.129997,,,28.980000,,44.904022,,29.855000,15.320000,56.950001,34.703556,,2.003571,1275.000000,2.308500,49.720001,66.970001,43.180000,,50.290001,26.200001,8.697282,47.599045,17.120001,,25.860001,58.669998,78.410851,,8.630000,58.209999,162.511551,123.550003,49.790001,40.119999,27.700001,12.479564,79.694077,35.720001,,54.573345,21.230000,61.230000,28.437229,33.000000,28.450001,63.269230,25.030001,,,47.813221,48.136200,58.000000,20.113852,55.590000,33.950001,,43.520000,,40.459999,89.120003,,,28.549999,,46.183727,,29.934999,15.130000,57.200001,34.729908,
2005-10-26,2.010000,1269.000000,2.050000,49.730000,65.400002,43.080002,,50.299999,26.049999,8.684786,48.010696,17.080000,,25.830000,58.599998,78.410851,,8.600000,58.474998,162.847015,123.250000,49.910000,39.950001,27.719999,11.594005,79.321220,35.709999,,54.458294,21.240000,61.349998,28.390619,33.000000,28.290001,63.193981,24.969999,,,47.885502,48.019714,57.709999,20.208729,55.590000,34.750000,,43.349998,,40.450001,90.250000,,,28.500000,,46.019196,,29.860001,15.056667,57.250000,34.729908,,2.036786,1270.000000,1.987500,50.139999,65.099998,43.200001,,50.549999,26.075001,8.631678,47.873482,17.100000,,25.360001,57.660000,80.125916,,8.520000,57.834999,161.505142,124.250000,49.360001,40.259998,27.750000,12.243415,79.244743,36.099998,,54.170662,21.170000,60.070000,27.882563,32.310001,28.170000,62.851170,25.110001,,,47.659626,47.741936,57.549999,19.981026,54.990002,37.060001,,43.080002,,40.220001,90.449997,,,28.230000,,46.133453,,29.865000,15.193333,56.200001,35.019764,
2005-10-27,2.035357,1270.000000,1.982000,50.200001,65.099998,43.209999,,50.450001,26.049999,8.591065,48.208900,17.020000,,25.280001,57.990002,83.055832,,8.500000,57.375000,161.169662,123.800003,51.669998,40.049999,27.950001,12.179837,78.900574,36.099998,,54.017258,21.174999,60.080002,27.887222,32.299999,28.139999,63.060200,25.219999,,,47.677696,48.387096,57.599998,19.990513,55.000000,37.250000,,43.080002,,39.939999,91.220001,,,28.200001,,46.709324,,29.825001,15.146667,56.549999,35.019764,,1.978929,1262.599976,1.953000,48.900002,64.050003,43.180000,,49.900002,26.040001,8.434864,46.425079,17.049999,,24.750000,56.500000,80.751205,,8.140000,57.580002,160.930054,122.430000,51.340000,39.389999,27.299999,12.170754,78.690247,36.029999,,54.113136,21.075001,59.820000,27.080856,31.549999,28.070000,62.550167,24.850000,,,47.280155,48.136200,58.270000,20.018974,55.020000,36.930000,,42.410000,,39.490002,90.269997,,,27.469999,,44.707497,,29.795000,14.913333,55.599998,34.650856,
2005-10-28,2.001429,1266.000000,1.977500,49.349998,64.250000,43.430000,,50.150002,26.139999,8.528585,46.867222,17.139999,,25.000000,56.849998,81.823120,,8.080000,58.000000,161.409286,123.699997,52.580002,39.750000,27.370001,12.284287,78.699806,36.220001,,54.314476,21.200001,60.400002,27.085518,31.840000,28.129999,62.918060,25.100000,,,47.433750,48.028675,58.299999,20.075901,55.480000,37.349998,,42.400002,,39.610001,90.599998,,,27.559999,,44.972576,,29.844999,14.996667,56.049999,34.703556,,1.945357,1286.000000,1.947500,49.540001,65.639999,43.980000,,51.070000,26.570000,8.612933,48.224144,17.139999,,25.120001,57.380001,81.894585,,8.020000,58.325001,163.182495,124.559998,52.389999,40.520000,27.330000,12.697548,77.839386,36.439999,,54.966442,21.415001,61.320000,27.686796,32.290001,28.320000,63.745819,25.530001,,,48.879349,47.849461,58.830002,20.398481,55.919998,38.259998,,42.740002,,39.750000,91.250000,,,28.000000,,45.475319,,30.330000,15.166667,56.310001,34.914360,
2005-10-31,1.971429,1293.000000,1.967500,49.830002,65.800003,44.000000,,52.000000,26.600000,8.597313,48.902607,17.160000,,24.750000,57.560001,82.180428,,8.050000,58.244999,162.942871,125.000000,52.400002,40.599998,27.730000,12.697548,77.925430,36.500000,,55.129433,21.299999,61.320000,27.873240,32.290001,28.320000,63.745819,25.610001,,,48.698650,47.831539,58.840000,20.683111,55.669998,38.500000,,42.549999,,39.820000,92.220001,,,28.170000,,47.372028,,30.325001,15.366667,57.029999,34.940712,,2.056786,1296.000000,1.993000,49.770000,64.639999,43.740002,,52.590000,26.480000,8.687910,49.840256,17.450001,,24.410000,57.070000,81.930313,,8.320000,58.150002,162.511551,126.370003,51.990002,41.040001,27.809999,12.733878,78.279160,36.619999,,54.496643,21.389999,60.560001,27.789339,31.600000,28.299999,63.528427,25.700001,,,48.472775,48.225807,59.080002,20.626186,55.990002,39.669998,,42.939999,,40.119999,92.809998,,,28.549999,,48.098721,,30.100000,15.770000,56.139999,35.757576,
2005-11-01,2.044286,1296.000000,1.998500,49.799999,65.000000,43.750000,,52.599998,26.625000,8.666042,49.680168,17.330000,,24.410000,57.070000,82.108971,,8.330000,57.924999,162.799103,126.699997,51.970001,41.000000,27.700001,12.629428,78.250481,36.790001,,54.256950,21.309999,60.500000,27.803324,32.730000,28.299999,63.127090,25.610001,,,48.517948,48.234768,59.000000,20.635674,56.500000,39.570000,,42.639999,,39.740002,92.559998,,,28.299999,,47.870201,,30.010000,15.706667,56.090000,35.757576,,2.053571,1301.599976,2.018500,49.150002,65.050003,43.619999,,52.720001,26.180000,8.778507,50.419617,17.480000,,24.379999,57.639999,81.090645,,8.220000,58.020000,161.025894,126.599998,51.880001,40.980000,27.700001,12.842870,78.001915,36.849998,,53.662514,21.325001,59.950001,27.486370,31.770000,28.389999,62.591972,25.959999,,,48.897419,48.369175,58.560001,20.445921,55.250000,40.020000,,42.830002,,39.639999,93.269997,,,28.549999,,48.359234,,29.945000,15.663333,56.400002,35.968380,
2005-11-02,2.061429,1301.599976,2.014500,49.240002,64.720001,43.779999,,52.849998,26.235001,8.819119,50.419617,17.379999,,24.230000,57.540001,82.484138,,8.200000,58.000000,161.025894,126.000000,51.430000,40.880001,27.500000,12.829246,77.629066,36.709999,,53.355705,21.290001,60.099998,27.546965,32.200001,28.430000,62.775921,25.930000,,,48.915489,48.431900,58.759998,20.407970,55.000000,39.919998,,42.650002,,39.349998,91.720001,,,28.799999,,48.359234,,29.700001,15.583333,56.500000,35.889328,,2.141071,1324.400024,2.037500,49.970001,64.699997,44.080002,,53.689999,26.145000,8.997188,50.854137,17.629999,,24.490000,58.520000,80.983452,,8.270000,58.150002,162.032303,129.130005,51.959999,41.259998,27.820000,13.074478,77.495216,37.200001,,53.911793,21.275000,59.980000,28.171549,32.259998,28.180000,62.834450,26.459999,,,48.969700,48.655914,58.970001,20.493359,55.650002,40.880001,,43.299999,,39.779999,92.900002,,,29.639999,,49.369286,,29.815001,15.853333,57.380001,36.258236,
2005-11-03,2.152143,1328.000000,2.044500,50.049999,64.400002,44.250000,,54.099998,26.150000,8.619182,50.892254,17.719999,,25.950001,58.790001,81.251434,,8.250000,58.450001,162.463623,130.000000,52.349998,41.340000,28.000000,13.074478,77.963669,37.259998,,53.930969,21.315001,59.970001,28.385958,32.450001,28.360001,62.959866,26.600000,,,49.032944,48.879929,58.970001,20.588236,55.900002,40.880001,,43.250000,,39.970001,93.150002,,,30.000000,,50.009140,,29.775000,16.000000,57.830002,36.521740,,2.208929,1318.400024,2.078000,49.730000,65.500000,44.009998,,53.480000,26.000000,8.547329,51.967121,17.510000,,26.440001,59.480000,80.822662,,8.380000,58.075001,162.847015,129.199997,52.430000,40.790001,28.000000,13.051771,79.225624,37.090000,,54.506233,21.290001,59.970001,28.651640,33.230000,28.200001,62.826088,26.440001,,,49.258820,48.557346,59.049999,20.749525,55.959999,41.549999,,43.000000,,39.919998,93.139999,,,30.809999,,50.342777,,29.750000,15.816667,58.570000,36.574440,
2005-11-04,2.155357,1318.400024,2.074500,49.900002,65.199997,44.150002,,53.759998,25.850000,8.544205,51.906136,17.540001,,26.500000,59.480000,81.233566,,8.450000,58.075001,162.847015,129.750000,52.689999,40.930000,27.799999,13.056312,79.263863,37.099998,,54.650047,21.330000,59.959999,28.875372,33.279999,28.160000,63.001671,26.530001,,,49.466625,48.611111,58.939999,20.939280,56.200001,41.849998,,43.119999,,39.720001,91.769997,,,30.809999,,50.086838,,29.875000,15.800000,58.570000,36.495388,,2.183929,1319.800049,2.054500,49.400002,65.279999,44.230000,,53.549999,25.924999,8.478600,50.503471,17.870001,,27.020000,58.009998,81.340759,,8.290000,58.189999,163.038727,130.960007,52.630001,41.360001,27.299999,12.956403,79.349907,37.310001,,54.256950,21.150000,59.160000,28.921982,33.430000,28.260000,62.817726,26.660000,,,49.828026,48.503586,58.599998,21.119545,55.919998,41.419998,,42.730000,,39.939999,92.250000,,,30.950001,,48.171844,,29.860001,15.896667,57.900002,36.600792,
2005-11-07,2.173214,1320.000000,2.054000,49.730000,65.480003,44.400002,,53.750000,25.975000,8.450484,50.274776,17.879999,,27.080000,58.009998,81.287163,,8.360000,58.450001,163.422119,130.500000,53.139999,41.340000,27.200001,12.947321,79.445503,37.459999,,54.324066,21.174999,59.250000,28.852066,33.250000,28.230000,63.252506,26.719999,,,49.927410,48.835125,58.480000,21.204933,55.520000,41.389999,,42.840000,,40.230000,91.449997,,,31.240000,,47.582268,,30.004999,15.973333,57.799999,36.679844,,2.151071,1326.800049,2.069500,49.799999,65.690002,44.459999,,54.250000,25.985001,8.266167,50.122314,17.850000,,27.670000,57.400002,81.037048,,8.340000,58.250000,163.038727,129.149994,53.349998,41.500000,27.389999,13.047230,79.933075,37.680000,,55.148609,21.205000,59.680000,28.707573,33.700001,28.330000,63.419731,27.010000,,,49.945480,49.014336,58.560001,21.129032,55.580002,42.009998,,42.869999,,40.230000,91.849998,,,31.049999,,47.234917,,30.145000,16.016666,57.099998,37.022400,
2005-11-08,2.141071,1320.000000,2.066500,49.349998,65.050003,44.389999,,54.250000,25.830000,8.203686,49.893620,17.780001,,27.400000,57.160000,80.751205,,8.350000,57.950001,162.367783,128.350006,53.150002,41.200001,27.000000,12.847411,79.741875,37.439999,,55.148609,21.205000,59.430000,28.707573,33.700001,28.330000,63.419731,26.940001,,,49.918373,48.718639,58.029999,21.081594,55.369999,41.840000,,42.630001,,40.869999,91.220001,,,31.129999,,47.326324,,29.995001,15.933333,56.810001,36.890648,,2.139286,1317.000000,2.097500,49.130001,65.010002,44.389999,,54.250000,26.330000,8.234927,50.777905,17.860001,,26.959999,57.860001,81.287163,,8.260000,58.630001,161.792679,127.519997,53.090000,40.570000,26.990000,12.960945,79.493309,37.340000,,54.976032,21.070000,59.500000,28.493162,34.000000,28.719999,63.503345,27.049999,,,49.602150,48.682796,58.299999,20.787476,55.709999,41.599998,,42.740002,,40.680000,91.110001,,,31.129999,,47.372028,,30.080000,15.870000,57.369999,37.206852,
2005-11-09,2.142857,1305.000000,2.089500,49.250000,65.099998,44.470001,,54.259998,26.410000,8.200562,50.518719,17.780001,,27.400000,57.849998,81.680199,,8.210000,58.580002,162.223999,127.839996,52.869999,40.689999,27.120001,12.897366,79.072655,37.349998,,55.627995,21.084999,59.500000,28.605028,34.000000,28.610001,63.545151,26.980000,,,49.737675,48.082436,58.250000,20.844402,55.880001,41.750000,,42.619999,,39.880001,91.180000,,,30.650000,,47.303474,,30.065001,15.843333,57.369999,37.154148,,2.146786,1327.400024,2.070000,49.330002,64.709999,44.540001,,54.099998,26.580000,8.313027,50.000343,17.750000,,27.190001,56.770000,81.340759,,8.030000,58.599998,162.559479,128.699997,53.189999,40.810001,26.930000,12.820163,79.196938,37.720001,,55.771812,21.090000,59.240002,28.539774,33.330002,28.870001,63.620399,26.959999,,,50.370125,48.279572,58.299999,21.024668,56.000000,41.990002,,42.820000,,39.919998,90.540001,,,31.250000,,45.498173,,30.215000,16.066668,57.500000,37.180500,
2005-11-10,2.165714,1327.400024,2.073500,49.500000,64.769997,44.619999,,53.930000,26.485001,8.313027,49.055073,17.260000,,27.170000,56.639999,81.465820,,8.030000,58.799999,162.799103,128.149994,53.680000,40.919998,26.889999,12.774750,79.063095,37.750000,,55.608822,21.190001,59.250000,28.409264,32.950001,28.850000,63.620399,26.940001,,,50.315914,48.360214,58.480000,21.024668,56.000000,41.959999,,42.590000,,39.959999,90.860001,,,31.150000,,45.210239,,30.219999,16.083332,57.299999,37.154148,,2.185000,1343.800049,2.109000,49.860001,66.099998,45.299999,,54.689999,26.825001,8.544205,48.323246,17.150000,,27.200001,56.230000,83.770439,,7.820000,58.750000,165.339096,130.089996,53.369999,41.740002,26.879999,12.838329,80.296364,38.320000,,56.596355,21.260000,59.169998,29.635126,33.230000,29.170000,64.531776,27.090000,,,50.415298,48.181004,58.889999,21.072105,56.369999,42.790001,,42.639999,,39.900002,90.900002,,,31.620001,,43.619743,,30.725000,16.346666,56.450001,36.890648,
2005-11-11,2.197857,1345.000000,2.118500,49.490002,65.800003,45.250000,,54.820000,26.815001,8.559825,48.445217,17.150000,,27.320000,56.060001,83.949097,,7.830000,58.500000,165.578705,129.449997,53.669998,41.200001,27.110001,12.824705,80.497131,38.169998,,56.356663,21.225000,59.049999,29.318172,33.349998,29.100000,64.724083,27.150000,,,50.234600,48.378136,59.020000,21.204933,56.410000,42.740002,,42.720001,,40.310001,90.800003,,,31.620001,,44.040218,,30.775000,16.386667,56.290001,36.758892,,2.197857,1344.800049,2.134000,50.450001,65.349998,45.459999,,54.869999,26.815001,8.412996,48.407101,17.469999,,27.080000,56.630001,84.324265,,7.970000,58.174999,166.057953,130.000000,53.529999,41.910000,27.100000,12.951862,80.831741,38.259998,,56.615532,21.379999,59.389999,29.448683,33.799999,29.299999,64.841141,27.280001,,,50.162319,48.611111,58.700001,21.280834,56.369999,43.360001,,42.950001,,40.790001,91.019997,,,31.120001,,44.017368,,31.075001,16.333332,56.520000,36.890648,
2005-11-14,2.197857,1341.000000,2.126000,50.500000,65.250000,45.310001,,54.799999,26.764999,8.397376,49.100811,17.420000,,27.180000,56.950001,84.109886,,8.050000,58.049999,166.105881,130.320007,53.299999,42.400002,26.540001,12.779292,80.544930,37.980000,,57.526367,21.360001,59.500000,29.383429,33.799999,29.420000,64.673912,27.360001,,,49.963551,48.252689,58.410000,21.413662,56.299999,43.270000,,42.580002,,40.610001,90.089996,,,31.280001,,44.926872,,31.040001,16.469999,56.820000,36.890648,,2.194643,1350.000000,2.126500,50.910000,66.230003,45.619999,,55.430000,26.584999,8.306779,48.277508,17.350000,,27.139999,56.599998,83.252350,,7.930000,57.974998,164.859848,129.240005,53.000000,42.570000,26.559999,12.806540,80.650093,38.130001,,57.401726,21.290001,59.790001,29.714365,33.930000,29.280001,64.908028,27.370001,,,50.740559,47.903225,58.599998,21.110058,55.919998,42.759998,,42.549999,,40.279999,90.279999,,,31.879999,,45.831810,,31.195000,16.433332,56.650002,37.549408,
2005-11-15,2.200000,1346.800049,2.273000,50.980000,66.209999,45.580002,,55.400002,26.760000,8.291159,48.277508,17.309999,,27.150000,56.990002,83.448868,,7.950000,58.095001,164.907776,129.699997,52.610001,43.209999,26.549999,12.670300,80.334610,38.020000,,57.401726,21.235001,59.549999,29.798264,33.820000,29.320000,64.866219,27.330000,,,50.740559,48.064514,58.500000,20.635674,55.970001,42.720001,,42.419998,,40.270000,90.050003,,,31.700001,,45.831810,,31.215000,16.266666,56.419998,37.417656,,2.224286,1333.599976,2.222500,50.930000,67.000000,45.250000,,55.900002,26.764999,8.269291,47.934464,17.270000,,26.559999,56.689999,82.627060,,7.840000,57.750000,164.859848,127.970001,52.320000,42.400002,26.709999,12.770209,81.768639,37.730000,,56.970280,21.230000,60.000000,29.402073,33.310001,29.010000,65.267555,27.500000,,,50.713455,47.948029,58.700001,20.768501,56.000000,42.150002,,42.310001,,40.000000,90.110001,,,31.469999,,44.803474,,30.754999,16.260000,56.430000,37.391304,
2005-11-16,2.255357,1329.599976,2.213500,50.930000,67.099998,45.400002,,55.900002,26.900000,8.244299,48.407101,17.209999,,26.559999,56.290001,82.269753,,7.820000,57.875000,164.811920,128.350006,51.830002,42.400002,26.770000,12.783833,81.692162,37.910000,,56.912750,21.219999,60.419998,29.518600,33.360001,29.040001,65.551842,27.480000,,,50.939331,47.616486,58.750000,20.777988,56.180000,42.209999,,42.299999,,39.730000,91.750000,,,31.660000,,45.155392,,30.754999,16.260000,56.389999,37.470356,,2.319643,1326.599976,2.265000,50.080002,67.440002,44.970001,,56.730000,26.799999,8.153702,49.321880,17.219999,,26.370001,57.150002,80.143784,,7.650000,58.180000,165.530792,128.179993,51.840000,42.230000,26.959999,12.838329,82.734222,37.810001,,56.903164,21.070000,60.419998,29.248257,32.799999,29.049999,64.306023,27.740000,,,51.246521,47.849461,58.680000,20.275143,56.599998,41.900002,,42.080002,,39.959999,92.000000,,,31.549999,,45.461609,,30.495001,16.293333,57.180000,37.496704,
2005-11-17,2.342500,1326.599976,2.271500,50.020000,67.919998,45.000000,,56.980000,26.780001,8.144330,49.177040,17.260000,,26.420000,57.599998,80.608284,,7.690000,58.375000,165.722488,128.000000,51.830002,42.400002,27.500000,12.942779,82.390060,37.700001,,56.883987,21.090000,60.389999,29.318172,33.080002,29.040001,64.632111,27.850000,,,51.020645,48.154121,58.680000,20.351044,56.849998,42.200001,,42.189999,,39.860001,94.820000,,,31.549999,,45.703838,,30.475000,16.346666,57.540001,37.549408,,2.304286,1341.400024,2.337000,49.500000,67.650002,45.340000,,57.470001,27.100000,8.234927,48.086929,17.370001,,27.100000,57.459999,81.823120,,7.800000,59.049999,166.105881,130.410004,52.049999,42.509998,27.809999,13.169846,83.068832,37.930000,,57.305847,20.934999,60.959999,29.416056,33.189999,29.020000,64.598663,27.969999,,,51.156170,48.261650,58.240002,20.256166,57.150002,42.700001,,42.259998,,40.200001,95.559998,,,31.879999,,45.406765,,31.195000,16.413334,57.380001,37.549408,
2005-11-18,2.332500,1353.000000,2.345000,50.000000,67.949997,45.970001,,58.000000,27.295000,8.322399,48.407101,17.260000,,27.400000,58.000000,82.448410,,7.810000,59.689999,169.939835,131.899994,51.869999,43.200001,27.980000,13.673933,84.130020,38.000000,,57.929050,21.235001,61.000000,29.621143,33.549999,29.110001,65.844482,28.120001,,,51.156170,48.557346,58.669998,20.588236,57.650002,43.320000,,42.700001,,40.880001,98.500000,,,32.150002,,45.132542,,31.200001,16.553333,58.099998,37.918316,,2.305714,1343.400024,2.399000,49.910000,66.949997,45.560001,,57.279999,26.930000,8.409872,47.438957,17.020000,,26.920000,58.110001,82.805717,,8.400000,58.605000,171.329636,131.580002,49.919998,42.439999,28.030001,13.351499,83.910133,38.029999,,57.372963,21.100000,59.959999,29.663094,33.090000,29.280001,65.351173,28.070000,,,50.686352,48.557346,58.520000,20.493359,57.450001,43.630001,,42.680000,,41.040001,98.660004,,,31.879999,,44.867458,,31.254999,16.500000,58.250000,37.575760,
2005-11-21,2.315000,1341.400024,2.378500,50.270000,68.129997,45.599998,,57.099998,26.975000,8.347391,48.025944,17.049999,,27.030001,58.259998,82.823578,,8.500000,58.490002,171.377563,131.250000,49.299999,42.119999,28.070000,13.306085,83.747612,38.000000,,57.497604,21.160000,60.099998,29.593178,33.020000,29.219999,65.551842,28.070000,,,50.785736,48.691757,58.270000,20.607210,57.200001,43.520000,,42.930000,,41.169998,99.300003,,,31.600000,,44.995430,,31.190001,16.513332,58.509998,37.549408,,2.320000,1352.599976,2.399500,50.900002,69.000000,45.840000,,57.709999,27.195000,8.475476,48.978840,17.059999,,26.790001,58.849998,81.573006,,8.320000,58.500000,173.486237,132.410004,49.160000,42.279999,28.040001,13.297003,83.451241,37.820000,,57.430489,21.075001,61.180000,30.049961,33.070000,29.379999,66.245819,28.160000,,,51.174240,48.727600,58.400002,20.626186,57.639999,43.520000,,42.869999,,41.070000,99.400002,,,31.799999,,45.246799,,31.605000,16.540001,59.369999,37.391304,
2005-11-22,2.315714,1346.000000,2.375000,50.900002,69.010002,45.889999,,57.709999,27.139999,8.466104,49.169418,17.000000,,27.000000,59.000000,81.769524,,8.020000,58.500000,172.767365,131.800003,49.549999,42.049999,27.959999,13.106267,83.059273,37.669998,,57.008629,21.080000,60.950001,29.933435,33.020000,29.290001,66.137123,28.059999,,,51.120029,48.378136,58.490002,20.588236,57.590000,43.500000,,42.840000,,40.790001,99.320000,,,31.730000,,45.772396,,31.424999,16.446667,59.549999,37.154148,,2.375714,1367.199951,2.442500,51.750000,69.099998,46.099998,,58.759998,26.934999,8.466104,49.093185,17.280001,,27.660000,59.119999,82.609200,,8.340000,58.070000,172.815292,132.600006,50.230000,42.380001,28.160000,13.328792,84.120461,38.200001,,56.155319,21.170000,60.599998,30.091911,32.990002,29.490000,65.451508,27.910000,,,51.418186,48.673836,59.369999,20.284630,57.139999,43.389999,,43.320000,,40.950001,99.339996,,,32.549999,,46.791592,,31.915001,16.733334,59.660000,37.075100,
2005-11-23,2.388571,1367.199951,2.438500,51.900002,68.949997,46.009998,,58.599998,26.995001,8.416120,49.001709,17.250000,,27.780001,59.000000,82.216164,,8.180000,57.709999,172.767365,132.610001,50.450001,42.299999,28.250000,13.219800,84.244743,38.209999,,56.088207,21.225000,60.599998,30.008013,33.040001,29.420000,65.275917,27.920000,,,51.029678,48.315411,59.220001,20.303604,56.990002,43.290001,,43.419998,,40.950001,99.400002,,,32.630001,,46.389397,,31.825001,16.766666,59.480000,37.154148,,2.396786,1381.400024,2.412000,52.400002,69.440002,46.709999,,58.009998,27.000000,8.503593,48.872116,17.440001,,27.990000,58.709999,81.930313,,8.430000,58.080002,172.240204,134.080002,50.450001,42.500000,28.459999,13.342416,84.894836,38.779999,,56.164909,21.325001,60.090000,30.189795,33.709999,30.059999,65.326088,27.920000,,,51.038715,48.360214,59.599998,20.531309,57.009998,43.180000,,43.490002,,41.380001,100.800003,,,32.200001,,45.968922,,32.130001,16.856667,59.869999,37.391304,
2005-11-25,2.416429,1386.400024,2.402500,52.500000,69.599998,46.849998,,58.020000,27.090000,8.512965,49.321880,17.570000,,28.100000,59.049999,82.484138,,8.450000,58.099998,172.527740,134.199997,49.590000,42.580002,27.900000,13.342416,85.038239,38.980000,,56.347076,21.424999,60.389999,30.292337,33.770000,30.059999,65.275917,27.799999,,,51.138100,47.822582,59.840000,20.588236,57.200001,43.330002,,43.680000,,40.810001,98.089996,,,32.080002,,46.316273,,32.130001,16.896667,60.189999,37.549408,,2.476429,1377.400024,2.403000,52.619999,69.059998,46.990002,,57.950001,27.025000,8.556701,48.788261,17.549999,,27.959999,58.540001,81.912453,,8.320000,57.950001,173.486237,134.119995,49.529999,42.419998,27.910000,13.501362,84.894836,38.860001,,56.653885,21.400000,60.650002,30.147844,33.459999,30.110001,65.484947,27.760000,,,51.400116,47.732975,59.900002,20.559772,57.279999,43.500000,,43.630001,,40.580002,98.279999,,,32.160000,,46.288849,,32.169998,16.830000,60.110001,37.312252,
2005-11-28,2.525714,1379.599976,2.407500,52.980000,69.010002,47.009998,,57.980000,27.059999,8.531709,48.590057,17.549999,,28.170000,58.380001,82.001778,,8.440000,58.049999,173.486237,134.300003,49.750000,42.430000,28.490000,13.465032,84.894836,39.000000,,56.999043,21.475000,60.950001,30.194456,33.630001,30.120001,65.627090,27.790001,,,51.336868,47.715054,59.970001,20.683111,56.849998,43.849998,,44.730000,,40.700001,99.720001,,,32.250000,,45.703838,,32.169998,16.873333,59.549999,37.154148,,2.487857,1364.599976,2.417500,52.840000,68.629997,46.560001,,57.450001,27.155001,8.459856,47.057800,17.480000,,27.650000,57.180000,81.394356,,8.360000,57.520000,172.431900,131.100006,49.450001,41.650002,28.440001,13.605813,85.191208,38.900002,,56.270374,21.389999,60.369999,29.709703,33.950001,29.770000,65.384613,27.750000,,,51.273624,47.455196,59.619999,20.483871,57.110001,42.720001,,44.320000,,40.680000,100.410004,,,32.000000,,43.542049,,31.889999,16.666668,58.740002,36.864296,
2005-11-29,2.499643,1369.000000,2.415500,52.950001,69.099998,46.700001,,57.450001,27.150000,8.422368,47.202641,17.500000,,27.799999,57.480000,81.376488,,8.430000,58.000000,173.150757,132.000000,50.369999,41.770000,28.110001,13.610354,85.258125,38.860001,,56.711411,21.420000,60.500000,29.947418,34.240002,29.860001,65.392975,27.790001,,,51.499500,47.455196,59.720001,20.483871,57.360001,43.299999,,45.209999,,40.820000,100.000000,,,32.250000,,43.898537,,32.075001,16.670000,59.000000,37.180500,,2.432143,1361.199951,2.427500,52.130001,69.129997,46.779999,,57.099998,27.145000,8.356764,46.722382,17.510000,,27.270000,57.369999,82.609200,,8.530000,57.639999,172.192276,130.449997,49.939999,42.000000,28.120001,13.605813,85.181641,38.959999,,56.960690,21.525000,60.900002,30.217760,33.930000,29.770000,65.510033,27.680000,,,51.725376,47.320789,59.770000,20.370020,57.680000,43.189999,,44.930000,,40.570000,99.800003,,,31.860001,,43.601463,,31.920000,16.336666,58.340000,37.338604,
2005-11-30,2.443929,1362.000000,2.424000,52.349998,69.449997,46.490002,,57.250000,27.225000,8.328647,46.882469,17.520000,,27.360001,57.470001,82.895042,,8.480000,57.875000,172.288116,130.449997,49.619999,42.000000,28.120001,13.623978,85.133842,39.020000,,57.085331,21.514999,61.020000,30.292337,34.139999,29.730000,65.510033,27.680000,,,51.942215,46.908604,59.910000,20.351044,57.790001,43.060001,,45.290001,,40.560001,97.300003,,,32.000000,,43.756855,,31.934999,16.373333,58.209999,37.075100,,2.422143,1342.800049,2.423000,51.419998,68.190002,45.889999,,57.779999,27.260000,8.247423,46.127773,17.540001,,27.020000,57.310001,80.840530,,8.130000,57.150002,171.185867,128.960007,49.570000,41.779999,27.959999,13.474114,84.990440,38.250000,,56.548416,21.344999,60.599998,30.115217,33.849998,28.940001,65.618729,27.680000,,,51.833794,46.953403,59.200001,20.113852,57.189999,42.430000,,45.150002,,40.209999,96.750000,,,32.480000,,43.967094,,31.424999,16.186666,58.029999,37.417656,
2005-12-01,2.462500,1346.199951,2.444000,51.919998,68.349998,46.000000,,58.000000,27.350000,8.288035,46.920586,17.709999,,27.450001,57.700001,79.947266,,8.240000,57.375000,171.808884,130.500000,50.090000,41.840000,28.400000,13.405995,85.229446,38.520000,,56.836048,21.350000,61.750000,30.902939,34.230000,28.940001,65.861206,27.730000,,,51.951248,47.267025,59.849998,20.180265,57.360001,42.490002,,45.259998,,40.630001,97.879997,,,32.700001,,44.419559,,31.700001,16.196667,58.369999,37.602108,,2.557143,1356.199951,2.450000,51.990002,69.669998,45.880001,,59.000000,27.594999,8.416120,48.003075,17.690001,,27.480000,58.709999,80.286705,,8.100000,57.875000,171.329636,130.279999,50.470001,41.540001,28.450001,13.424160,85.286804,38.570000,,57.305847,21.420000,61.900002,31.359726,35.330002,29.639999,66.279266,27.889999,,,52.195194,47.661289,59.860001,20.284630,57.639999,42.820000,,45.459999,,40.849998,98.760002,,,33.849998,,46.206581,,31.465000,16.010000,59.349998,38.972332,
2005-12-02,2.581071,1352.000000,2.446000,52.000000,69.820000,45.880001,,58.900002,27.450001,8.403624,48.407101,17.650000,,27.530001,58.869999,80.286705,,8.090000,57.750000,171.329636,130.149994,50.840000,41.349998,28.889999,13.401453,85.086044,38.389999,,57.085331,21.315001,61.750000,31.415659,35.049999,29.389999,66.095322,27.820000,,,52.140984,47.410393,59.639999,20.265656,57.299999,42.669998,,45.310001,,41.209999,98.279999,,,33.849998,,46.380257,,31.500000,15.943333,59.419998,39.104084,,2.593929,1345.800049,2.453000,51.610001,69.440002,46.130001,,58.810001,27.480000,8.484848,47.560928,17.639999,,27.280001,59.180000,79.572098,,8.150000,56.775002,170.131531,131.080002,51.040001,41.669998,28.799999,13.274296,84.751434,38.990002,,57.104507,21.410000,61.630001,31.378368,34.910000,29.730000,66.387962,28.010000,,,51.960285,47.759857,59.900002,20.208729,57.360001,42.209999,,45.590000,,41.459999,97.820000,,,34.110001,,46.526508,,31.400000,15.990000,59.070000,38.287220,
2005-12-05,2.569643,1342.000000,2.443000,51.509998,69.449997,45.930000,,58.650002,27.485001,8.487973,47.789623,17.570000,,27.750000,59.470001,79.000404,,8.100000,56.599998,169.748138,130.750000,51.029999,41.400002,29.240000,13.256131,84.512428,38.830002,,57.104507,21.355000,61.650002,31.182604,34.740002,29.570000,66.137123,27.930000,,,51.969318,47.446236,59.900002,20.199242,57.119999,41.959999,,45.730000,,41.619999,97.830002,,,33.799999,,47.454296,,31.400000,15.963333,59.380001,37.997364,,2.565000,1326.800049,2.441500,51.389999,69.199997,46.430000,,58.330002,27.625000,8.450484,47.995449,17.500000,,27.270000,59.639999,79.232651,,8.060000,56.500000,171.425491,133.050003,50.980000,41.389999,29.280001,13.528610,84.541107,38.849998,,56.951103,21.325001,61.520000,31.308453,34.570000,29.559999,65.484947,27.850000,,,51.960285,47.258064,59.860001,20.256166,57.430000,41.330002,,45.549999,,41.590000,97.820000,,,33.209999,,47.755939,,31.559999,15.713333,59.509998,38.129116,
2005-12-06,2.640357,1338.000000,2.453000,51.570000,69.650002,46.459999,,58.250000,27.695000,8.447360,48.551941,17.540001,,27.490000,59.689999,80.215248,,8.090000,56.520000,172.048508,133.949997,50.650002,41.500000,28.900000,13.592189,84.665390,39.150002,,57.142857,21.315001,61.540001,31.387691,34.830002,29.520000,65.593643,27.900000,,,51.996426,47.258064,59.900002,20.322580,57.400002,41.709999,,45.660000,,41.250000,96.910004,,,33.599998,,47.522854,,31.809999,15.803333,59.770000,38.181816,,2.644643,1329.400024,2.463000,51.500000,69.570000,46.310001,,58.799999,27.764999,8.478600,48.582436,17.559999,,27.600000,59.980000,80.429626,,8.110000,56.285000,171.569260,131.309998,50.490002,41.410000,29.150000,13.451408,85.219887,38.849998,,57.181210,21.270000,62.060001,31.252520,35.160000,29.430000,64.966553,27.690001,,,52.339756,47.517921,59.709999,20.056927,57.410000,41.689999,,45.860001,,41.299999,97.410004,,,33.290001,,47.650822,,31.469999,15.873333,59.689999,38.603428,
2005-12-07,2.651071,1335.400024,2.465500,51.290001,69.610001,46.250000,,58.799999,27.730000,8.453608,49.154171,17.860001,,27.650000,60.070000,80.161652,,8.200000,56.674999,171.569260,130.679993,49.980000,41.349998,29.000000,13.401453,85.086044,38.849998,,56.673058,21.205000,62.220001,31.182604,35.000000,29.400000,65.551842,27.670000,,,52.403000,46.765232,59.150002,20.104364,57.500000,41.820000,,45.430000,,41.560001,96.800003,,,33.400002,,47.883911,,31.450001,15.933333,59.869999,38.603428,,2.641071,1318.199951,2.441500,51.110001,69.650002,45.860001,,57.779999,27.455000,8.466104,48.155537,17.780001,,28.110001,59.299999,79.911537,,8.200000,55.544998,170.466995,129.889999,50.169998,41.520000,28.950001,13.405995,84.818359,38.470001,,55.867687,21.100000,62.299999,31.261843,35.259998,29.030001,64.698997,27.750000,,,52.231335,46.872761,59.220001,20.018974,57.040001,41.009998,,45.299999,,41.410000,96.629997,,,33.560001,,47.522854,,31.250000,15.916667,59.020000,38.155468,
2005-12-08,2.614286,1321.000000,2.441500,51.110001,69.660004,45.840000,,57.630001,27.525000,8.497345,48.163158,17.809999,,28.129999,59.310001,79.482765,,8.150000,55.669998,170.466995,129.050003,50.279999,41.470001,28.510000,13.396912,84.674950,38.470001,,55.762222,21.045000,62.330002,31.233875,35.119999,29.040001,65.075249,27.709999,,,51.499500,46.648746,59.349998,20.018974,57.000000,40.660000,,45.520000,,41.520000,96.339996,,,33.900002,,47.646252,,31.295000,15.920000,59.209999,38.023716,,2.645714,1317.199951,2.417500,50.650002,70.070000,45.779999,,57.340000,27.629999,8.409872,48.727276,17.639999,,27.920000,59.619999,79.679283,,8.170000,56.325001,169.412659,128.639999,50.680000,41.220001,28.730000,13.274296,83.652008,38.650002,,55.685524,20.940001,62.380001,31.532185,34.820000,29.340000,64.331100,27.690001,,,52.493351,46.863800,59.070000,19.905123,57.009998,40.400002,,45.580002,,41.959999,96.510002,,,32.630001,,48.702011,,31.100000,15.900000,59.419998,37.470356,
2005-12-09,2.650357,1322.199951,2.432500,50.709999,70.070000,45.779999,,57.590000,27.600000,8.419244,48.437595,17.620001,,28.160000,59.419998,80.090187,,8.170000,56.325001,169.796051,129.149994,50.650002,41.299999,28.549999,13.269755,82.982796,38.660000,,55.877277,20.915001,62.450001,31.546167,35.099998,29.299999,64.765884,27.709999,,,52.502384,47.302868,59.160000,19.914612,57.049999,40.599998,,45.650002,,41.820000,96.570000,,,32.990002,,48.226692,,31.165001,15.866667,59.240002,37.628456,,2.654643,1320.400024,2.437000,51.150002,69.650002,45.900002,,58.090000,27.520000,8.378632,48.079304,17.549999,,27.910000,58.820000,79.732880,,8.180000,56.389999,170.275299,129.660004,50.669998,41.020000,28.650000,13.587648,83.145317,39.119999,,55.838924,20.754999,62.919998,31.550829,34.840000,29.219999,65.100334,27.709999,,,52.990276,47.562725,59.000000,19.544592,57.330002,40.730000,,45.900002,,41.820000,96.949997,,,33.369999,,48.199268,,31.305000,16.026667,58.500000,38.287220,
2005-12-12,2.673929,1322.400024,2.457500,51.480000,70.000000,45.980000,,58.020000,27.480000,8.391128,46.577541,17.570000,,27.990000,59.160000,79.715019,,8.180000,56.375000,170.898315,130.399994,51.020000,41.150002,28.590000,13.623978,83.183556,39.139999,,56.040268,20.715000,62.950001,31.564812,34.840000,29.170000,65.108696,27.700001,,,52.809574,47.562725,59.299999,19.573055,57.299999,41.060001,,46.240002,,42.080002,96.989998,,,33.549999,,48.788849,,31.305000,16.116667,58.810001,38.181816,,2.675357,1315.599976,2.453500,51.029999,70.190002,45.740002,,58.029999,27.434999,8.306779,46.691891,17.520000,,28.299999,59.580002,79.929398,,8.190000,55.334999,170.371155,130.009995,51.029999,41.320000,28.670000,13.610354,82.179733,39.150002,,56.107384,20.575001,62.130001,31.667356,34.470001,29.530001,64.473244,27.450001,,,52.863785,47.768818,59.310001,19.867172,56.910000,40.610001,,46.290001,,42.320000,97.110001,,,33.570000,,49.565815,,31.174999,16.226667,58.860001,38.366272,
2005-12-13,2.673214,1313.000000,2.427000,50.799999,70.000000,45.619999,,57.930000,27.375000,8.269291,45.045284,17.480000,,28.260000,59.900002,79.500633,,8.130000,55.334999,170.131531,128.800003,51.209999,41.150002,28.770000,13.465032,80.783936,39.020000,,56.069031,20.605000,62.070000,31.578796,34.349998,29.440001,64.715721,27.290001,,,52.773434,47.356632,59.200001,20.000000,57.200001,40.830002,,46.040001,,42.560001,98.440002,,,33.430000,,49.757771,,31.115000,16.133333,59.049999,38.023716,,2.677857,1318.599976,2.475000,50.770000,70.589996,46.500000,,58.970001,27.825001,8.316151,44.366825,17.500000,,28.450001,58.860001,80.572548,,8.130000,56.044998,169.987747,131.639999,51.490002,42.270000,28.920000,13.201635,80.028679,39.410000,,56.883987,20.480000,63.130001,31.555490,35.270000,29.370001,64.339462,27.129999,,,53.351673,47.697132,58.970001,21.166983,58.509998,41.330002,,46.410000,,43.049999,98.680000,,,33.509998,,49.817184,,31.600000,16.490000,59.060001,38.682476,
2005-12-14,2.590357,1318.000000,2.460000,50.650002,71.000000,46.619999,,58.730000,28.000000,8.272415,44.366825,17.469999,,28.500000,58.950001,80.304573,,8.090000,55.799999,170.946243,131.080002,51.419998,42.270000,28.620001,13.206176,79.971321,39.410000,,56.807285,20.559999,63.130001,31.616083,35.169998,29.250000,64.239128,27.000000,,,53.351673,47.822582,58.970001,21.166983,58.490002,41.169998,,46.259998,,42.980000,98.250000,,,33.480000,,49.588665,,31.719999,16.486668,59.080002,38.787880,,2.571786,1319.800049,2.470500,51.459999,71.449997,46.779999,,58.750000,28.125000,8.313027,44.397316,17.690001,,29.059999,59.279999,80.447495,,8.160000,55.840000,171.425491,129.630005,51.490002,42.480000,28.660000,13.446866,79.474190,39.549999,,56.625118,20.545000,63.169998,31.541508,35.500000,28.940001,64.841141,27.090000,,,53.604656,47.849461,59.250000,21.679317,59.619999,41.950001,,46.400002,,42.570000,98.230003,,,33.709999,,50.137112,,32.009998,16.503332,59.860001,39.525692,
2005-12-15,2.595714,1323.599976,2.475000,51.490002,71.449997,46.700001,,59.049999,28.100000,8.328647,44.519287,17.650000,,29.180000,59.279999,80.715477,,8.210000,55.889999,172.240204,128.250000,51.330002,42.480000,28.350000,13.474114,79.235184,39.560001,,56.615532,20.500000,63.450001,31.508879,35.500000,28.950001,64.690636,27.080000,,,53.613689,47.016129,59.220001,21.650854,59.049999,41.799999,,46.369999,,42.430000,97.349998,,,33.820000,,49.817184,,32.005001,16.459999,59.860001,39.393940,,2.577857,1306.000000,2.474000,51.430000,70.790001,46.680000,,58.709999,28.195000,8.400500,44.801346,17.760000,,28.610001,59.020000,79.643555,,8.170000,57.110001,172.527740,128.300003,50.650002,42.580002,28.260000,13.260672,79.856598,39.580002,,56.270374,20.580000,63.740002,31.578796,34.980000,28.670000,64.790970,26.920000,,,53.758251,46.881721,59.599998,21.622391,58.990002,41.759998,,46.430000,,42.330002,97.150002,,,33.290001,,48.848263,,31.855000,16.420000,59.490002,39.156784,
2005-12-16,2.576429,1311.000000,2.470000,51.790001,71.050003,46.950001,,59.000000,28.270000,8.381756,44.900444,17.730000,,28.820000,59.060001,79.929398,,8.210000,57.500000,172.671524,127.660004,51.529999,42.770000,28.480000,13.292461,80.200768,39.730000,,56.481304,20.665001,64.089996,31.578796,34.990002,28.750000,65.167221,26.879999,,,53.984123,46.881721,59.799999,21.603416,59.189999,42.049999,,46.490002,,42.650002,98.349998,,,33.540001,,48.793419,,32.044998,16.526667,59.619999,39.314888,,2.539643,1303.000000,2.460500,51.930000,70.750000,46.970001,,59.639999,27.969999,8.381756,43.718857,17.520000,,28.260000,57.509998,78.107140,,8.300000,57.215000,172.815292,126.500000,51.610001,42.500000,28.510000,13.133515,79.703636,39.790001,,56.682648,20.605000,63.810001,31.564812,34.750000,28.459999,64.456520,26.900000,,,53.432991,46.496414,59.820000,21.423149,58.110001,41.500000,,46.330002,,42.830002,98.279999,,,33.070000,,47.778793,,31.875000,16.423332,58.060001,39.604744,
2005-12-19,2.539643,1320.000000,2.449500,51.799999,70.750000,46.680000,,58.650002,27.965000,8.359888,44.214359,17.520000,,28.299999,57.689999,77.874886,,8.300000,57.139999,172.527740,127.300003,52.540001,42.299999,28.670000,13.083560,79.569794,39.709999,,56.375839,20.555000,63.000000,31.560150,34.660000,28.440001,64.297661,26.820000,,,53.306499,47.114697,59.450001,23.861481,58.139999,41.230000,,46.310001,,44.700001,98.750000,,,32.820000,,48.162704,,31.875000,16.373333,58.220001,39.209484,,2.549286,1316.400024,2.418500,51.270000,69.970001,46.529999,,56.830002,27.940001,8.319275,44.671749,17.469999,,27.639999,56.750000,77.946350,,8.230000,56.814999,171.665100,125.129997,51.970001,41.820000,28.680000,13.110808,79.120461,39.599998,,56.423779,20.709999,62.630001,31.210569,34.099998,28.330000,64.857857,26.830000,,,52.746330,47.177418,59.540001,23.074003,58.549999,41.070000,,45.970001,,44.200001,98.260002,,,32.029999,,47.340038,,31.825001,16.320000,57.700001,38.208168,
2005-12-20,2.558214,1319.800049,2.423000,51.200001,70.199997,46.730000,,57.000000,27.975000,8.309903,44.900444,17.469999,,27.639999,57.169998,77.946350,,8.160000,56.799999,170.946243,124.699997,52.400002,41.820000,28.820000,13.079019,79.302101,39.689999,,57.526367,20.754999,62.599998,31.135992,34.000000,28.219999,64.648827,26.760000,,,52.990276,46.666668,59.610001,22.979128,58.000000,41.049999,,45.529999,,44.490002,99.000000,,,32.099998,,47.303474,,31.725000,16.280001,57.669998,38.208168,,2.575357,1308.400024,2.407000,51.750000,70.739998,46.689999,,56.740002,27.674999,8.297407,44.991924,17.309999,,27.719999,56.869999,77.267471,,8.050000,57.095001,170.323227,125.860001,51.840000,41.450001,28.780001,13.101726,78.852776,39.599998,,57.209972,20.610001,62.759998,31.210569,34.150002,28.090000,64.740807,26.860001,,,53.125801,46.657707,59.169998,22.770397,58.209999,40.900002,,45.439999,,44.480000,99.959999,,,31.840000,,46.819012,,31.705000,16.200001,57.930000,38.866928,
2005-12-21,2.592857,1318.000000,2.414500,51.919998,70.970001,46.869999,,57.099998,27.695000,8.300531,45.052910,17.309999,,27.719999,57.480000,77.463989,,8.050000,57.099998,170.898315,126.349998,51.189999,41.740002,29.240000,13.101726,78.833649,39.660000,,57.382549,20.580000,62.759998,31.247858,34.200001,28.020000,64.908028,26.870001,,,53.306499,46.388889,59.419998,22.817837,58.250000,41.250000,,45.540001,,44.380001,100.500000,,,32.029999,,47.120659,,31.924999,16.283333,58.080002,38.761528,,2.625000,1328.800049,2.448500,52.389999,70.389999,46.639999,,57.080002,27.625000,8.213058,45.243488,17.209999,,27.580000,57.020000,78.107140,,8.020000,56.689999,169.268890,127.309998,51.189999,41.549999,29.250000,13.065395,79.464630,39.830002,,57.094917,20.605000,63.040001,31.322435,34.439999,28.170000,65.259193,26.730000,,,53.523338,46.236561,59.240002,22.808350,58.520000,41.740002,,45.650002,,44.599998,102.919998,,,32.070000,,48.372944,,31.840000,16.216667,57.599998,39.314888,
2005-12-22,2.639643,1322.800049,2.445000,52.400002,70.949997,46.779999,,57.400002,27.580000,8.209934,45.472183,17.190001,,27.780001,57.049999,78.428711,,8.040000,56.724998,168.550018,127.550003,51.009998,41.500000,29.290001,13.124432,78.977058,39.939999,,57.123680,20.615000,63.040001,31.438963,34.500000,28.040001,65.618729,26.709999,,,53.640797,46.568100,59.349998,22.798861,58.270000,41.709999,,45.560001,,44.619999,102.879997,,,31.920000,,48.464352,,31.865000,16.216667,57.779999,39.341236,,2.643571,1358.000000,2.461000,52.299999,71.320000,46.919998,,58.450001,27.709999,8.266167,45.319717,17.290001,,27.129999,57.110001,78.803886,,7.950000,57.500000,169.748138,127.989998,50.970001,41.430000,29.350000,13.124432,79.560226,40.049999,,57.181210,20.639999,63.500000,31.718628,34.580002,28.420000,65.752510,26.590000,,,53.658867,46.603943,59.220001,22.827324,58.779999,41.630001,,45.860001,,45.099998,102.769997,,,32.720001,,48.793419,,31.990000,16.200001,57.099998,39.235836,
2005-12-23,2.648929,1360.000000,2.454500,52.450001,71.949997,47.000000,,58.459999,27.799999,8.300531,45.220619,17.290001,,27.299999,57.110001,78.839615,,7.930000,57.599998,170.419067,127.949997,50.950001,41.430000,29.420000,13.060854,80.305923,40.119999,,57.382549,20.605000,63.500000,31.737272,34.700001,28.340000,65.125420,26.520000,,,53.740181,46.218639,59.500000,22.770397,58.810001,41.639999,,45.650002,,45.009998,102.779999,,,32.799999,,48.400368,,32.060001,16.166668,56.750000,39.393940,,2.619643,1362.000000,2.461000,52.310001,71.489998,46.939999,,58.509998,27.750000,8.291159,45.091022,17.350000,,27.139999,57.130001,79.679283,,7.900000,57.474998,169.748138,128.110001,51.099998,41.590000,29.440001,13.065395,79.808792,40.200001,,57.363377,20.575001,63.560001,31.443624,34.549999,28.080000,65.719063,26.639999,,,53.713074,46.379929,59.209999,22.732449,58.880001,42.189999,,45.650002,,45.220001,103.680000,,,32.930000,,48.290676,,32.014999,16.113333,57.099998,39.183136,
2005-12-27,2.642857,1368.000000,2.445000,52.369999,71.900002,46.580002,,58.520000,27.730000,8.334895,45.091022,17.379999,,27.299999,57.000000,80.000862,,7.910000,57.470001,170.466995,128.699997,51.250000,41.700001,29.030001,13.115350,79.808792,40.400002,,57.392139,20.549999,63.630001,31.448284,34.570000,28.049999,65.752510,26.680000,,,53.758251,46.594982,59.020000,22.732449,58.660000,42.099998,,45.770000,,45.189999,101.680000,,,33.099998,,47.705666,,32.020000,16.136667,57.000000,39.025032,,2.651071,1359.000000,2.428000,51.270000,70.529999,46.560001,,57.889999,27.514999,8.197438,43.833202,17.250000,,26.860001,55.889999,78.964676,,7.890000,57.380001,168.022858,128.259995,50.730000,41.020000,28.980000,13.051771,79.340347,40.099998,,57.286674,20.485001,63.570000,31.299131,34.099998,27.900000,64.698997,26.459999,,,53.758251,46.415771,59.189999,22.419355,58.599998,41.220001,,45.480000,,44.529999,102.000000,,,32.320000,,46.526508,,31.799999,15.910000,55.869999,38.735180,
2005-12-28,2.659643,1360.000000,2.424500,51.500000,70.860001,46.759998,,58.049999,27.445000,8.184942,44.100014,17.219999,,26.860001,56.130001,78.357254,,7.890000,57.299999,168.022858,128.300003,51.259998,41.200001,29.180000,13.029064,79.445503,40.110001,,57.152447,20.490000,63.570000,31.299131,34.099998,27.910000,64.874580,26.510000,,,53.920879,47.069893,59.189999,22.457306,58.590000,41.090000,,46.139999,,44.599998,102.480003,,,32.380001,,46.946983,,31.805000,15.946667,56.049999,38.893280,,2.627500,1368.199951,2.403000,51.430000,70.959999,46.270000,,57.840000,27.625000,8.175570,44.435432,17.290001,,26.790001,56.700001,79.000404,,7.840000,57.375000,168.262482,127.980003,50.900002,41.090000,29.250000,13.079019,79.388145,39.910000,,58.101631,20.389999,63.810001,31.238537,34.189999,28.209999,65.384613,26.389999,,,53.911846,46.702511,59.330002,22.390892,58.540001,41.360001,,45.770000,,44.400002,102.570000,,,32.709999,,47.413162,,31.575001,15.946667,56.250000,38.682476,
2005-12-29,2.635000,1370.400024,2.406500,51.349998,71.199997,46.349998,,57.900002,27.725000,8.166198,44.435432,17.299999,,26.790001,56.730000,78.732422,,7.810000,57.375000,168.262482,127.449997,50.980000,41.169998,29.110001,13.033606,79.158699,39.860001,,58.053692,20.334999,63.750000,31.392351,34.049999,28.260000,65.510033,26.410000,,,54.011230,47.177418,59.500000,22.343454,58.430000,41.470001,,45.889999,,44.400002,103.489998,,,32.669998,,47.312614,,31.584999,15.956667,56.250000,38.471672,,2.551786,1382.000000,2.399500,51.110001,71.180000,46.189999,,58.139999,27.650000,8.153702,43.985664,17.240000,,26.580000,56.470001,78.911079,,7.810000,57.250000,168.645874,128.020004,50.900002,40.740002,29.020000,13.051771,78.776291,39.860001,,57.516781,20.299999,63.520000,31.583458,34.139999,28.320000,65.459869,26.270000,,,54.092545,47.141579,59.540001,22.248577,58.419998,41.669998,,45.540001,,44.389999,103.639999,,,32.410000,,47.166363,,31.530001,15.826667,56.240002,38.814228,
2005-12-30,2.532500,1374.000000,2.386500,50.820000,71.050003,46.020000,,57.849998,27.469999,8.128710,43.985664,17.120001,,26.600000,56.470001,78.339386,,7.750000,56.950001,168.310394,127.150002,50.650002,40.650002,28.700001,12.956403,78.250481,39.709999,,57.286674,20.190001,63.270000,31.578796,34.099998,28.250000,65.309364,26.150000,,,53.938950,46.944443,59.450001,22.267551,58.150002,41.669998,,45.150002,,43.830002,104.000000,,,32.250000,,46.736748,,31.415001,15.823333,56.099998,38.524372,,2.567500,1364.599976,2.357500,51.459999,70.239998,46.150002,,57.770000,27.424999,8.097470,44.351578,17.120001,,26.420000,56.770000,78.285789,,7.720000,57.025002,167.974930,127.709999,50.480000,40.480000,28.969999,13.001817,78.585083,39.689999,,57.190796,20.155001,63.630001,31.215233,33.720001,28.170000,64.799332,26.150000,,,54.309383,47.025089,59.080002,22.125237,57.880001,41.020000,,45.070000,,43.900002,104.620003,,,32.070000,,47.166363,,31.415001,15.600000,56.169998,38.603428,
2006-01-03,2.585000,1378.800049,2.373500,51.700001,70.400002,46.919998,,57.869999,27.490000,8.138082,44.854706,17.209999,,26.670000,57.250000,78.732422,,7.720000,57.474998,168.214554,126.699997,50.430000,40.389999,29.139999,13.297003,78.824089,39.830002,,57.219559,20.395000,63.299999,31.285149,34.290001,28.150000,65.016724,26.250000,,,53.532375,47.437275,59.919998,22.438330,58.299999,41.029999,,45.610001,,45.459999,105.800003,,,32.160000,,48.034737,,31.600000,15.453333,56.419998,38.629776,,2.669643,1392.400024,2.379000,52.580002,70.440002,47.080002,,57.799999,27.455000,8.194314,46.127773,17.450001,,26.350000,59.080002,78.482307,,7.830000,57.500000,169.508514,128.869995,50.959999,41.240002,29.360001,13.065395,78.451241,40.189999,,56.970280,20.450001,63.549999,31.466930,33.520000,28.049999,66.145485,26.840000,,,53.875706,47.912186,59.759998,22.561670,58.779999,40.740002,,45.950001,,45.630001,106.849998,,,33.240002,,49.689213,,31.900000,15.410000,58.470001,39.288540,
2006-01-04,2.683214,1395.800049,2.374500,52.439999,70.080002,47.000000,,57.950001,27.420000,8.163074,45.929573,17.480000,,26.510000,59.080002,78.428711,,7.830000,57.500000,169.412659,127.349998,52.299999,40.939999,29.450001,13.069936,78.585083,39.779999,,56.970280,20.495001,63.639999,31.583458,33.430000,28.090000,66.463211,26.770000,,,53.938950,48.333332,59.549999,22.741936,58.799999,40.689999,,46.459999,,46.500000,105.699997,,,33.369999,,48.994514,,31.799999,15.413333,58.599998,39.025032,,2.677500,1394.400024,2.362500,51.950001,71.169998,46.580002,,59.270000,27.780001,8.241175,45.738995,17.850000,,26.350000,58.910000,77.589043,,8.010000,57.505001,169.268890,127.089996,51.950001,40.480000,29.700001,13.446866,78.346077,39.619999,,57.190796,20.410000,64.480003,31.811850,33.820000,27.950001,65.811035,26.969999,,,54.264210,48.745522,59.730000,23.292219,58.889999,41.900002,,46.820000,,46.810001,106.589996,,,33.540001,,50.191956,,31.530001,15.440000,58.570000,39.235836,
2006-01-05,2.672500,1398.000000,2.358000,51.900002,70.550003,46.580002,,59.020000,27.855000,8.241175,45.624645,17.940001,,26.580000,58.680000,77.696236,,8.050000,57.549999,169.029266,126.000000,52.709999,40.099998,29.700001,13.396912,77.820267,39.610001,,57.430489,20.360001,64.250000,31.811850,33.820000,28.059999,65.560204,26.959999,,,54.209999,48.655914,59.610001,23.292219,58.700001,41.900002,,47.919998,,47.299999,105.790001,,,33.709999,,50.091408,,31.500000,15.333333,58.570000,39.183136,,2.656429,1396.199951,2.382500,52.500000,70.330002,46.639999,,59.270000,27.365000,8.253671,45.380707,18.350000,,26.990000,58.189999,79.625687,,8.350000,56.799999,168.837570,127.040001,51.950001,40.080002,29.790001,13.351499,78.871895,39.740002,,57.401726,20.510000,64.519997,31.732611,33.860001,27.840000,65.209030,26.990000,,,54.354561,48.387096,59.380001,23.320683,58.700001,42.580002,,47.939999,,47.090000,106.080002,,,34.139999,,50.063984,,31.495001,15.230000,58.279999,38.814228,
2006-01-06,2.687500,1400.000000,2.398500,52.639999,70.339996,46.799999,,59.470001,27.424999,8.322399,45.929573,18.510000,,27.059999,58.950001,80.393898,,8.300000,57.299999,169.556442,127.290001,52.669998,40.250000,29.860001,13.396912,80.258125,39.919998,,57.526367,20.530001,64.400002,31.849138,34.230000,27.840000,65.752510,26.889999,,,54.209999,48.951614,59.599998,23.434534,58.740002,42.619999,,48.619999,,47.730000,106.199997,,,34.500000,,51.142597,,31.580000,15.230000,58.759998,38.972332,,2.725000,1402.199951,2.393500,52.680000,69.349998,46.570000,,60.450001,27.410000,8.522337,46.417454,18.770000,,27.139999,59.250000,80.268845,,8.520000,58.084999,169.987747,128.839996,52.419998,40.380001,29.920000,13.732970,81.214149,40.020000,,57.737297,20.705000,65.470001,31.942360,34.060001,27.670000,65.744148,26.910000,,,54.797276,49.094982,59.599998,23.576851,58.639999,42.959999,,48.840000,,47.779999,107.279999,,,34.450001,,51.087749,,31.680000,15.293333,59.430000,38.577076,
2006-01-09,2.740357,1397.000000,2.327500,52.820000,69.279999,46.720001,,60.450001,27.340000,8.472352,46.806236,18.969999,,26.889999,59.490002,80.161652,,8.650000,58.049999,169.652283,128.500000,53.000000,40.799999,30.000000,13.628520,80.210327,39.880001,,57.919464,20.745001,65.449997,31.709307,34.000000,27.790001,65.635452,26.930000,,,54.670784,48.736561,59.610001,23.700190,58.450001,42.770000,,48.820000,,47.700001,107.680000,,,34.500000,,51.636196,,31.674999,15.296667,59.799999,38.708828,,2.716071,1395.599976,2.354000,53.990002,68.769997,46.599998,,61.549999,27.735001,8.575445,46.409832,19.059999,,26.950001,58.950001,79.589958,,8.620000,58.090000,169.556442,130.389999,52.770000,40.820000,30.299999,13.905540,80.047798,40.669998,,58.437199,20.805000,65.900002,32.296600,34.709999,27.520000,66.070236,26.860001,,,55.068325,48.808243,59.299999,23.576851,59.080002,43.509998,,48.810001,,47.970001,108.199997,,,34.180000,,51.416821,,31.674999,15.236667,59.400002,39.104084,
2006-01-10,2.723214,1363.599976,2.320500,53.580002,68.800003,46.400002,,61.349998,27.580000,8.516089,46.234501,18.870001,,26.760000,58.759998,79.411308,,8.680000,57.750000,169.029266,130.050003,52.240002,41.040001,28.620001,13.742053,79.493309,40.500000,,57.766060,20.590000,65.150002,32.044903,34.610001,27.559999,66.053513,26.650000,,,55.068325,47.715054,59.299999,23.462997,58.889999,43.099998,,47.930000,,47.189999,104.750000,,,33.930000,,51.535648,,31.549999,15.166667,59.200001,38.787880,,2.887857,1408.000000,2.282500,53.830002,69.099998,46.209999,,61.299999,27.455000,8.562949,46.318356,18.969999,,27.139999,59.240002,79.643555,,8.770000,57.939999,168.645874,132.029999,52.180000,41.799999,29.090000,13.978202,80.372849,40.730000,,57.881111,20.825001,65.940002,32.198719,34.740002,27.480000,65.660538,27.000000,,,55.294201,47.930107,59.099998,23.187857,58.849998,42.430000,,47.369999,,47.490002,105.550003,,,33.840000,,51.892139,,31.650000,15.286667,59.860001,38.893280,
2006-01-11,2.994286,1420.000000,2.282500,53.700001,69.970001,46.060001,,60.869999,27.424999,8.569197,46.234501,18.980000,,27.410000,59.220001,78.607368,,8.810000,57.880001,168.406250,131.449997,51.720001,42.000000,29.219999,14.078111,80.659653,40.730000,,58.485138,20.830000,65.940002,32.184734,34.820000,27.490000,65.585281,27.010000,,,55.258060,48.181004,59.279999,23.339659,58.939999,42.480000,,46.259998,,47.560001,106.000000,,,33.820000,,52.001827,,31.650000,15.353333,59.680000,38.708828,,2.996429,1416.599976,2.246500,53.540001,70.099998,46.099998,,61.330002,27.340000,8.591065,46.325977,19.400000,,27.070000,59.840000,78.875343,,8.930000,57.625000,169.796051,131.970001,51.660000,42.950001,29.370001,14.232516,80.468452,40.700001,,58.657719,20.834999,66.260002,32.618217,35.340000,27.820000,65.526756,27.290001,,,55.502007,48.566307,58.860001,23.481974,59.060001,41.990002,,46.639999,,47.570000,106.650002,,,33.799999,,52.056671,,31.815001,15.523333,60.270000,39.841896,
2006-01-12,3.034643,1420.000000,2.239500,53.580002,70.250000,46.220001,,61.230000,27.325001,8.553577,46.768120,19.270000,,27.110001,60.000000,78.607368,,8.860000,57.625000,169.891907,131.399994,51.169998,42.700001,28.959999,14.123524,80.133842,40.250000,,58.667305,20.639999,65.959999,32.441093,35.250000,29.049999,65.384613,27.250000,,,56.757870,48.458782,58.689999,23.500950,58.980000,41.779999,,46.070000,,47.009998,106.449997,,,33.799999,,52.778793,,31.705000,15.416667,60.500000,39.841896,,3.010357,1405.199951,2.218000,53.549999,69.690002,45.799999,,62.209999,27.125000,8.694158,46.325977,19.200001,,27.000000,59.889999,77.463989,,8.560000,57.740002,167.735306,132.250000,51.369999,42.549999,28.740000,14.087193,79.894836,39.950001,,58.638542,20.719999,66.120003,32.310585,34.790001,28.900000,64.966553,27.139999,,,55.429726,48.575268,58.840000,23.320683,58.410000,41.000000,,45.990002,,46.959999,105.449997,,,33.369999,,52.468006,,31.445000,15.246667,59.639999,40.421608,
2006-01-13,3.035357,1400.000000,2.223500,53.700001,69.639999,45.830002,,62.020000,27.190001,8.703530,46.043919,19.129999,,26.959999,59.889999,77.749832,,8.560000,58.000000,167.256058,132.020004,51.220001,41.910000,28.580000,14.191644,79.349907,39.779999,,58.916588,20.690001,65.250000,32.399143,34.650002,29.000000,64.339462,27.030001,,,54.887627,48.888889,59.000000,23.425047,58.410000,41.119999,,45.910000,,46.770000,104.470001,,,33.290001,,52.148079,,31.549999,15.226667,59.509998,41.581028,,3.056786,1401.000000,2.220000,53.439999,69.480003,45.799999,,62.330002,27.375000,8.731646,46.318356,18.920000,,26.750000,60.360001,77.124542,,8.550000,58.599998,168.214554,133.259995,51.599998,41.910000,28.389999,14.486830,79.512428,39.919998,,58.878235,20.655001,65.790001,32.417789,34.470001,28.700001,64.799332,27.190001,,,55.059292,49.193546,58.700001,23.406073,58.900002,41.000000,,46.380001,,46.820000,104.279999,,,33.029999,,53.235832,,31.625000,15.133333,60.970001,39.525692,
2006-01-17,3.060714,1385.199951,2.197500,53.080002,69.070000,45.400002,,61.689999,27.360001,8.666042,47.111164,18.700001,,26.590000,60.900002,76.731506,,8.550000,58.500000,170.754547,131.000000,51.200001,41.500000,27.600000,14.259764,79.158699,39.480000,,58.341324,20.540001,65.250000,32.245331,34.720001,28.709999,64.464882,26.900000,,,54.779205,50.044804,58.200001,23.254269,58.450001,40.950001,,45.889999,,46.360001,102.000000,,,32.650002,,55.036564,,31.459999,15.133333,61.259998,39.156784,,3.025357,1380.800049,2.200000,52.959999,68.690002,45.310001,,62.959999,27.245001,8.778507,49.009331,18.680000,,26.860001,61.860001,76.124092,,8.310000,57.924999,167.447769,132.589996,51.099998,41.570000,27.650000,14.377838,79.349907,39.709999,,58.619366,20.514999,65.720001,32.166092,34.590000,28.790001,64.456520,26.990000,,,54.833416,49.793907,58.430000,23.036053,58.650002,40.320000,,45.950001,,46.080002,102.180000,,,32.240002,,55.000000,,31.299999,14.983333,61.540001,38.550724,
2006-01-18,2.967143,1381.000000,2.159500,52.650002,68.550003,45.320000,,62.360001,27.184999,8.775383,49.474346,18.400000,,27.000000,61.980000,75.748917,,8.310000,57.724998,167.256058,131.059998,51.090000,41.570000,27.299999,14.168937,80.305923,39.110001,,58.619366,20.500000,65.730003,32.166092,34.580002,28.719999,64.381271,26.740000,,,54.833416,50.224014,58.400002,22.950665,58.500000,39.959999,,45.259998,,46.209999,100.050003,,,31.600000,,55.118832,,31.305000,14.883333,61.720001,38.550724,,2.946071,1372.199951,2.216000,52.770000,68.330002,45.259998,,61.869999,27.260000,8.806623,48.338493,18.730000,,27.200001,60.900002,75.534531,,8.210000,58.064999,166.872665,132.369995,50.799999,41.900002,27.370001,14.382380,80.114723,39.279999,,58.053692,20.410000,65.360001,31.769899,34.990002,29.059999,64.531776,26.830000,,,54.544296,50.313622,58.389999,22.770397,58.669998,40.840000,,45.389999,,45.939999,101.050003,,,32.099998,,53.985374,,31.799999,15.060000,60.680000,38.603428,
2006-01-19,2.901786,1374.000000,2.224500,53.060001,68.160004,45.880001,,62.049999,27.375000,8.806623,48.071682,18.850000,,27.000000,60.400002,75.838242,,8.200000,58.029999,167.256058,132.720001,50.470001,41.299999,27.370001,14.432334,80.439774,39.340000,,58.024929,20.469999,65.250000,31.835155,35.299999,29.200001,64.540131,26.870001,,,54.661751,49.068100,58.340000,23.633776,58.000000,40.910000,,44.880001,,45.889999,102.599998,,,32.599998,,54.387569,,31.805000,15.060000,60.680000,38.471672,,2.822857,1362.000000,2.222500,52.590000,68.169998,45.139999,,62.509998,27.504999,8.806623,48.948345,19.020000,,27.430000,61.599998,75.927567,,8.220000,58.020000,166.201721,133.820007,50.750000,41.279999,27.670000,14.641235,79.435944,39.060001,,57.823586,20.465000,65.489998,31.974987,35.200001,29.070000,64.306023,27.020000,,,54.770168,49.489246,58.330002,23.690702,58.509998,42.470001,,45.110001,,46.230000,103.970001,,,32.500000,,55.045704,,31.305000,15.266667,61.500000,38.603428,
2006-01-20,2.831429,1361.599976,2.211500,52.590000,68.099998,45.000000,,62.509998,27.424999,8.734770,49.215157,18.910000,,27.340000,62.000000,75.927567,,8.300000,58.020000,164.380600,132.850006,50.700001,41.160000,27.900000,14.641235,79.388145,38.810001,,57.094917,20.415001,65.489998,31.974987,35.200001,29.129999,64.306023,27.010000,,,54.634644,49.695339,58.279999,23.690702,58.509998,43.369999,,44.740002,,46.720001,104.260002,,,32.250000,,55.511883,,31.309999,15.213333,61.810001,38.603428,,2.717500,1334.199951,2.196000,51.400002,66.500000,44.189999,,60.779999,26.850000,8.672290,49.283764,18.510000,,27.129999,61.119999,74.802055,,7.900000,57.544998,159.923630,131.440002,50.150002,40.169998,27.430000,14.414169,77.782028,38.049999,,57.372963,20.045000,64.879997,31.033449,35.860001,28.760000,62.909698,26.410000,,,54.517189,49.372761,57.279999,23.444023,57.840000,41.759998,,44.000000,,45.930000,102.559998,,,31.660000,,55.137112,,30.750000,15.000000,60.529999,37.654808,
2006-01-23,2.717857,1332.599976,2.209000,51.500000,65.900002,43.500000,,60.750000,26.950001,8.669166,48.064060,18.540001,,27.000000,61.090000,75.212959,,8.300000,57.750000,160.690430,131.639999,50.619999,40.400002,27.799999,14.391462,77.753349,38.139999,,57.315437,20.000000,65.349998,31.047434,35.860001,28.820000,63.127090,26.410000,,,54.616573,50.179211,57.259998,23.529411,57.840000,42.029999,,45.139999,,46.110001,103.279999,,,31.990000,,54.862888,,30.754999,15.000000,60.529999,37.681160,,2.773929,1332.199951,2.186500,51.439999,67.019997,43.959999,,61.040001,26.959999,8.587941,49.481968,18.160000,,26.959999,62.209999,75.802513,,8.320000,57.314999,159.540237,132.869995,50.709999,39.689999,27.740000,14.232516,77.829826,38.270000,,57.248322,20.250000,65.400002,31.038111,35.709999,28.680000,63.294315,26.350000,,,54.896660,49.973118,57.500000,23.614801,57.639999,41.500000,,44.770000,,45.889999,103.410004,,,31.700001,,55.914078,,30.805000,15.083333,61.200001,37.944664,
2006-01-24,2.812857,1339.400024,2.183000,51.900002,67.410004,44.080002,,60.790001,26.860001,8.581693,48.765388,18.170000,,27.000000,62.049999,75.927567,,8.400000,57.525002,160.786270,132.630005,51.220001,39.990002,27.750000,14.282470,77.810707,38.270000,,56.193672,20.600000,65.650002,31.140654,35.939999,28.690001,61.881271,26.340000,,,55.239990,50.474911,57.549999,23.719166,58.000000,41.799999,,45.040001,,45.660000,103.410004,,,31.510000,,55.411335,,30.825001,15.183333,60.900002,37.944664,,2.715714,1330.800049,2.201000,52.820000,67.660004,44.240002,,61.349998,26.875000,8.594189,49.154171,18.330000,,27.360001,62.049999,75.999031,,8.400000,57.900002,157.958740,133.000000,51.040001,40.450001,27.799999,14.246140,77.294456,38.110001,,56.136147,20.450001,65.699997,31.215233,35.849998,28.639999,62.040134,26.280001,,,56.089279,50.331539,58.040001,23.330172,57.869999,43.580002,,45.450001,,44.259998,104.050003,,,30.690001,,55.118832,,30.795000,15.240000,60.959999,38.102768,
2006-01-25,2.763929,1332.800049,2.202500,52.500000,67.709999,44.150002,,61.500000,27.370001,8.569197,49.969849,18.350000,,27.590000,62.299999,76.785103,,8.420000,57.875000,158.869293,133.649994,51.400002,40.419998,27.420000,14.246140,77.485657,38.160000,,56.327900,20.570000,65.699997,31.331758,36.000000,28.690001,61.245819,26.410000,,,56.071209,50.322582,58.099998,23.453510,58.099998,43.349998,,49.139999,,45.320000,101.800003,,,30.690001,,55.840950,,30.834999,15.233333,61.340000,38.471672,,2.650000,1316.199951,2.180000,52.900002,66.910004,44.630001,,62.070000,27.825001,8.525461,48.437595,18.570000,,27.379999,61.259998,77.374657,,8.620000,57.169998,157.000244,133.559998,51.279999,39.980000,27.379999,14.582198,77.351814,38.480000,,55.733459,20.570000,65.010002,31.313114,35.160000,28.760000,61.036789,26.400000,,,55.872440,50.098564,57.639999,23.557875,58.470001,43.290001,,49.700001,,44.990002,101.610001,,,29.889999,,53.354664,,31.000000,15.323333,60.209999,37.707512,
2006-01-26,2.661786,1320.000000,2.197500,53.150002,67.440002,45.000000,,63.299999,27.889999,8.587941,48.894985,18.570000,,27.770000,61.500000,77.356796,,8.600000,58.025002,157.814957,133.009995,51.180000,40.099998,27.809999,14.595822,77.915871,38.709999,,55.743050,20.639999,66.989998,31.532185,35.500000,28.950001,61.220737,26.559999,,,57.715580,49.775986,57.639999,23.671726,58.750000,43.509998,,50.419998,,45.820000,102.970001,,,30.100000,,53.747715,,31.240000,15.403333,60.790001,37.918316,,2.583214,1328.800049,2.234000,53.320000,68.720001,44.900002,,65.169998,27.305000,8.731646,48.788261,18.580000,,27.610001,60.220001,76.963760,,8.670000,59.435001,158.246277,137.399994,51.110001,40.400002,28.059999,14.350590,77.170174,39.590000,,56.155319,20.740000,66.989998,31.755917,34.939999,29.090000,60.785954,26.500000,,,56.748837,49.623657,57.400002,23.766603,58.820000,43.790001,,50.529999,,45.700001,102.800003,,,30.160000,,54.095062,,31.285000,15.440000,59.950001,37.312252,
2006-01-27,2.605357,1330.000000,2.227500,53.220001,68.389999,44.900002,,65.900002,28.000000,8.716026,49.497215,18.580000,,28.480000,60.099998,76.981621,,8.680000,59.685001,157.910812,137.929993,52.570000,40.220001,28.110001,14.305177,77.198853,39.250000,,55.848515,20.740000,66.910004,31.811850,34.939999,29.150000,60.576923,27.230000,,,56.468750,49.793907,57.110001,24.146111,59.400002,43.910000,,50.290001,,45.570000,102.690002,,,30.200001,,54.826324,,31.285000,15.330000,60.360001,37.206852,,2.572500,1333.000000,2.261000,53.299999,68.559998,44.799999,,67.529999,27.995001,8.825367,49.611561,18.780001,,28.070000,60.380001,75.355881,,8.650000,59.250000,157.910812,138.940002,52.160000,40.000000,28.180000,14.209809,77.456978,39.750000,,56.375839,20.985001,66.180000,32.184734,35.049999,29.290001,60.744148,27.790001,,,56.622345,49.865589,58.200001,24.658443,59.740002,44.750000,,50.400002,,45.869999,102.440002,,,30.230000,,54.890312,,31.350000,15.280000,61.290001,37.154148,
2006-01-30,2.541786,1335.000000,2.270500,53.150002,68.519997,44.750000,,66.529999,28.035000,8.856607,49.931736,18.690001,,28.200001,60.849998,75.498802,,8.660000,58.750000,157.671188,139.550003,51.549999,39.720001,28.110001,14.187103,76.682602,39.520000,,56.136147,20.924999,66.330002,32.277958,34.900002,29.139999,60.953178,27.820000,,,55.610424,49.041218,58.009998,24.810247,59.130001,44.849998,,50.480000,,45.200001,102.400002,,,30.549999,,55.758682,,31.350000,15.466667,62.880001,37.048748,,2.678571,1321.400024,2.248000,52.680000,69.029999,44.480000,,67.010002,27.674999,8.687910,49.741154,18.889999,,27.860001,60.750000,75.891838,,8.680000,58.645000,157.814957,139.869995,51.189999,40.000000,28.240000,14.205268,78.040154,39.849998,,55.647171,20.875000,66.660004,31.341082,35.020000,30.000000,60.744148,28.000000,,,56.044106,48.844086,57.639999,24.611006,59.139999,44.430000,,50.709999,,45.160000,103.000000,,,30.049999,,57.769653,,31.235001,15.470000,63.110001,36.837944,
2006-01-31,2.696429,1321.400024,2.238000,52.509998,69.000000,44.650002,,67.000000,27.500000,8.709778,49.542953,18.700001,,27.889999,60.410000,75.945435,,8.690000,58.674999,157.671188,139.729996,51.250000,40.000000,28.490000,14.146231,77.915871,40.029999,,55.465004,20.870001,66.199997,31.485575,35.040001,30.059999,60.535118,27.910000,,,55.926651,49.130825,57.310001,24.686907,58.950001,44.150002,,51.099998,,45.549999,103.300003,,,30.059999,,56.764168,,31.125000,15.480000,62.750000,36.890648,,2.696786,1309.199951,2.241000,52.450001,68.309998,44.230000,,67.900002,27.445000,8.691034,49.321880,18.570000,,27.760000,59.380001,75.570267,,8.580000,58.180000,156.952332,141.250000,51.240002,40.549999,28.450001,14.159855,77.724663,39.750000,,54.765102,20.690001,67.650002,31.061417,35.009998,29.440001,60.827759,28.150000,,,56.134457,49.426521,57.180000,24.364326,59.230000,44.700001,,51.369999,,46.000000,103.709999,,,29.230000,,57.065815,,31.180000,15.370000,62.750000,37.707512,
2006-02-01,2.676786,1312.000000,2.196000,52.450001,70.000000,44.099998,,68.099998,27.400000,8.619182,49.321880,18.400000,,27.650000,59.380001,75.534531,,8.530000,57.525002,156.521011,141.399994,51.470001,40.450001,28.709999,14.078111,77.342255,39.880001,,54.765102,20.594999,67.709999,30.968193,35.009998,29.250000,60.451504,27.959999,,,56.134457,49.811829,56.810001,24.430740,59.099998,44.509998,,51.080002,,46.040001,103.500000,,,29.080000,,57.065815,,30.950001,15.350000,62.770000,37.338604,,2.693571,1325.400024,2.199000,52.619999,71.620003,43.950001,,69.239998,27.650000,8.744142,49.108433,18.580000,,27.780001,58.700001,75.605995,,8.660000,58.099998,158.821381,141.710007,51.270000,40.230000,29.059999,14.182561,78.336517,39.880001,,55.493767,20.750000,67.970001,31.681339,35.669998,29.250000,61.195652,28.040001,,,56.920502,49.820789,57.270000,24.715370,59.820000,44.009998,,52.220001,,46.189999,103.800003,,,29.770000,,54.515537,,30.920000,15.380000,61.950001,37.733860,
2006-02-02,2.682143,1325.400024,2.192000,52.599998,71.349998,43.950001,,68.750000,27.650000,8.591065,49.093185,18.459999,,28.100000,58.709999,75.605995,,8.670000,58.025002,158.485901,142.270004,51.180000,39.959999,29.120001,14.168937,77.868073,39.880001,,55.378716,20.660000,67.870003,31.462269,35.330002,29.290001,61.170570,27.969999,,,56.694626,49.238350,57.080002,24.762808,59.740002,44.009998,,51.799999,,46.020000,103.019997,,,29.990000,,54.378429,,30.825001,15.433333,61.900002,37.865612,,2.575000,1309.400024,2.137000,52.560001,71.699997,43.439999,,68.389999,27.420000,8.441112,49.024578,18.370001,,28.709999,58.509998,74.802055,,8.370000,58.154999,157.671188,142.520004,50.900002,39.959999,28.860001,14.037239,77.657745,39.990002,,55.608822,20.615000,68.120003,31.066076,35.450001,29.250000,60.326088,27.680000,,,56.468750,49.390682,57.450001,24.459204,59.650002,43.750000,,51.150002,,45.250000,102.099998,,,29.760000,,53.180988,,30.650000,15.426667,61.950001,37.865612,
2006-02-03,2.580000,1308.000000,1.885000,52.570000,71.699997,43.299999,,68.199997,27.225000,8.375508,48.788261,18.290001,,28.459999,58.119999,74.587669,,8.370000,57.750000,157.191940,141.550003,51.279999,39.849998,28.629999,13.905540,77.007645,39.450001,,55.100670,20.510000,68.000000,30.949551,35.450001,29.250000,59.991638,27.480000,,,56.468750,49.767025,57.150002,24.459204,59.389999,43.000000,,50.020000,,45.099998,102.230003,,,29.910000,,53.656307,,30.424999,15.330000,61.650002,37.496704,,2.566071,1307.000000,1.916500,52.330002,70.870003,43.090000,,68.129997,27.270000,8.459856,47.644787,18.150000,,29.230000,57.500000,73.783730,,8.260000,58.415001,157.431564,142.740005,50.970001,39.820000,28.690001,13.878292,76.453156,39.529999,,54.937679,20.440001,68.919998,30.786411,35.970001,29.080000,59.448162,27.540001,,,56.640415,49.955196,57.340000,23.984819,59.680000,41.000000,,50.380001,,45.320000,102.639999,,,30.000000,,53.592323,,30.520000,15.163333,61.389999,37.549408,
2006-02-06,2.572143,1310.000000,1.917000,52.220001,70.650002,43.400002,,68.500000,27.100000,8.487973,48.041187,18.030001,,29.190001,58.000000,73.783730,,8.260000,58.000000,157.431564,142.610001,50.770000,39.770000,29.049999,13.819255,76.424477,39.400002,,54.793865,20.415001,68.480003,30.944889,36.000000,28.700001,59.364548,27.510000,,,56.513924,49.193546,57.240002,23.918406,59.580002,41.250000,,50.209999,,44.669998,103.000000,,,30.049999,,54.616089,,30.424999,15.146667,61.700001,37.391304,,2.403571,1320.199951,1.897500,52.220001,71.139999,43.369999,,68.699997,27.075001,8.416120,47.842987,17.830000,,28.690001,58.840000,73.319237,,8.110000,58.549999,156.952332,142.820007,50.500000,39.490002,28.940001,13.746594,76.013382,39.439999,,54.985619,20.469999,70.019997,31.135992,36.130001,28.770000,59.506687,27.170000,,,57.137341,49.014336,56.770000,23.804554,59.790001,41.860001,,50.150002,,45.000000,102.910004,,,30.540001,,54.387569,,30.525000,15.026667,61.970001,38.181816,
2006-02-07,2.438214,1320.199951,1.904500,52.099998,71.300003,43.599998,,68.300003,27.000000,8.400500,47.377975,17.840000,,28.620001,58.540001,72.979797,,8.180000,58.849998,156.521011,142.350006,50.099998,39.340000,28.950001,13.714805,76.003822,39.200001,,54.726749,20.700001,69.800003,30.716496,36.299999,28.799999,59.498329,26.950001,,,57.137341,49.059139,56.799999,23.766603,59.470001,41.500000,,49.939999,,44.799999,105.000000,,,30.680000,,53.702011,,30.500000,15.000000,61.590000,37.865612,,2.414286,1316.000000,1.876000,52.070000,71.550003,43.490002,,67.160004,26.910000,8.384880,45.815224,18.090000,,28.350000,57.740002,72.801140,,8.090000,58.450001,154.843658,139.479996,50.310001,38.730000,28.870001,13.792007,76.338432,39.259998,,54.324066,20.514999,69.720001,31.033449,36.189999,29.010000,59.071907,26.940001,,,57.408390,48.969536,56.860001,23.889942,59.320000,41.150002,,49.630001,,44.980000,104.290001,,,30.620001,,51.745888,,30.565001,14.913333,60.549999,38.155468,
2006-02-08,2.446071,1323.000000,1.885000,51.970001,71.250000,43.549999,,67.750000,26.860001,8.394252,45.929573,19.270000,,28.230000,57.740002,72.711815,,8.080000,58.919998,154.843658,140.100006,50.990002,39.000000,28.889999,13.887375,77.036331,39.279999,,54.266541,20.629999,69.699997,30.124540,36.599998,29.000000,59.071907,27.010000,,,56.875324,49.283154,57.700001,24.335863,59.400002,41.250000,,49.770000,,44.560001,102.699997,,,30.809999,,52.102379,,30.500000,14.926667,60.000000,37.944664,,2.457500,1327.599976,1.908500,52.730000,71.760002,43.669998,,68.809998,26.940001,8.441112,45.891457,19.400000,,28.200001,57.889999,72.658218,,8.230000,58.205002,156.904404,141.139999,50.950001,39.270000,28.860001,14.536785,77.246651,39.599998,,54.860977,20.615000,69.940002,30.814379,36.360001,28.799999,59.364548,26.910000,,,56.902431,49.014336,57.279999,25.018974,59.470001,42.580002,,50.139999,,45.099998,103.900002,,,30.719999,,51.106033,,30.665001,15.133333,60.389999,38.629776,
2006-02-09,2.467857,1329.000000,1.930500,52.950001,71.769997,43.750000,,69.000000,26.840000,8.453608,46.425079,19.520000,,28.379999,58.119999,72.979797,,8.220000,58.145000,157.096100,141.139999,51.720001,39.220001,28.889999,14.600363,76.864243,39.529999,,54.860977,20.559999,69.940002,31.741934,36.310001,28.750000,59.665550,26.959999,,,57.110233,48.906811,57.299999,25.018974,59.459999,42.630001,,50.490002,,45.139999,103.199997,,,30.950001,,52.184643,,30.605000,15.160000,60.549999,38.603428,,2.319643,1342.400024,1.899500,53.040001,72.010002,43.830002,,68.449997,26.879999,8.313027,45.205372,19.549999,,27.870001,56.900002,73.962387,,8.360000,58.799999,157.767044,140.850006,51.849998,39.049999,28.780001,14.350590,76.864243,39.770000,,55.148609,20.500000,70.620003,31.527525,36.299999,29.040001,60.301003,26.660000,,,57.769791,48.745522,57.709999,24.990513,59.619999,43.040001,,50.230000,,44.900002,102.510002,,,31.049999,,48.427788,,30.615000,15.233333,59.919998,37.786560,
2006-02-10,2.327857,1347.199951,1.899000,53.139999,72.099998,43.770000,,68.150002,26.924999,8.231803,45.357834,19.610001,,27.980000,57.320000,74.230370,,8.340000,58.750000,157.767044,140.669998,52.400002,38.950001,28.780001,14.346049,76.864243,39.619999,,55.129433,20.455000,70.370003,32.114819,36.270000,28.950001,60.443146,26.620001,,,57.769791,48.835125,57.590000,24.667933,59.630001,42.970001,,50.430000,,44.950001,102.949997,,,31.000000,,48.473492,,30.635000,15.200000,60.049999,37.707512,,2.403929,1358.000000,1.926000,53.000000,72.529999,43.919998,,68.750000,27.010000,8.294283,45.243488,19.760000,,27.900000,56.610001,75.052170,,8.270000,59.945000,159.492310,140.809998,51.520000,39.220001,28.889999,14.309718,77.753349,39.919998,,54.717163,20.580000,71.370003,32.366516,36.330002,29.020000,60.710701,26.690001,,,58.086014,48.458782,57.930000,24.364326,59.700001,43.139999,,50.080002,,44.419998,103.290001,,,30.910000,,46.297989,,30.865000,15.250000,59.430000,38.208168,
2006-02-13,2.379643,1358.000000,1.912500,53.000000,71.949997,43.700001,,68.300003,27.000000,8.281787,45.357834,19.620001,,27.950001,56.630001,75.248688,,8.350000,59.845001,159.108917,139.649994,51.900002,39.020000,28.490000,14.168937,77.753349,39.770000,,54.745926,20.690001,70.900002,32.161430,36.410000,29.000000,60.777592,26.629999,,,57.778824,48.781361,57.830002,24.098673,59.580002,43.220001,,49.290001,,44.150002,104.070000,,,30.670000,,46.517368,,30.775000,15.156667,59.430000,38.102768,,2.311071,1358.800049,1.893000,53.020000,72.110001,43.700001,,68.620003,27.045000,8.184942,45.319717,19.549999,,27.910000,56.619999,75.177223,,8.200000,59.959999,159.348541,139.649994,52.150002,39.700001,28.549999,14.414169,76.902489,39.770000,,55.023968,20.370001,71.620003,32.114819,36.360001,28.879999,60.961536,26.389999,,,58.040840,49.023296,57.599998,24.269449,59.439999,42.549999,,49.250000,,44.470001,103.959999,,,30.480000,,46.243145,,30.825001,15.170000,59.599998,38.050068,
2006-02-14,2.325000,1362.000000,1.902000,53.299999,72.349998,43.919998,,69.000000,27.080000,8.222430,44.519287,19.639999,,27.930000,55.849998,74.962845,,8.230000,60.369999,159.013077,141.199997,51.299999,39.950001,28.860001,14.441417,77.007645,39.660000,,55.177372,20.495001,71.559998,32.152107,36.360001,28.850000,61.454849,26.410000,,,57.760754,48.521503,57.599998,24.222012,59.549999,42.580002,,49.299999,,44.490002,105.400002,,,30.590000,,44.881168,,30.950001,15.140000,59.259998,38.076416,,2.415714,1367.800049,1.912500,53.509998,72.709999,44.160000,,70.220001,27.125000,8.294283,45.121517,19.700001,,28.610001,55.720001,76.499260,,8.300000,60.305000,160.354950,141.779999,51.689999,41.130001,29.129999,14.754768,77.523903,40.099998,,55.110260,20.670000,72.669998,32.035580,36.369999,29.139999,61.622074,26.650000,,,58.890129,49.032257,57.950001,24.193548,59.840000,43.480000,,49.959999,,44.560001,106.860001,,,30.559999,,45.475319,,31.325001,15.483333,59.549999,38.181816,
2006-02-15,2.398571,1364.000000,1.912000,53.680000,72.370003,44.070000,,69.930000,27.135000,8.281787,45.357834,19.600000,,28.510000,55.849998,76.195549,,8.300000,60.430000,160.738358,142.000000,51.150002,41.099998,29.090000,14.645777,77.304016,39.970001,,55.033558,20.695000,72.339996,31.821173,36.259998,29.090000,61.630436,26.600000,,,58.736534,48.808243,57.740002,24.165085,59.750000,43.240002,,50.450001,,44.470001,106.139999,,,30.309999,,46.297989,,31.325001,15.430000,59.810001,37.997364,,2.472143,1365.800049,1.963000,54.189999,72.449997,44.360001,,71.599998,27.254999,8.291159,44.725113,19.940001,,28.980000,55.959999,77.553314,,8.380000,59.900002,160.354950,145.139999,51.139999,41.529999,29.030001,14.382380,77.294456,40.320000,,55.091084,20.670000,71.830002,32.501690,36.009998,29.420000,61.145485,26.879999,,,58.817848,48.611111,57.880001,24.297913,60.110001,43.360001,,50.310001,,43.950001,106.150002,,,30.620001,,46.224861,,31.745001,15.630000,59.759998,38.366272,
2006-02-16,2.496786,1364.800049,1.968500,54.049999,72.650002,44.389999,,71.790001,27.250000,8.291159,44.976677,19.910000,,28.830000,56.099998,77.857025,,8.420000,59.900002,160.259109,146.100006,50.720001,41.610001,29.090000,15.004541,77.131927,40.450001,,55.129433,20.639999,71.419998,32.277958,35.990002,29.370001,61.204014,26.850000,,,58.817848,48.333332,57.650002,24.288425,60.020000,43.360001,,50.560001,,43.689999,107.129997,,,30.850000,,47.239487,,31.674999,15.616667,59.900002,38.287220,,2.520357,1363.599976,1.957500,54.480000,72.550003,44.689999,,71.959999,27.405001,8.281787,45.662762,19.980000,,29.100000,56.299999,78.571632,,8.390000,60.970001,159.827789,145.899994,51.320000,41.860001,29.160000,15.449591,77.351814,40.820000,,55.580059,20.795000,71.919998,32.394485,36.369999,29.240000,61.078594,26.809999,,,59.197319,48.844086,58.700001,24.487665,60.730000,43.669998,,50.750000,,44.180000,107.599998,,,31.750000,,49.195614,,31.975000,15.543333,60.250000,38.787880,
2006-02-17,2.510714,1357.199951,1.946500,54.480000,72.550003,44.779999,,72.000000,27.385000,8.281787,46.043919,19.940001,,29.000000,56.779999,78.518044,,8.430000,60.775002,159.827789,146.190002,50.880001,41.849998,29.200001,15.281562,77.351814,40.660000,,56.433365,20.820000,71.580002,32.254650,36.369999,29.180000,61.162209,26.670000,,,59.260567,48.539429,58.570000,24.478178,60.590000,43.889999,,50.750000,,43.910000,107.949997,,,31.629999,,49.835464,,31.980000,15.543333,60.369999,38.787880,,2.510357,1348.400024,1.959500,54.450001,72.959999,44.660000,,72.050003,27.400000,8.219306,46.569920,19.860001,,28.600000,57.169998,78.250061,,8.450000,60.665001,161.073822,145.539993,51.230000,41.860001,29.350000,15.472298,77.160614,40.779999,,56.145733,20.895000,72.839996,32.291939,36.060001,29.549999,61.680603,26.700001,,,59.368984,48.996414,58.919998,24.497154,61.000000,43.259998,,50.810001,,44.200001,108.540001,,,31.480000,,49.808044,,31.805000,15.366667,60.549999,38.893280,
2006-02-21,2.521071,1347.199951,1.950500,54.500000,73.150002,44.709999,,72.000000,27.250000,8.219306,47.492321,19.709999,,28.600000,57.990002,78.571632,,8.450000,61.000000,161.073822,145.559998,51.509998,43.000000,29.340000,15.372389,76.577438,40.630001,,56.097794,20.895000,72.500000,32.291939,35.880001,29.389999,61.596989,26.719999,,,59.152145,48.844086,58.720001,24.383303,60.880001,43.200001,,50.880001,,43.040001,108.150002,,,31.350000,,51.179157,,31.900000,15.236667,61.000000,38.787880,,2.467143,1345.199951,1.914500,53.860001,73.050003,44.549999,,72.589996,27.160000,8.200562,47.896351,19.580000,,28.180000,57.900002,77.714104,,8.390000,59.500000,159.875717,143.449997,51.020000,41.869999,29.270000,14.763851,76.959846,40.700001,,56.116970,20.924999,72.980003,31.616083,35.660000,29.540001,61.204014,26.540001,,,58.998550,48.620071,58.840000,24.326376,60.880001,43.090000,,50.560001,,43.099998,107.980003,,,30.650000,,50.749542,,31.754999,15.246667,60.759998,38.735180,
2006-02-22,2.464286,1353.599976,1.915500,53.970001,73.059998,44.450001,,72.589996,27.084999,8.225555,47.286495,19.570000,,28.340000,57.900002,77.785561,,8.410000,59.895000,160.786270,143.449997,51.490002,42.130001,29.450001,14.623070,76.481834,40.889999,,56.548416,21.025000,72.980003,31.620745,35.750000,29.490000,61.195652,26.530001,,,59.215389,48.342293,58.750000,24.373814,61.000000,43.340000,,50.959999,,42.580002,106.199997,,,30.580000,,50.274223,,31.900000,15.310000,60.599998,38.761528,,2.547143,1358.199951,1.936000,54.840000,74.389999,45.080002,,73.059998,27.285000,8.284911,47.187393,19.670000,,28.459999,57.240002,77.142410,,8.300000,60.099998,161.217590,145.529999,50.990002,41.880001,29.440001,14.959128,77.772469,41.410000,,56.845638,21.040001,73.980003,31.844477,35.950001,29.840000,61.020065,26.719999,,,59.513546,48.548386,59.000000,24.848198,61.939999,44.520000,,51.400002,,42.630001,106.730003,,,31.020000,,49.862888,,32.195000,15.160000,60.259998,39.657444,
2006-02-23,2.563929,1351.599976,1.931000,54.279999,73.949997,45.189999,,73.070000,27.174999,8.247423,46.768120,19.620001,,28.379999,57.099998,76.999489,,8.300000,61.299999,159.348541,145.610001,51.400002,41.939999,29.750000,14.859219,77.629066,41.259998,,56.759350,21.090000,73.500000,31.672016,35.750000,29.850000,61.120399,26.730000,,,59.188286,48.709679,58.759998,24.876659,61.849998,44.450001,,51.959999,,42.970001,108.000000,,,30.620001,,49.634369,,32.150002,15.166667,60.009998,39.525692,,2.562500,1344.000000,1.895000,54.570000,73.900002,45.369999,,72.349998,27.325001,8.294283,46.836727,19.719999,,28.500000,57.139999,77.338928,,8.170000,60.610001,159.396469,143.960007,51.720001,41.580002,29.820000,14.700272,76.673042,41.110001,,56.999043,21.014999,73.489998,32.044903,35.590000,30.170000,61.580269,26.660000,,,58.989513,48.745522,59.660000,24.800758,61.480000,44.599998,,51.880001,,42.689999,107.760002,,,29.860001,,50.137112,,32.195000,15.233333,59.830002,39.631096,
2006-02-24,2.576429,1347.400024,1.912500,54.590000,73.650002,44.939999,,72.500000,27.400000,8.263043,47.606670,19.700001,,28.500000,57.560001,77.303200,,8.210000,60.610001,159.348541,143.050003,51.310001,41.799999,29.549999,14.741144,77.103249,40.939999,,57.746883,21.004999,73.489998,32.068211,35.490002,30.100000,61.822742,26.590000,,,59.134075,48.593189,59.470001,24.772297,61.320000,44.590000,,51.590000,,43.000000,107.860001,,,30.000000,,51.425961,,32.320000,15.233333,60.340000,39.525692,,2.552143,1339.400024,1.917500,54.869999,74.309998,45.720001,,72.699997,27.309999,8.275539,47.820118,19.850000,,28.209999,57.650002,77.589043,,8.100000,60.950001,158.821381,144.160004,51.099998,41.630001,29.540001,14.541326,76.577438,41.660000,,57.229149,21.115000,74.580002,31.947021,35.340000,30.290001,61.797661,26.629999,,,59.567757,48.637993,59.540001,25.018974,61.500000,44.750000,,51.939999,,43.220001,108.699997,,,29.680000,,51.361973,,32.285000,15.150000,60.419998,39.657444,
2006-02-27,2.571071,1339.400024,1.920000,54.869999,74.050003,45.840000,,73.300003,27.184999,8.313027,47.583801,19.850000,,28.129999,57.650002,77.714104,,8.150000,61.250000,159.204773,144.809998,50.580002,41.820000,29.980000,14.691190,76.453156,41.549999,,56.912750,21.139999,74.050003,31.928375,35.299999,30.209999,61.872910,26.750000,,,59.405125,48.620071,59.770000,25.047438,61.680000,44.669998,,51.790001,,43.250000,107.980003,,,29.799999,,50.914078,,32.279999,15.183333,60.200001,39.525692,,2.535357,1342.199951,1.900500,54.740002,74.129997,45.980000,,73.500000,27.715000,8.384880,47.179771,19.969999,,28.840000,57.099998,77.839157,,8.080000,62.345001,159.684021,143.820007,51.180000,42.450001,30.209999,15.172570,77.084129,41.580002,,57.353786,21.264999,74.059998,32.277958,35.250000,30.200001,61.613712,27.049999,,,59.197319,49.202511,59.509998,25.237192,61.349998,45.119999,,52.080002,,43.509998,107.949997,,,29.639999,,50.685558,,32.244999,15.253333,59.919998,39.104084,
2006-02-28,2.556429,1337.199951,1.889500,54.299999,73.900002,45.770000,,73.099998,27.650000,8.350515,46.806236,19.959999,,28.600000,56.689999,77.839157,,8.090000,62.000000,159.108917,143.600006,50.779999,42.180000,29.500000,14.986376,76.577438,41.590000,,56.797699,21.260000,73.629997,32.161430,35.299999,30.139999,61.622074,26.950001,,,58.844955,47.822582,59.180000,25.237192,61.000000,44.900002,,51.470001,,42.709999,107.610001,,,29.350000,,49.908592,,32.169998,15.190000,59.520000,38.866928,,2.446071,1327.199951,1.872000,53.880001,72.690002,45.849998,,73.080002,27.240000,8.381756,46.470818,20.240000,,28.330000,56.480000,76.874435,,7.970000,61.634998,157.527420,141.289993,50.820000,42.150002,29.379999,14.900091,76.711281,41.139999,,56.740173,20.985001,72.870003,31.881765,34.910000,30.090000,61.530102,26.870001,,,57.914349,47.715054,59.110001,24.848198,59.930000,44.340000,,51.099998,,42.630001,106.870003,,,29.850000,,49.168190,,32.099998,15.120000,59.369999,39.262188,
2006-03-01,2.458571,1325.800049,1.872500,53.950001,72.559998,45.349998,,73.129997,27.340000,8.356764,46.806236,20.379999,,28.500000,56.720001,77.088814,,8.000000,62.875000,158.006653,141.979996,51.470001,42.150002,29.980000,15.104450,76.673042,41.160000,,56.740173,20.950001,72.680000,31.998293,35.000000,30.010000,62.031773,26.980000,,,57.236725,48.243729,59.040001,24.762808,60.110001,44.279999,,51.419998,,43.119999,106.800003,,,30.290001,,49.488117,,32.224998,15.120000,59.590000,39.262188,,2.467857,1324.400024,1.856000,54.119999,72.949997,45.599998,,74.389999,27.385000,8.550453,47.088295,21.059999,,29.059999,57.240002,78.535904,,7.950000,62.230000,157.000244,143.149994,51.389999,42.590000,29.740000,15.463215,76.386230,41.630001,,57.142857,21.155001,73.330002,32.072868,34.930000,29.639999,61.596989,27.139999,,,58.311890,48.028675,59.250000,24.914612,60.110001,45.389999,,51.869999,,42.889999,107.040001,,,32.180000,,50.219379,,32.345001,15.050000,60.340000,39.025032,
2006-03-02,2.463929,1318.000000,1.782000,54.110001,72.750000,45.250000,,74.139999,27.275000,8.503593,47.263626,20.930000,,29.000000,57.240002,77.821297,,7.960000,62.700001,156.712708,143.070007,51.380001,42.180000,29.430000,15.440509,76.051628,41.630001,,56.749760,21.035000,73.099998,32.002953,34.930000,29.799999,61.571907,27.020000,,,58.185398,48.118279,59.000000,24.667933,59.990002,45.259998,,51.480000,,42.360001,107.010002,,,32.000000,,50.475319,,32.209999,15.003333,60.040001,38.919632,,2.486071,1316.000000,1.844000,53.779999,72.800003,45.150002,,74.339996,27.254999,8.553577,47.858234,20.879999,,29.080000,57.009998,78.053543,,7.660000,63.220001,157.431564,144.000000,51.650002,42.290001,29.469999,15.526794,76.424477,41.660000,,57.142857,20.955000,73.309998,31.872442,34.939999,29.540001,61.078594,26.969999,,,58.998550,48.682796,59.279999,24.724857,59.549999,44.779999,,51.660000,,42.779999,106.830002,,,32.349998,,51.855576,,31.920000,15.020000,60.849998,39.631096,
2006-03-03,2.478571,1312.000000,1.844500,53.599998,72.809998,45.080002,,74.349998,27.180000,8.459856,47.705769,20.700001,,29.070000,56.820000,77.642639,,7.660000,62.830002,156.952332,143.500000,51.900002,42.000000,28.940001,15.326975,76.013382,41.500000,,57.046982,20.815001,73.290001,31.755917,34.750000,29.440001,61.078594,26.809999,,,58.953377,48.682796,59.020000,24.554079,59.299999,44.529999,,51.380001,,42.259998,105.010002,,,32.200001,,51.371117,,31.850000,14.956667,60.830002,39.367588,,2.418571,1309.599976,1.860500,53.750000,73.389999,45.189999,,74.610001,27.430000,8.487973,47.629539,21.040001,,28.700001,56.970001,78.017815,,7.570000,63.904999,158.437973,146.000000,52.020000,42.200001,28.959999,15.104450,76.443596,41.590000,,56.912750,20.900000,73.500000,31.718628,34.849998,29.690001,60.936455,26.930000,,,59.441265,48.709679,59.480000,24.990513,59.669998,45.110001,,52.099998,,42.400002,105.720001,,,32.290001,,51.663620,,31.910000,15.110000,60.980000,39.868248,
2006-03-06,2.417500,1307.599976,1.866000,53.730000,73.699997,45.099998,,74.629997,27.365000,8.469228,47.339859,20.969999,,28.750000,56.750000,78.178596,,7.620000,63.570000,158.437973,146.539993,52.270000,42.160000,28.719999,15.122616,76.395790,41.480000,,56.960690,20.885000,73.699997,31.858459,34.610001,29.700001,60.585285,26.920000,,,59.621964,48.566307,59.320000,24.819735,59.549999,45.250000,,52.310001,,42.410000,105.779999,,,32.520000,,51.316273,,31.844999,15.163333,60.950001,39.736496,,2.338571,1320.199951,1.843000,53.750000,72.629997,45.209999,,73.220001,27.150000,8.453608,46.181137,21.049999,,28.469999,55.849998,76.928024,,7.690000,63.584999,158.629684,145.020004,52.130001,41.799999,28.740000,14.922797,76.481834,41.430000,,56.577183,20.975000,72.690002,31.886427,34.669998,29.480000,60.158863,26.910000,,,58.528728,48.369175,59.680000,24.648956,59.669998,44.680000,,51.799999,,42.099998,105.209999,,,32.330002,,50.073128,,31.860001,15.040000,59.980000,39.077736,
2006-03-07,2.348571,1320.199951,1.835500,53.549999,72.660004,45.090000,,73.010002,27.035000,8.444236,46.043919,20.930000,,28.299999,55.849998,77.035217,,7.750000,63.000000,158.342133,144.369995,51.650002,41.650002,29.379999,14.859219,76.491394,41.020000,,56.586769,20.975000,72.379997,31.769899,34.549999,29.540001,60.033443,26.900000,,,58.655220,47.544804,59.470001,24.705881,59.560001,44.480000,,51.240002,,42.110001,105.250000,,,31.150000,,50.091408,,31.860001,15.063333,59.900002,38.998680,,2.368214,1329.800049,1.846500,53.590000,73.160004,45.619999,,73.040001,27.320000,8.359888,45.342590,20.870001,,28.920000,55.320000,76.463531,,7.650000,63.380001,158.869293,144.279999,52.340000,41.369999,29.180000,14.968211,76.759079,41.480000,,56.414188,20.900000,73.120003,31.639391,34.639999,29.610001,60.426422,27.059999,,,58.745571,48.037636,59.759998,24.848198,60.299999,44.250000,,51.340000,,42.029999,105.209999,,,31.260000,,49.031078,,32.244999,15.090000,59.849998,39.578392,
2006-03-08,2.367500,1327.800049,1.836000,53.590000,72.849998,45.419998,,73.040001,27.375000,8.378632,44.900444,20.709999,,29.100000,55.320000,76.481392,,7.650000,63.299999,158.437973,143.550003,53.240002,41.099998,29.360001,14.895550,76.720840,41.490002,,56.001919,20.860001,73.279999,31.644051,34.669998,29.610001,60.627090,26.990000,,,58.546799,48.763439,59.570000,24.762808,60.250000,44.040001,,50.689999,,43.049999,105.239998,,,31.250000,,47.989033,,32.150002,15.066667,59.450001,39.604744,,2.345000,1339.199951,1.840500,53.840000,72.820000,45.709999,,72.400002,28.270000,8.347391,45.395950,20.860001,,30.070000,55.119999,76.052628,,7.550000,63.459999,160.211182,142.490005,53.590000,41.160000,29.320000,14.841054,77.571701,41.599998,,56.471718,21.115000,73.419998,31.923716,34.680000,29.629999,60.518394,27.250000,,,59.007584,49.050179,59.820000,24.829222,61.070000,44.029999,,50.910000,,43.410000,105.949997,,,31.340000,,49.168190,,32.205002,15.090000,59.709999,39.631096,
2006-03-09,2.356429,1339.199951,1.840000,53.810001,72.750000,45.700001,,72.430000,28.125000,8.331771,45.670383,20.900000,,30.240000,55.470001,76.284874,,7.600000,63.424999,159.971558,142.660004,54.099998,41.070000,29.580000,14.895550,77.686424,41.500000,,56.471718,21.059999,73.430000,31.839815,34.619999,29.629999,60.643814,27.270000,,,58.890129,48.915771,59.700001,24.905123,61.500000,44.009998,,51.349998,,43.610001,106.660004,,,31.360001,,49.570385,,32.174999,15.066667,59.939999,39.578392,,2.283214,1331.800049,1.806000,53.200001,73.760002,45.549999,,71.400002,28.639999,8.228679,45.083401,20.440001,,30.120001,54.450001,76.052628,,7.750000,63.455002,159.108917,141.699997,54.000000,40.639999,29.440001,14.877384,77.456978,41.049999,,55.790989,21.200001,73.589996,31.858459,34.529999,30.090000,60.033443,27.000000,,,59.269600,48.575268,60.000000,24.848198,61.400002,43.310001,,51.279999,,43.279999,106.000000,,,30.820000,,48.683727,,31.955000,15.080000,58.919998,39.525692,
2006-03-10,2.287500,1345.000000,1.812000,53.250000,73.769997,45.500000,,71.349998,28.750000,8.256795,45.045284,20.530001,,30.290001,54.150002,75.123634,,7.810000,63.250000,159.492310,141.630005,53.930000,40.639999,29.620001,14.877384,77.466537,41.060001,,55.800575,21.309999,73.580002,31.788544,34.599998,30.139999,60.117058,27.059999,,,59.278633,48.709679,59.939999,24.990513,61.450001,43.500000,,51.279999,,43.509998,105.750000,,,30.969999,,48.628883,,31.950001,15.146667,58.919998,39.525692,,2.256786,1353.000000,1.811000,54.230000,74.790001,45.950001,,70.949997,28.860001,8.200562,45.030041,20.820000,,30.400000,54.080002,76.445663,,7.840000,63.150002,161.265518,141.529999,54.400002,41.250000,29.910000,14.981835,77.982796,41.130001,,56.184086,21.385000,74.330002,31.662695,34.650002,30.570000,60.468227,27.170000,,,60.489326,49.390682,60.340000,24.743834,62.250000,44.119999,,51.830002,,43.869999,106.680000,,,30.770000,,48.939671,,32.125000,15.110000,59.180000,39.604744,
2006-03-13,2.323214,1358.000000,1.815500,54.450001,75.209999,45.959999,,71.449997,29.000000,8.213058,45.258736,20.870001,,30.330000,54.529999,76.856567,,7.850000,63.000000,161.313446,141.550003,54.500000,41.080002,30.030001,14.945504,77.973228,41.450001,,56.375839,21.295000,74.330002,31.718628,34.529999,30.340000,60.618729,27.180000,,,60.679062,49.838711,60.000000,24.667933,62.110001,44.099998,,51.669998,,44.599998,106.800003,,,30.870001,,49.177330,,32.130001,15.116667,59.680000,39.578392,,2.345714,1361.400024,1.809500,53.840000,74.839996,45.939999,,71.000000,28.905001,8.153702,45.860966,20.860001,,30.059999,55.180000,76.088356,,7.860000,63.685001,161.361374,140.720001,54.650002,41.250000,30.180000,15.086285,78.326958,41.060001,,56.720997,21.245001,73.519997,31.546167,34.320000,29.770000,60.275921,27.110001,,,60.796516,49.982079,60.490002,24.639469,61.980000,44.020000,,51.680000,,44.970001,106.900002,,,30.889999,,50.868374,,32.180000,15.090000,59.639999,39.841896,
2006-03-14,2.348929,1369.000000,1.802000,53.770000,74.839996,46.000000,,71.000000,28.660000,8.141206,45.967690,20.820000,,30.059999,55.200001,76.249146,,7.800000,63.500000,160.546646,145.919998,54.650002,41.110001,30.190001,15.054496,77.925430,41.259998,,56.720997,21.235001,73.519997,31.504217,34.169998,29.770000,60.351170,27.040001,,,60.850723,50.000000,60.259998,24.573055,60.090000,43.970001,,51.680000,,44.820000,107.120003,,,30.650000,,51.234005,,32.119999,15.063333,59.549999,39.683792,,2.404286,1372.199951,1.845500,53.959999,75.449997,46.259998,,71.940002,28.325001,8.331771,46.371716,21.250000,,30.570000,56.349998,77.053085,,7.730000,64.044998,161.888535,149.419998,54.939999,42.139999,30.469999,15.168029,79.235184,41.380001,,56.548416,21.395000,74.070000,31.504217,34.259998,30.129999,61.479935,27.230000,,,61.356686,50.089607,60.430000,24.639469,60.009998,44.549999,,52.340000,,44.980000,108.040001,,,31.219999,,51.809872,,32.459999,15.180000,60.810001,39.920948,
2006-03-15,2.418214,1368.000000,1.847500,53.959999,75.400002,46.049999,,72.110001,28.325001,8.303655,46.280239,21.190001,,29.500000,56.500000,78.446579,,7.780000,64.000000,161.888535,148.300003,54.779999,42.020000,30.770000,15.145322,79.015297,41.160000,,56.711411,21.344999,74.209999,31.485575,34.209999,30.129999,61.270905,27.200001,,,61.356686,50.179211,60.110001,24.658443,60.509998,44.700001,,52.500000,,44.900002,108.500000,,,31.219999,,51.380257,,32.375000,15.166667,60.669998,39.762848,,2.365357,1373.199951,1.844500,54.020000,76.050003,46.400002,,74.290001,28.334999,8.459856,47.012062,21.440001,,29.709999,56.500000,77.946350,,7.850000,64.595001,164.955688,149.000000,54.680000,42.259998,30.660000,15.390554,79.713196,41.220001,,56.644295,21.365000,74.220001,31.499557,34.770000,30.139999,61.872910,27.360001,,,62.043346,50.179211,60.060001,24.620493,59.900002,44.860001,,52.980000,,44.919998,108.389999,,,31.280001,,52.723949,,32.450001,15.106667,61.020000,40.289856,
2006-03-16,2.387500,1380.000000,1.854000,54.000000,76.250000,46.480000,,74.930000,28.350000,8.484848,47.073048,21.490000,,29.879999,56.509998,78.250061,,7.850000,64.595001,166.057953,149.100006,54.099998,42.470001,30.320000,15.390554,79.760994,41.419998,,56.711411,21.355000,74.470001,31.616083,34.700001,30.150000,62.282608,27.340000,,,62.043346,49.964157,60.200001,24.601519,59.799999,45.000000,,53.009998,,44.689999,107.690002,,,31.100000,,52.650822,,32.500000,15.186667,60.970001,40.263504,,2.296786,1384.800049,1.838500,54.119999,76.730003,46.759998,,74.900002,28.325001,8.487973,47.522816,21.250000,,29.600000,57.740002,78.339386,,7.930000,64.690002,164.763992,147.690002,54.520000,42.750000,30.370001,15.376930,79.225624,41.320000,,57.142857,21.344999,75.849998,31.723289,35.060001,30.270000,62.617058,27.270000,,,62.477024,50.206093,59.900002,24.715370,59.389999,44.639999,,52.990002,,45.040001,107.930000,,,30.150000,,53.491772,,32.470001,15.453333,61.639999,40.052700,
2006-03-17,2.312500,1373.000000,1.844000,54.410000,77.199997,46.970001,,75.580002,28.440001,8.550453,47.873482,21.440001,,29.549999,57.980000,78.339386,,7.930000,64.995003,165.195312,148.250000,54.360001,42.970001,30.500000,15.440509,79.684509,41.349998,,57.420902,21.344999,75.949997,31.937698,35.240002,30.420000,62.959866,27.350000,,,62.702900,50.716846,60.090000,24.857685,59.389999,45.099998,,52.980000,,45.130001,108.389999,,,30.190001,,53.921391,,32.645000,15.533333,61.799999,40.289856,,2.309286,1376.400024,1.799500,54.650002,77.849998,46.900002,,76.230003,28.344999,8.403624,46.775745,21.620001,,29.600000,57.180000,78.035675,,7.810000,65.330002,165.387009,150.360001,54.470001,42.900002,30.440001,15.513170,79.636711,41.400002,,56.558006,21.395000,75.949997,32.277958,35.099998,30.260000,62.533443,27.500000,,,63.091404,50.806454,60.060001,25.037951,59.099998,45.299999,,53.380001,,45.119999,108.199997,,,30.190001,,52.888481,,32.529999,15.563333,61.049999,40.158104,
2006-03-20,2.329286,1378.000000,1.796000,55.000000,78.500000,46.709999,,76.879997,28.469999,8.384880,46.493687,21.620001,,29.740000,57.000000,77.892754,,7.850000,65.500000,165.530792,150.050003,54.299999,42.720001,30.700001,15.417802,79.455070,41.310001,,56.759350,21.410000,76.190002,32.222023,34.939999,30.299999,62.575253,27.700001,,,63.091404,50.349461,59.950001,25.037951,59.380001,45.169998,,53.070000,,44.799999,109.980003,,,30.190001,,52.486290,,32.540001,15.676667,60.770000,40.052700,,2.285357,1368.199951,1.811500,54.119999,78.180000,46.900002,,75.849998,28.500000,8.403624,45.960064,21.680000,,29.830000,56.750000,77.017357,,7.930000,65.580002,165.339096,152.179993,54.330002,42.849998,30.900000,15.422343,79.904396,41.450001,,56.979866,21.445000,76.730003,32.184734,34.730000,30.459999,62.709030,27.889999,,,62.739040,50.403225,59.860001,25.113852,59.180000,44.900002,,53.430000,,44.419998,109.110001,,,30.120001,,51.873856,,32.564999,15.920000,60.660000,39.736496,
2006-03-21,2.207500,1374.400024,1.796000,53.959999,78.800003,46.750000,,75.900002,28.500000,8.347391,45.807602,21.410000,,29.969999,56.599998,76.749374,,7.980000,65.800003,165.387009,151.610001,53.549999,42.840000,30.969999,15.376930,80.133842,41.270000,,57.114094,21.400000,76.839996,32.277958,34.669998,30.410000,62.876255,27.740000,,,62.657726,50.197132,59.689999,25.142315,59.209999,45.000000,,52.950001,,43.860001,109.400002,,,30.129999,,51.645336,,32.599998,16.066668,60.660000,39.736496,,2.207500,1346.599976,1.796000,53.590000,78.260002,46.570000,,74.309998,28.790001,8.347391,45.350212,21.410000,,29.620001,56.570000,76.159821,,8.050000,65.050003,164.572296,149.399994,53.639999,43.000000,30.719999,15.231608,80.124283,41.200001,,56.711411,21.375000,76.300003,32.380501,34.900002,30.450001,62.650501,27.740000,,,62.720970,49.838711,59.529999,24.962049,59.029999,45.270000,,52.389999,,43.680000,109.099998,,,30.150000,,51.946983,,32.439999,16.036667,60.720001,39.947300,
2006-03-22,2.220000,1346.599976,1.800000,53.549999,78.599998,46.400002,,74.599998,28.445000,8.338019,45.144386,21.240000,,28.400000,56.419998,75.141495,,8.100000,65.050003,164.763992,148.300003,53.939999,42.770000,30.549999,14.822888,79.684509,41.189999,,56.711411,21.410000,76.300003,32.184734,35.029999,30.350000,62.508362,27.080000,,,62.612549,50.107529,59.349998,25.000000,58.700001,45.380001,,52.340000,,47.799999,108.400002,,,29.959999,,52.193783,,32.000000,15.970000,60.630001,39.815548,,2.202500,1357.800049,1.800000,53.549999,78.610001,46.990002,,76.209999,29.010000,8.306779,46.104904,21.420000,,29.469999,56.490002,76.392067,,8.150000,65.275002,165.482864,151.820007,54.000000,43.369999,30.580000,15.149864,80.736137,42.049999,,57.181210,21.385000,76.500000,32.413128,34.799999,31.139999,63.603680,27.150000,,,63.082371,50.403225,59.820000,25.047438,59.490002,45.910000,,52.820000,,47.880001,108.970001,,,30.010000,,52.522854,,32.685001,16.033333,61.049999,39.525692,
2006-03-23,2.207857,1350.800049,1.798000,53.549999,78.610001,46.869999,,76.400002,28.900000,8.291159,46.691891,21.290001,,29.570000,56.660000,76.374207,,8.150000,65.550003,165.099472,151.169998,53.400002,43.250000,30.690001,15.040872,80.525810,42.049999,,56.999043,21.375000,76.500000,32.170753,34.810001,31.040001,64.113708,27.080000,,,62.883598,49.937275,59.599998,25.047438,59.259998,45.500000,,52.669998,,46.939999,108.010002,,,30.070000,,53.098721,,32.599998,16.063334,61.110001,39.393940,,2.148571,1343.199951,1.784000,53.099998,77.900002,46.700001,,76.260002,28.670000,8.275539,46.592789,21.410000,,29.490000,56.630001,75.873978,,8.080000,65.425003,163.517960,151.669998,53.009998,43.810001,30.490000,14.986376,79.541107,42.040001,,56.855225,21.205000,75.970001,32.301262,34.540001,30.549999,64.188965,26.850000,,,62.440884,49.686378,59.130001,24.819735,58.650002,44.560001,,52.340000,,46.560001,107.199997,,,30.450001,,53.747715,,32.485001,16.180000,61.250000,39.683792,
2006-03-24,2.151786,1340.000000,1.786000,53.099998,78.050003,46.779999,,76.260002,28.650000,8.281787,46.836727,21.340000,,29.410000,56.700001,75.891838,,8.040000,65.214996,163.086639,151.679993,53.509998,43.720001,30.410000,14.895550,79.340347,41.990002,,56.701820,21.174999,75.699997,32.949154,34.540001,30.459999,64.088631,26.709999,,,62.522202,49.919353,59.000000,24.895636,58.560001,44.619999,,51.900002,,46.419998,107.300003,,,30.450001,,53.939671,,32.415001,16.233334,61.150002,39.657444,,2.141429,1348.599976,1.773500,53.180000,78.730003,46.900002,,75.500000,28.900000,8.297407,47.080669,21.360001,,29.049999,57.570000,75.480942,,8.090000,65.635002,162.703247,152.169998,53.700001,43.119999,30.889999,15.063579,79.694077,42.099998,,56.605946,21.330000,75.989998,32.068211,34.700001,30.700001,64.214050,27.010000,,,62.043346,49.910393,59.340000,24.686907,58.740002,45.270000,,52.209999,,46.480000,108.180000,,,30.889999,,54.104206,,32.490002,16.063334,61.169998,39.525692,
2006-03-27,2.155357,1342.400024,1.775000,53.180000,78.730003,46.790001,,75.879997,28.934999,8.288035,46.981567,21.290001,,29.510000,57.849998,75.802513,,8.090000,65.379997,162.319855,152.130005,53.380001,42.950001,31.200001,14.963669,79.330788,41.860001,,57.094917,21.280001,75.500000,32.021599,34.419998,30.620001,64.130432,27.010000,,,62.115623,49.740143,59.139999,24.667933,58.380001,45.099998,,51.509998,,45.619999,109.019997,,,30.889999,,53.857403,,32.325001,16.063334,61.110001,39.235836,,2.125357,1343.000000,1.762500,53.360001,78.389999,46.820000,,75.379997,28.885000,8.347391,48.102177,21.690001,,29.770000,58.209999,75.445206,,8.060000,64.839996,161.936462,155.000000,53.200001,42.990002,31.430000,15.036331,79.426384,42.110001,,56.912750,21.195000,75.930000,32.096176,34.549999,30.700001,64.247490,27.010000,,,61.907822,49.516129,58.990002,24.487665,58.290001,44.959999,,51.500000,,45.549999,109.250000,,,31.270000,,54.314442,,32.465000,15.983333,61.290001,39.631096,
2006-03-28,2.129643,1335.199951,1.760500,53.400002,78.510002,46.619999,,75.550003,29.000000,8.347391,48.384232,21.610001,,30.020000,58.410000,75.480942,,8.080000,65.010002,161.553070,155.009995,52.799999,42.900002,31.270000,14.963669,79.216064,41.930000,,56.912750,21.155001,75.930000,32.021599,34.360001,30.629999,64.247490,27.010000,,,61.763260,50.179211,58.759998,24.411764,58.000000,44.770000,,51.790001,,45.950001,108.500000,,,31.379999,,54.844608,,32.435001,15.983333,61.450001,39.472992,,2.096786,1320.599976,1.784500,52.570000,77.510002,46.060001,,74.870003,28.605000,8.163074,48.597679,21.330000,,29.680000,57.860001,74.462616,,8.130000,63.990002,161.025894,154.160004,52.650002,42.990002,31.090000,14.564033,78.804970,41.560001,,56.164909,21.080000,75.580002,31.970325,34.310001,30.070000,63.795986,26.900000,,,61.383789,49.668461,58.439999,24.051233,57.529999,45.060001,,51.459999,,45.580002,107.519997,,,30.950001,,54.716637,,32.029999,15.916667,60.950001,39.077736,
2006-03-29,2.111786,1323.000000,1.784500,52.849998,77.949997,46.169998,,73.250000,28.730000,8.178694,48.940723,21.400000,,29.850000,57.549999,75.177223,,8.110000,63.990002,160.786270,154.899994,52.360001,43.049999,31.120001,14.600363,78.585083,41.730000,,56.088207,21.049999,75.570000,31.951681,34.200001,30.120001,65.058525,26.950001,,,61.374756,49.238350,58.590000,24.117647,57.439999,45.090000,,51.869999,,46.139999,108.410004,,,31.040001,,54.524681,,31.990000,15.933333,60.950001,39.025032,,2.226071,1323.599976,1.816000,52.500000,79.180000,45.970001,,73.669998,28.830000,8.278663,49.398113,21.570000,,30.059999,58.630001,73.587212,,8.260000,64.500000,162.607407,156.899994,52.259998,42.910000,31.629999,14.859219,79.474190,41.680000,,56.116970,21.080000,75.500000,32.263973,34.599998,30.360001,64.849495,27.020000,,,62.043346,49.444443,58.410000,23.946869,57.740002,45.560001,,52.259998,,46.400002,109.260002,,,31.990000,,55.146252,,32.099998,16.016666,61.279999,39.789196,
2006-03-30,2.243571,1326.800049,1.822500,52.400002,78.949997,45.799999,,73.650002,28.705000,8.278663,49.359997,21.600000,,30.010000,58.750000,73.819466,,8.280000,64.260002,163.278336,157.729996,52.459999,42.810001,31.629999,14.804723,79.235184,41.540001,,55.925217,20.990000,75.300003,32.128803,34.410000,30.410000,64.857857,27.030001,,,61.871681,50.152328,58.290001,23.946869,57.529999,45.500000,,53.580002,,47.310001,109.489998,,,32.869999,,55.557587,,32.099998,16.016666,61.250000,39.789196,,2.241071,1321.400024,1.833500,52.130001,78.419998,45.610001,,72.400002,29.139999,8.288035,49.154171,21.969999,,29.799999,58.509998,73.426430,,8.160000,64.260002,166.057953,156.809998,52.630001,42.380001,31.580000,14.791099,79.541107,41.529999,,55.781399,21.059999,75.230003,32.310585,34.549999,30.190001,63.979935,27.230000,,,61.600632,50.295700,58.110001,23.908918,57.630001,44.759998,,53.919998,,47.529999,110.150002,,,33.080002,,55.137112,,32.064999,15.886667,61.119999,39.789196,
2006-03-31,2.258929,1325.199951,1.834000,51.759998,78.599998,45.730000,,72.400002,29.010000,8.288035,48.834000,21.950001,,29.940001,58.259998,72.693947,,8.230000,64.129997,166.489273,157.000000,52.830002,42.599998,31.120001,14.795640,79.302101,41.779999,,55.675934,21.059999,75.029999,32.287277,34.410000,30.070000,63.979935,27.299999,,,61.754227,49.910393,58.400002,23.946869,57.630001,44.860001,,54.330002,,47.790001,109.050003,,,32.779999,,54.926872,,32.139999,15.980000,60.900002,39.841896,,2.240000,1321.800049,1.826500,52.549999,77.930000,45.540001,,71.809998,28.549999,8.172446,48.140289,21.670000,,29.870001,57.970001,72.533157,,7.960000,63.980000,166.680969,156.960007,52.310001,42.299999,30.959999,14.940963,78.843208,41.639999,,55.417065,20.934999,75.129997,31.974987,34.360001,30.309999,63.285954,27.209999,,,61.700016,49.677418,57.790001,23.643265,57.630001,44.779999,,54.320000,,47.450001,108.900002,,,32.470001,,54.643509,,31.934999,15.746667,60.860001,40.052700,
2006-04-03,2.273929,1328.000000,1.833500,52.810001,78.250000,45.849998,,72.709999,28.750000,8.200562,48.750145,21.850000,,29.969999,58.349998,73.426430,,8.050000,64.230003,166.728897,157.990005,53.130001,42.380001,31.100000,14.986376,79.082214,41.950001,,55.465004,21.049999,75.379997,31.998293,34.450001,30.309999,63.520065,27.670000,,,61.925892,49.892471,58.240002,23.804554,57.689999,44.930000,,54.189999,,46.950001,110.000000,,,32.400002,,54.872028,,31.990000,15.756667,61.360001,40.052700,,2.237500,1313.400024,1.807000,52.430000,78.010002,45.680000,,73.500000,28.915001,8.241175,49.100811,21.590000,,29.500000,58.340000,72.604622,,7.770000,64.070000,166.249649,158.119995,52.840000,42.380001,31.290001,15.227066,79.407265,41.930000,,55.886864,20.934999,74.349998,32.627537,34.730000,30.280001,63.411369,27.559999,,,61.447037,50.000000,57.849998,23.833017,57.880001,44.980000,,54.580002,,47.200001,110.349998,,,32.290001,,53.903107,,32.165001,15.590000,61.029999,39.789196,
2006-04-04,2.217857,1313.400024,1.807000,52.419998,78.580002,45.770000,,74.099998,29.049999,8.216182,48.887360,21.530001,,29.580000,58.349998,72.801140,,7.770000,63.750000,167.112289,158.119995,52.730000,42.299999,31.290001,15.208901,79.397705,41.599998,,56.040268,20.910000,74.150002,32.632198,34.880001,30.230000,63.979935,27.600000,,,61.483173,50.618279,57.919998,23.937382,57.830002,44.970001,,54.720001,,47.380001,110.400002,,,32.290001,,53.546619,,32.165001,15.563333,60.650002,39.815548,,2.184643,1321.400024,1.838500,53.230000,78.599998,46.290001,,75.300003,28.934999,8.275539,49.664925,21.559999,,29.770000,58.910000,72.747543,,7.680000,65.089996,166.297577,161.000000,52.599998,42.549999,31.350000,15.299728,79.780113,42.270000,,56.174496,21.040001,75.000000,32.953812,34.660000,30.740000,64.381271,27.639999,,,62.513165,50.448029,57.810001,23.814041,58.000000,45.639999,,55.240002,,47.380001,110.400002,,,32.340000,,54.698357,,32.435001,15.500000,61.750000,39.314888,
2006-04-05,2.311071,1321.400024,1.833000,53.450001,78.849998,46.209999,,75.500000,29.000000,8.238051,49.893620,21.590000,,29.850000,58.910000,73.051254,,7.680000,64.650002,166.057953,160.500000,52.310001,42.689999,31.580000,15.258856,79.665390,42.169998,,56.327900,21.025000,74.970001,32.790676,34.580002,30.700001,65.125420,27.879999,,,62.386677,50.627239,57.790001,23.757116,57.950001,45.830002,,54.650002,,47.060001,111.699997,,,32.480000,,54.835464,,32.509998,15.526667,61.630001,39.288540,,2.400357,1319.000000,1.867000,52.900002,79.110001,46.549999,,75.800003,28.990000,8.447360,50.739792,21.690001,,29.690001,59.500000,73.194176,,7.570000,64.500000,164.955688,160.750000,52.349998,42.650002,31.910000,15.603996,80.468452,42.540001,,55.733459,20.975000,74.879997,33.489838,34.810001,30.290001,64.765884,27.740000,,,62.730003,50.689964,57.889999,23.880455,57.619999,47.119999,,54.529999,,47.000000,112.639999,,,33.220001,,57.129799,,32.564999,15.623333,62.160000,39.314888,
2006-04-06,2.439286,1314.000000,1.860000,52.799999,79.220001,46.330002,,75.500000,28.990000,8.412996,51.075211,21.600000,,30.480000,59.650002,73.283501,,7.590000,64.660004,164.380600,160.070007,52.000000,42.599998,33.110001,15.517711,80.019119,42.389999,,55.743050,21.000000,74.519997,33.485176,34.470001,30.270000,66.881271,27.660000,,,62.630619,51.272400,57.779999,23.738140,57.570000,47.049999,,56.529999,,46.320000,115.000000,,,33.209999,,57.431442,,32.430000,15.626667,61.599998,39.077736,,2.544286,1308.800049,1.925500,52.270000,79.820000,46.200001,,75.650002,29.014999,8.559825,51.265789,21.180000,,31.250000,59.410000,72.944061,,7.650000,65.070000,165.387009,162.039993,51.869999,42.139999,33.009998,15.485922,80.124283,42.290001,,55.244488,20.844999,74.480003,33.704247,34.599998,30.290001,68.043480,27.559999,,,62.576408,51.424732,58.020000,23.804554,57.500000,47.139999,,57.000000,,46.470001,114.949997,,,33.630001,,57.404022,,32.470001,15.520000,62.090000,39.420292,
2006-04-07,2.533214,1307.000000,1.927500,52.439999,79.989998,46.410000,,75.599998,29.014999,8.559825,50.770283,21.180000,,31.200001,59.680000,73.158447,,7.700000,65.320000,165.578705,162.039993,51.950001,42.389999,33.270000,15.490463,79.923515,42.250000,,55.206135,20.895000,74.750000,33.629669,34.630001,30.280001,67.934784,27.610001,,,62.937809,51.263439,58.180000,23.814041,57.500000,47.220001,,57.660000,,45.889999,115.489998,,,33.820000,,57.056671,,32.470001,15.500000,61.770000,39.288540,,2.492500,1287.599976,1.854500,51.700001,79.570000,45.740002,,74.919998,28.775000,8.597313,50.282398,20.809999,,31.180000,58.650002,71.747086,,7.600000,64.940002,163.086639,161.020004,51.480000,42.099998,32.860001,15.154405,78.852776,41.700001,,54.966442,20.674999,73.809998,33.741535,34.880001,30.000000,67.750839,27.250000,,,62.585445,50.887096,57.799999,23.425047,57.279999,47.119999,,55.840000,,45.389999,114.099998,,,33.070000,,56.124313,,32.185001,15.340000,61.330002,38.840580,
2006-04-10,2.510357,1292.400024,1.857500,51.680000,79.620003,45.900002,,74.930000,28.650000,8.591065,50.640690,20.799999,,31.139999,59.139999,72.193718,,7.610000,65.080002,163.230423,162.500000,52.500000,42.080002,32.950001,15.113533,78.652008,41.930000,,55.129433,20.674999,73.779999,33.657635,35.000000,30.000000,66.981606,27.230000,,,62.594479,51.012547,57.759998,23.434534,57.299999,47.139999,,56.849998,,44.950001,115.349998,,,33.009998,,57.303474,,32.270000,15.326667,61.900002,39.025032,,2.452500,1283.800049,1.830500,51.849998,80.790001,45.680000,,75.449997,28.900000,8.644174,50.846516,20.990000,,30.840000,59.720001,71.282593,,7.520000,65.180000,162.559479,162.460007,52.150002,41.799999,32.750000,15.031789,78.489487,41.880001,,55.177372,20.740000,73.940002,33.308056,35.349998,29.750000,67.709030,27.290001,,,62.802284,50.833332,58.090000,23.387096,57.150002,47.090000,,56.540001,,45.549999,114.919998,,,32.759998,,57.212067,,32.205002,15.233333,61.939999,38.814228,
2006-04-11,2.463929,1267.800049,1.830500,51.770000,80.629997,45.750000,,76.220001,28.775000,8.656670,51.646946,20.980000,,30.830000,59.900002,71.550568,,7.540000,65.010002,162.559479,163.000000,52.580002,41.900002,32.750000,15.045413,78.231361,42.000000,,55.340363,21.004999,73.839996,33.391953,35.389999,29.730000,67.031776,27.290001,,,62.802284,50.591396,58.160000,23.387096,57.270000,47.110001,,56.430000,,46.180000,115.529999,,,33.099998,,57.586838,,32.290001,15.200000,62.200001,38.761528,,2.428214,1267.800049,1.803000,51.250000,80.570000,45.560001,,76.660004,28.530001,8.616057,51.349644,21.030001,,30.309999,59.459999,70.514381,,7.170000,64.830002,163.182495,159.149994,51.849998,41.430000,32.459999,14.777475,77.590820,41.610001,,54.793865,20.645000,73.120003,32.734741,35.549999,29.260000,67.550163,27.129999,,,62.251148,50.412186,57.810001,23.102467,56.490002,46.180000,,55.840000,,45.849998,114.510002,,,32.889999,,56.809872,,32.189999,15.166667,62.000000,38.524372,
2006-04-12,2.428929,1270.000000,1.795500,51.250000,81.120003,45.619999,,76.839996,28.600000,8.600437,51.159065,20.940001,,30.160000,59.209999,70.317863,,7.260000,64.720001,164.380600,159.630005,52.450001,41.330002,32.480000,14.841054,77.533463,41.830002,,54.745926,20.629999,73.169998,32.711437,35.369999,29.139999,66.872910,27.100000,,,62.251148,50.241936,57.840000,23.074003,56.299999,46.299999,,55.660000,,45.349998,113.750000,,,32.700001,,57.230347,,32.250000,15.260000,62.049999,37.944664,,2.382500,1267.800049,1.806500,51.189999,83.209999,45.720001,,77.839996,28.440001,8.528585,51.326775,21.020000,,30.190001,58.669998,70.835960,,7.280000,63.930000,165.147385,159.520004,52.029999,40.990002,32.389999,14.682107,77.198853,41.900002,,54.928093,20.575001,72.820000,32.711437,35.189999,29.100000,67.809364,27.200001,,,61.438000,50.053764,57.880001,23.168880,56.419998,46.290001,,55.619999,,45.349998,113.519997,,,32.869999,,58.299816,,32.195000,15.300000,61.459999,38.076416,
2006-04-13,2.369286,1267.800049,1.797500,51.200001,83.699997,45.730000,,77.199997,28.200001,8.509841,51.075211,20.990000,,29.690001,58.400002,70.925285,,7.320000,63.560001,163.853439,158.449997,52.169998,40.900002,32.139999,14.727520,77.609940,41.959999,,54.765102,20.584999,72.949997,32.767368,35.490002,29.150000,67.642143,27.080000,,,61.501244,49.775986,57.840000,23.007589,56.400002,46.369999,,55.000000,,45.230000,112.500000,,,32.590000,,57.669106,,32.195000,15.320000,61.290001,38.076416,,2.373929,1268.000000,1.831000,51.209999,82.930000,45.730000,,76.940002,28.299999,8.725398,51.181934,21.180000,,30.670000,58.779999,71.479111,,7.350000,63.889999,162.415710,159.429993,52.290001,41.119999,32.169998,14.813806,78.374763,42.189999,,54.889740,20.629999,72.830002,32.664825,34.849998,29.120001,67.700668,27.070000,,,61.736156,50.008961,57.869999,23.244781,56.599998,46.520000,,55.200001,,45.650002,113.120003,,,32.680000,,58.775139,,32.325001,15.256667,61.560001,38.656124,
2006-04-17,2.375357,1264.000000,1.823500,51.090000,83.199997,45.950001,,77.489998,28.250000,8.700406,51.974743,21.150000,,30.530001,59.180000,71.371918,,7.390000,63.950001,161.792679,160.250000,52.400002,41.029999,32.439999,14.818347,78.317398,42.279999,,54.832214,20.650000,73.180000,32.865253,34.779999,29.209999,67.349495,27.030001,,,61.022388,50.107529,57.639999,23.168880,56.200001,46.349998,,55.360001,,45.650002,113.169998,,,32.669998,,59.634369,,32.250000,15.266667,61.939999,38.498024,,2.314643,1258.400024,1.763500,51.000000,82.349998,45.480000,,76.449997,28.129999,8.772259,52.089088,20.860001,,30.299999,59.320000,71.246857,,7.330000,64.250000,159.540237,161.940002,52.380001,40.380001,32.200001,14.545867,78.049713,42.000000,,54.736336,20.520000,73.570000,33.373310,34.320000,29.049999,67.107025,26.840000,,,62.205975,50.313622,57.389999,23.187857,56.029999,45.939999,,55.430000,,46.009998,112.669998,,,32.680000,,60.009140,,32.230000,15.273333,62.049999,38.840580,
2006-04-18,2.322857,1260.400024,1.769500,51.099998,82.419998,45.450001,,77.050003,28.139999,8.803499,52.714191,21.010000,,30.350000,59.849998,71.371918,,7.330000,64.550003,160.642502,162.750000,52.720001,40.410000,32.410000,14.532243,78.288719,42.220001,,54.745926,20.525000,74.000000,33.466534,34.320000,29.049999,67.190636,26.940001,,,62.341499,50.286739,57.790001,23.168880,55.939999,46.099998,,55.340000,,46.040001,113.540001,,,32.700001,,61.078609,,32.105000,15.380000,62.490002,38.814228,,2.365000,1269.599976,1.814000,52.299999,83.300003,45.959999,,78.910004,28.370001,9.006560,53.850040,21.469999,,30.450001,60.869999,71.193260,,7.470000,66.449997,162.319855,165.550003,52.830002,41.320000,32.639999,15.204360,79.646271,42.599998,,55.292427,20.650000,75.150002,33.904675,34.480000,29.299999,68.219063,27.219999,,,63.037193,50.591396,58.080002,23.652752,56.160000,48.310001,,55.799999,,46.290001,114.809998,,,34.000000,,61.654480,,32.529999,15.466667,63.540001,39.341236,
2006-04-19,2.386429,1270.000000,1.806000,52.299999,83.750000,45.869999,,79.050003,28.334999,9.072165,52.981003,21.400000,,30.400000,60.490002,71.282593,,7.450000,68.489998,162.703247,164.550003,52.750000,41.200001,32.360001,15.213442,80.258125,42.400002,,55.186962,20.740000,75.339996,33.997894,34.330002,29.299999,68.302673,27.110001,,,63.109474,50.295700,58.180000,23.785580,55.680000,48.310001,,56.529999,,45.900002,113.290001,,,34.590000,,61.764168,,32.529999,15.440000,63.099998,39.156784,,2.344643,1273.199951,1.844500,51.869999,84.959999,46.049999,,78.970001,28.465000,8.978444,53.956764,21.260000,,29.990000,61.009998,72.461700,,7.600000,69.410004,162.415710,167.050003,53.259998,40.740002,32.580002,14.981835,78.260040,42.619999,,54.851391,20.844999,75.980003,34.058487,34.549999,29.530001,68.461540,27.030001,,,63.479912,51.120071,58.080002,23.548388,56.070000,48.750000,,56.869999,,46.500000,113.580002,,,34.450001,,63.062157,,32.365002,15.490000,64.300003,38.814228,
2006-04-20,2.482500,1267.000000,1.835000,51.880001,84.709999,46.599998,,78.989998,28.305000,8.965948,53.552738,21.139999,,29.950001,60.700001,72.908333,,7.660000,68.510002,161.984390,166.059998,52.959999,40.849998,33.099998,14.895550,78.059273,42.500000,,54.765102,20.870001,75.930000,33.666958,34.549999,29.920000,68.436455,27.049999,,,62.684830,50.519714,58.020000,23.462997,56.160000,49.000000,,55.639999,,46.619999,114.000000,,,34.549999,,63.190128,,32.349998,15.456667,64.000000,38.418972,,2.415357,1274.000000,1.817000,52.439999,85.500000,46.279999,,77.970001,28.469999,8.928460,53.255436,21.030001,,29.700001,60.029999,73.086983,,7.950000,68.330002,163.517960,168.550003,53.139999,40.810001,32.910000,15.354223,78.413002,42.599998,,54.889740,20.905001,76.800003,34.147049,35.080002,30.430000,69.063545,27.030001,,,63.732891,50.851254,57.299999,23.671726,56.259998,49.410000,,55.810001,,46.869999,114.449997,,,35.560001,,61.764168,,32.514999,15.466667,63.919998,38.603428,
2006-04-21,2.435357,1283.000000,1.831000,52.730000,86.199997,46.349998,,79.449997,28.650000,9.006560,53.438393,21.000000,,29.700001,60.470001,73.783730,,7.760000,68.190002,164.140976,168.619995,53.160000,41.099998,34.459999,15.345141,78.862335,42.880001,,55.081497,21.004999,76.989998,34.258915,34.880001,30.440001,70.234116,27.049999,,,64.012978,50.985664,57.450001,23.633776,56.099998,49.889999,,55.119999,,46.639999,117.339996,,,35.799999,,62.138939,,32.720001,15.533333,64.199997,38.893280,,2.394286,1276.199951,1.801500,52.250000,86.459999,46.869999,,77.870003,28.430000,8.972196,55.267948,20.680000,,29.379999,61.480000,73.444290,,7.320000,67.879997,162.799103,165.889999,53.009998,40.279999,34.400002,14.968211,78.068832,42.500000,,54.832214,20.924999,77.040001,34.198322,34.599998,31.049999,71.120399,27.150000,,,63.651573,51.290321,57.200001,23.595825,56.340000,49.570000,,54.919998,,46.610001,117.510002,,,35.340000,,63.107861,,32.514999,15.273333,65.000000,38.998680,
2006-04-24,2.387500,1276.800049,1.806000,52.200001,86.660004,46.849998,,78.250000,28.545000,8.947204,54.963024,20.570000,,29.379999,61.570000,73.247772,,7.320000,68.269997,162.032303,165.500000,52.700001,40.470001,34.060001,14.913715,77.724663,42.509998,,55.043144,20.875000,77.000000,34.058487,34.349998,31.000000,70.242477,27.070000,,,63.470875,51.209679,57.209999,23.453510,56.150002,49.570000,,54.770000,,46.259998,116.430000,,,35.009998,,62.934185,,32.514999,15.206667,64.760002,37.549408,,2.348214,1285.599976,1.789500,51.779999,86.099998,47.070000,,77.379997,28.670000,8.881600,53.240189,20.290001,,29.270000,60.990002,73.551483,,6.960000,68.529999,162.607407,165.350006,52.900002,40.080002,34.000000,14.940963,78.499046,42.680000,,56.107384,20.780001,77.589996,33.993233,34.259998,31.160000,71.454849,27.110001,,,64.356308,51.424732,57.270000,23.519924,56.599998,48.980000,,55.009998,,46.480000,116.410004,,,35.029999,,63.162704,,32.549999,15.180000,64.410004,36.890648,
2006-04-25,2.355714,1285.800049,1.779500,51.770000,86.349998,47.020000,,77.279999,28.799999,8.919088,53.819550,20.379999,,29.170000,61.389999,74.141037,,7.000000,68.260002,162.942871,165.350006,53.380001,40.080002,34.330002,14.986376,78.346077,42.529999,,56.049854,20.775000,77.589996,34.109760,34.060001,31.170000,71.070236,27.090000,,,64.193672,50.985664,57.049999,23.434534,56.900002,49.099998,,54.810001,,46.340000,116.949997,,,35.000000,,64.213898,,32.500000,15.220000,64.849998,36.890648,,2.363214,1272.800049,1.777500,51.310001,85.110001,47.090000,,74.930000,28.674999,9.006560,52.028107,20.469999,,28.910000,60.410000,73.605080,,6.980000,68.309998,162.799103,162.800003,52.970001,39.959999,33.700001,14.990917,79.034416,42.220001,,55.896454,20.674999,76.199997,33.718231,33.849998,31.260000,70.911369,27.110001,,,62.395710,50.501793,57.500000,23.453510,57.270000,49.189999,,54.900002,,46.209999,115.980003,,,35.509998,,60.603291,,32.544998,15.210000,63.950001,36.574440,
2006-04-26,2.380357,1277.400024,1.767000,51.500000,84.160004,47.099998,,76.059998,29.025000,9.056545,51.456367,20.510000,,28.959999,60.430000,74.015984,,7.070000,68.559998,163.278336,163.500000,53.290001,40.180000,34.880001,14.986376,79.196938,42.389999,,56.088207,20.674999,75.949997,33.722893,33.900002,31.200001,70.936455,27.080000,,,61.166950,50.403225,57.820000,23.387096,57.560001,49.099998,,55.480000,,46.270000,115.989998,,,35.320000,,61.078609,,32.575001,15.250000,63.980000,36.310936,,2.433929,1280.800049,1.789500,51.900002,84.910004,47.709999,,75.949997,29.475000,9.122149,51.189556,20.730000,,29.350000,60.220001,74.319695,,7.250000,68.029999,163.565887,163.399994,53.070000,40.070000,34.639999,14.895550,79.684509,42.660000,,56.308723,20.860001,75.570000,33.862724,34.110001,31.299999,71.505020,27.100000,,,61.483173,50.215054,57.860001,23.690702,58.009998,49.189999,,55.430000,,46.080002,116.300003,,,34.830002,,57.678246,,32.799999,15.326667,63.099998,37.075100,
2006-04-27,2.418929,1280.800049,1.775500,52.000000,84.540001,47.590000,,74.989998,29.870001,9.328335,50.465355,20.580000,,28.760000,59.650002,73.426430,,7.250000,68.029999,162.463623,163.350006,55.189999,39.770000,35.310001,14.850136,79.063095,42.660000,,56.308723,20.815001,75.099998,33.862724,33.849998,31.180000,71.070236,26.969999,,,61.031425,50.322582,56.950001,23.690702,57.799999,48.939999,,54.689999,,45.799999,116.269997,,,34.529999,,56.819012,,32.700001,15.260000,61.500000,36.679844,,2.477143,1298.800049,1.787000,53.700001,84.099998,49.040001,,75.059998,29.719999,9.512652,50.457733,20.980000,,29.709999,59.980000,73.962387,,7.200000,68.279999,165.003616,163.970001,55.450001,40.220001,35.270000,15.104450,80.191208,43.950001,,56.510067,21.025000,75.669998,34.352135,34.619999,31.309999,71.262543,27.250000,,,61.148880,50.905018,58.080002,23.586338,58.380001,50.209999,,55.389999,,46.130001,116.470001,,,35.139999,,58.866547,,33.584999,15.213333,62.419998,36.785244,
2006-04-28,2.477857,1300.000000,1.788500,53.630001,84.279999,48.930000,,75.500000,29.525000,9.615745,50.899876,21.000000,,29.709999,60.500000,73.783730,,7.140000,67.639999,165.291168,163.809998,56.400002,40.250000,35.930000,15.009083,79.837479,44.099998,,56.548416,21.004999,75.519997,34.235607,34.599998,31.209999,71.070236,24.230000,,,61.148880,51.021503,58.150002,23.624289,58.299999,50.310001,,54.779999,,47.279999,117.449997,,,35.070000,,59.186474,,33.505001,15.193333,62.570000,36.548092,,2.513929,1305.000000,1.760500,53.810001,83.449997,49.919998,,75.739998,29.559999,9.668853,50.998978,20.950001,,29.719999,61.020000,72.551025,,6.950000,65.620003,165.770416,160.289993,56.880001,39.930000,35.430000,14.745686,78.718925,45.380001,,56.116970,20.980000,75.900002,34.058487,34.570000,31.240000,71.429764,24.150000,,,60.444149,51.532257,58.240002,24.032257,58.209999,52.150002,,54.630001,,47.040001,117.129997,,,34.709999,,59.177330,,34.345001,15.010000,63.080002,36.996048,
2006-05-01,2.527500,1315.000000,1.759500,53.880001,83.449997,49.840000,,76.199997,29.625000,9.668853,51.403008,21.020000,,29.719999,61.619999,73.515755,,7.080000,65.750000,166.010025,160.300003,56.549999,40.150002,35.619999,14.827430,78.957932,45.380001,,55.992329,21.045000,76.000000,34.025860,34.639999,31.500000,71.496658,24.320000,,,60.444149,51.926521,58.250000,24.193548,58.430000,51.599998,,54.560001,,46.990002,119.000000,,,34.709999,,59.771481,,34.424999,15.306667,63.400002,37.812912,,2.485714,1293.800049,1.729500,52.810001,83.860001,49.180000,,75.629997,29.375000,9.415808,51.685062,20.959999,,29.870001,61.169998,74.462616,,6.910000,66.320000,164.811920,156.449997,56.599998,40.540001,35.689999,14.822888,78.613770,44.779999,,56.203259,20.985001,76.980003,34.207642,34.369999,31.160000,71.045151,24.290001,,,60.769409,52.159496,58.169998,23.833017,57.880001,50.290001,,54.900002,,46.790001,117.379997,,,34.380001,,60.283363,,34.000000,15.310000,63.419998,37.707512,
2006-05-02,2.505357,1298.000000,1.732000,52.900002,84.260002,49.259998,,75.940002,29.475000,9.440800,52.104336,21.129999,,30.000000,61.570000,74.462616,,7.000000,66.800003,164.811920,157.600006,56.849998,40.900002,37.020000,14.872843,78.499046,45.000000,,56.395016,21.049999,76.709999,34.347473,34.400002,31.139999,71.195648,24.490000,,,60.769409,52.123657,58.130001,23.766603,57.660000,50.419998,,55.240002,,47.759998,120.489998,,,34.439999,,61.014626,,34.035000,15.373333,63.820000,37.812912,,2.557857,1306.400024,1.719000,52.529999,85.330002,49.459999,,77.480003,29.690001,9.422056,52.737061,21.389999,,30.129999,62.799999,74.677002,,6.910000,67.199997,165.243240,158.830002,57.040001,40.200001,36.990002,14.677566,78.795410,45.500000,,56.577183,21.120001,76.910004,34.044506,34.410000,31.040001,70.652176,24.010000,,,60.805550,51.738350,57.950001,23.889942,58.110001,51.619999,,55.150002,,47.860001,121.029999,,,34.389999,,61.371117,,33.945000,15.386667,64.669998,38.708828,
2006-05-03,2.565357,1302.000000,1.714500,52.450001,85.400002,49.270000,,77.949997,29.469999,9.397063,52.729435,21.629999,,30.230000,62.740002,75.034302,,6.940000,67.000000,163.997208,159.500000,56.639999,40.200001,37.130001,14.704814,78.910133,45.590000,,56.097794,21.075001,76.910004,33.951283,34.480000,31.040001,70.861206,23.990000,,,60.986252,50.896057,57.750000,23.975332,56.250000,51.779999,,54.650002,,47.650002,121.250000,,,34.119999,,61.608776,,33.685001,15.440000,64.599998,38.866928,,2.540714,1300.199951,1.698000,52.380001,85.870003,49.299999,,78.099998,29.674999,9.362699,51.456367,21.490000,,30.000000,61.900002,75.391609,,6.780000,66.919998,164.859848,159.149994,56.900002,40.369999,36.900002,14.913715,79.063095,45.459999,,56.289551,20.959999,75.940002,34.422050,34.860001,31.010000,71.822739,23.170000,,,61.148880,50.770611,58.450001,23.880455,56.220001,52.240002,,54.529999,,47.570000,121.059998,,,34.810001,,59.789761,,33.674999,15.563333,63.770000,38.392624,
2006-05-04,2.543571,1300.199951,1.731000,52.250000,85.889999,49.549999,,78.500000,29.549999,9.397063,50.960861,21.520000,,30.719999,61.599998,75.713188,,6.840000,66.900002,165.339096,159.160004,56.820000,40.419998,36.930000,14.940963,79.225624,45.509998,,56.395016,20.975000,76.099998,34.328831,34.849998,31.160000,71.822739,23.350000,,,61.040459,50.501793,58.500000,24.003796,56.230000,52.480000,,55.299999,,48.299999,121.820000,,,34.980000,,59.140766,,33.799999,15.640000,63.770000,38.287220,,2.540357,1299.599976,1.723500,52.750000,86.639999,49.939999,,78.809998,29.895000,9.497032,50.732166,21.860001,,30.280001,62.000000,75.838242,,6.830000,68.029999,166.776825,158.039993,56.980000,40.259998,37.180000,15.118074,78.804970,45.689999,,56.730583,21.040001,75.690002,34.864857,34.849998,31.080000,72.299332,23.440001,,,61.139847,51.030464,58.740002,23.927895,55.860001,52.930000,,55.869999,,48.950001,121.629997,,,34.599998,,59.387569,,34.090000,15.466667,63.310001,39.025032,
2006-05-05,2.566429,1307.400024,1.732500,53.000000,87.470001,50.000000,,79.580002,29.895000,9.556389,51.265789,21.889999,,30.490000,62.480000,76.213417,,6.900000,68.760002,167.447769,159.750000,57.419998,40.660000,37.599998,15.199818,79.302101,45.910000,,57.037392,21.135000,76.349998,34.934772,34.880001,31.049999,72.483276,23.660000,,,61.221161,50.949821,58.980000,24.032257,56.240002,52.970001,,55.900002,,48.540001,122.500000,,,34.900002,,59.990860,,34.240002,15.533333,63.900002,38.814228,,2.567500,1302.800049,1.752000,53.750000,88.470001,50.470001,,79.980003,30.165001,9.615745,50.960861,21.750000,,30.959999,62.349998,75.873978,,6.930000,68.650002,168.502090,164.389999,57.389999,41.290001,37.770000,15.381471,79.617592,46.650002,,57.181210,21.355000,76.389999,35.102570,35.209999,31.440001,72.993309,23.799999,,,61.591595,51.344086,59.180000,24.108158,55.730000,54.470001,,56.209999,,48.380001,123.470001,,,34.950001,,59.414989,,34.435001,15.750000,64.000000,38.893280,
2006-05-08,2.606786,1306.000000,1.749500,53.650002,88.480003,50.200001,,79.989998,30.075001,9.575133,50.213791,21.650000,,31.059999,62.000000,76.034760,,6.970000,68.849998,168.214554,164.389999,56.849998,41.150002,37.290001,15.254314,78.967499,46.599998,,57.334614,21.424999,76.389999,35.102570,35.209999,31.370001,72.826088,23.850000,,,61.600632,51.388889,59.060001,24.098673,56.009998,54.919998,,56.000000,,48.130001,122.000000,,,35.119999,,58.500916,,34.360001,15.750000,63.599998,38.840580,,2.567500,1306.800049,1.734500,53.599998,87.589996,50.110001,,79.900002,30.405001,9.703218,51.052341,21.760000,,30.799999,62.009998,76.570724,,6.970000,67.790001,167.735306,163.529999,57.099998,41.009998,36.770000,15.345141,79.244743,46.099998,,57.698944,21.684999,76.370003,35.601303,35.389999,31.780001,73.687294,23.730000,,,61.962029,51.308243,58.900002,24.231499,56.340000,54.430000,,56.070000,,47.790001,121.360001,,,34.529999,,58.720291,,34.195000,15.856667,63.709999,38.577076,
2006-05-09,2.565000,1311.000000,1.721000,53.599998,87.610001,50.110001,,80.000000,30.309999,9.703218,51.143818,21.700001,,30.629999,61.959999,76.284874,,7.040000,67.449997,167.495682,163.750000,58.000000,41.099998,37.000000,15.018165,78.862335,45.939999,,57.679771,21.590000,76.370003,35.470795,35.700001,31.870001,73.252510,23.750000,,,61.971066,51.478497,58.599998,24.193548,56.360001,54.400002,,55.450001,,48.299999,121.360001,,,34.450001,,59.159050,,34.145000,15.896667,63.599998,38.577076,,2.536786,1324.199951,1.742000,53.570000,87.989998,50.189999,,81.139999,30.035000,9.862543,51.204803,21.680000,,30.690001,62.860001,76.731506,,7.170000,67.879997,167.735306,165.750000,57.880001,41.360001,37.259998,15.040872,79.569794,46.020000,,58.312561,21.834999,75.839996,35.731815,35.830002,31.790001,73.227425,23.620001,,,61.627735,51.353046,58.709999,24.203035,56.500000,54.220001,,55.450001,,48.290001,121.809998,,,34.340000,,59.341866,,34.150002,15.956667,63.939999,38.260872,
2006-05-10,2.546071,1324.199951,1.734000,53.419998,88.000000,50.029999,,81.389999,29.950001,9.856295,50.953239,21.360001,,30.600000,62.810001,76.427795,,7.150000,67.250000,167.447769,164.850006,57.599998,41.299999,36.520000,14.959128,79.254303,45.740002,,58.427612,21.834999,76.000000,35.610626,35.759998,31.690001,72.951508,23.670000,,,61.889751,51.218639,58.560001,23.994307,56.689999,54.099998,,55.520000,,48.189999,123.250000,,,34.230000,,59.277878,,34.195000,15.903333,63.500000,38.181816,,2.521429,1330.800049,1.708000,53.619999,88.940002,50.169998,,80.970001,29.745001,10.081225,51.616455,20.750000,,30.420000,62.880001,75.498802,,7.060000,67.059998,166.297577,164.089996,57.169998,41.209999,36.480000,15.022707,79.254303,45.919998,,58.782360,21.790001,76.680000,35.587322,35.959999,31.709999,73.285950,23.770000,,,61.447037,51.120071,58.840000,23.757116,56.340000,55.529999,,55.200001,,48.029999,120.849998,,,33.700001,,59.625229,,33.974998,15.926667,63.880001,37.944664,
2006-05-11,2.528214,1298.000000,1.706000,53.570000,89.449997,50.299999,,80.970001,29.735001,10.003124,52.050976,20.629999,,30.389999,63.189999,75.177223,,7.090000,66.800003,165.339096,164.380005,57.160000,41.049999,36.099998,14.931880,79.015297,45.919998,,58.513901,21.770000,76.400002,35.498760,35.950001,31.709999,72.951508,23.709999,,,61.456070,50.824371,58.700001,23.975332,56.650002,55.630001,,55.279999,,48.590000,118.250000,,,33.750000,,60.237659,,33.910000,15.966667,64.099998,37.944664,,2.433929,1263.000000,1.676500,52.709999,88.209999,49.689999,,79.620003,29.535000,9.971884,50.983730,20.049999,,29.879999,62.709999,74.426888,,7.120000,66.669998,165.387009,159.279999,56.990002,40.720001,35.619999,14.772934,78.833649,45.150002,,58.533077,21.690001,76.230003,35.219097,35.349998,31.250000,72.884613,23.219999,,,61.157913,50.833332,58.349998,23.538898,55.650002,54.520000,,54.270000,,48.110001,116.669998,,,33.360001,,59.095062,,33.740002,15.750000,63.459999,37.628456,
2006-05-12,2.423214,1256.000000,1.678000,52.599998,88.209999,49.689999,,79.250000,29.565001,9.946892,50.694050,20.160000,,29.889999,62.750000,74.587669,,7.140000,66.680000,164.763992,158.750000,57.549999,40.529999,35.400002,14.804723,78.843208,44.950001,,58.360500,21.639999,75.910004,34.981380,35.369999,31.100000,72.658859,23.139999,,,61.139847,51.863800,58.360001,23.434534,55.799999,54.490002,,54.279999,,48.189999,115.599998,,,33.060001,,59.012798,,33.750000,15.753333,63.459999,37.496704,,2.417857,1263.599976,1.636500,52.889999,87.010002,49.200001,,77.809998,29.620001,10.018744,49.695415,20.340000,,29.260000,61.380001,73.462158,,7.110000,65.199997,164.284760,156.110001,57.000000,40.000000,35.090000,14.591281,78.766731,44.320000,,58.878235,21.590000,74.620003,34.916126,34.880001,30.790001,72.382942,23.170000,,,60.236343,51.326164,58.639999,23.244781,55.009998,54.200001,,53.619999,,47.770000,111.699997,,,33.209999,,57.129799,,33.580002,15.513333,62.240002,37.233204,
2006-05-15,2.406071,1266.000000,1.627500,52.700001,85.760002,49.000000,,77.809998,29.549999,10.031240,49.016956,20.379999,,29.170000,60.410000,73.480026,,7.130000,64.500000,163.422119,154.600006,56.860001,39.950001,34.599998,14.586739,78.202675,44.330002,,59.185043,21.594999,74.870003,34.916126,34.880001,30.790001,72.491638,23.100000,,,60.082748,50.510754,58.669998,23.263758,54.689999,54.070000,,53.419998,,47.509998,112.489998,,,32.770000,,55.758682,,33.599998,15.416667,61.509998,37.233204,,2.421071,1277.599976,1.639000,53.130001,85.860001,49.549999,,77.470001,29.825001,10.062480,48.422348,20.559999,,29.600000,60.560001,73.104851,,7.130000,65.690002,165.626633,153.139999,57.080002,40.500000,35.070000,14.364214,79.244743,44.540001,,59.482262,21.969999,75.440002,35.000027,34.970001,31.180000,72.842812,23.150000,,,60.462219,50.448029,59.709999,23.614801,55.570000,53.869999,,53.590000,,47.209999,112.790001,,,32.910000,,55.356491,,33.830002,15.810000,62.000000,37.628456,
2006-05-16,2.432143,1280.000000,1.642000,53.200001,85.889999,49.619999,,77.959999,30.110001,9.953140,48.788261,20.490000,,29.750000,60.799999,74.409019,,7.130000,65.690002,166.489273,153.600006,58.000000,39.599998,35.080002,14.364214,79.349907,44.599998,,59.252155,22.070000,75.480003,34.962738,35.049999,31.150000,72.842812,23.160000,,,60.498360,51.496414,59.500000,23.434534,55.599998,53.830002,,54.099998,,48.360001,112.849998,,,32.849998,,55.667274,,33.875000,15.956667,62.110001,37.654808,,2.320714,1281.000000,1.638000,52.980000,86.400002,49.639999,,77.339996,30.299999,10.065604,49.276142,20.209999,,29.180000,61.020000,73.908791,,7.020000,64.669998,166.728897,152.699997,58.380001,38.450001,35.080002,14.128065,78.546844,44.320000,,58.974113,21.920000,75.750000,34.962738,34.700001,31.639999,72.541809,23.010000,,,60.209240,51.711472,59.660000,23.624289,56.040001,53.060001,,53.680000,,48.900002,112.650002,,,32.959999,,56.197441,,33.959999,16.023333,61.959999,37.048748,
2006-05-17,2.311071,1278.000000,1.622500,52.599998,86.400002,49.299999,,76.389999,30.299999,10.018744,49.283764,19.990000,,28.930000,60.020000,73.694405,,7.020000,64.000000,165.914185,150.850006,57.639999,38.270000,35.240002,14.577657,78.154877,43.799999,,58.264622,21.879999,74.919998,34.608494,34.529999,31.440001,71.822739,22.889999,,,59.992401,51.908604,59.220001,23.444023,55.560001,52.160000,,53.009998,,48.520000,113.699997,,,32.750000,,56.106033,,33.775002,15.883333,61.450001,36.864296,,2.330714,1250.000000,1.580500,52.000000,83.769997,48.560001,,75.910004,30.490000,9.925023,48.414726,20.180000,,28.870001,58.939999,72.997658,,6.910000,62.970001,164.955688,148.210007,56.970001,38.009998,34.250000,14.604905,77.695984,43.250000,,58.187920,21.775000,73.320000,33.965267,34.560001,31.510000,70.585281,22.730000,,,59.432232,50.716846,59.650002,23.026566,55.330002,51.599998,,52.000000,,46.950001,109.800003,,,32.139999,,54.661793,,33.235001,15.613333,60.180000,36.442688,
2006-05-18,2.345714,1244.199951,1.585500,52.070000,84.250000,48.650002,,76.089996,30.150000,9.934396,48.407101,20.170000,,28.870001,58.939999,73.515755,,6.920000,62.970001,165.291168,149.360001,57.130001,38.500000,34.200001,14.691190,76.959846,43.290001,,57.430489,21.790001,73.400002,33.960606,34.830002,31.440001,69.924751,22.840000,,,58.727501,51.370968,59.349998,22.969639,55.200001,51.980000,,52.389999,,47.310001,110.820000,,,32.259998,,54.159050,,33.110001,15.673333,60.250000,36.337288,,2.256429,1231.000000,1.630500,51.910000,82.730003,48.119999,,74.620003,30.049999,9.837551,47.599045,20.290001,,28.600000,58.700001,72.461700,,6.900000,62.980000,163.661743,147.029999,56.610001,38.410000,34.310001,14.750227,77.112808,42.740002,,57.593479,21.775000,73.059998,33.685600,34.439999,31.500000,70.359535,22.830000,,,59.540649,50.905018,58.689999,22.666035,54.889999,51.459999,,51.779999,,46.910000,110.599998,,,31.799999,,53.985374,,32.834999,15.740000,59.889999,36.574440,
2006-05-19,2.259286,1232.400024,1.633000,52.009998,83.000000,48.349998,,74.989998,30.035000,9.831303,47.599045,20.400000,,28.590000,58.709999,72.908333,,6.980000,63.049999,164.045135,148.300003,56.200001,38.590000,33.930000,14.809264,77.304016,42.900002,,57.603069,21.870001,73.250000,34.119083,34.650002,31.650000,70.702339,22.790001,,,59.631001,50.143368,58.689999,22.770397,54.990002,52.310001,,52.709999,,46.610001,109.809998,,,31.549999,,53.564899,,32.855000,15.816667,59.900002,36.574440,,2.303929,1223.199951,1.697000,52.230000,84.610001,48.270000,,72.779999,29.735001,9.859419,47.812496,20.870001,,28.620001,58.470001,73.319237,,7.030000,64.470001,163.709656,149.410004,56.439999,38.939999,33.950001,14.541326,76.749519,42.750000,,57.334614,21.825001,74.330002,34.226288,34.150002,31.490000,70.493309,22.559999,,,60.055645,50.116486,58.599998,22.599621,54.150002,51.709999,,52.889999,,46.689999,109.910004,,,31.969999,,53.839123,,33.029999,15.773333,60.450001,35.889328,
2006-05-22,2.281071,1215.000000,1.698000,51.880001,84.459999,48.270000,,72.000000,29.740000,9.900031,47.286495,20.620001,,28.600000,58.000000,72.711815,,7.000000,64.470001,163.182495,148.509995,56.160000,38.500000,33.639999,14.464124,76.319313,42.750000,,57.334614,21.775000,73.690002,33.834759,34.080002,31.299999,70.493309,22.480000,,,60.064678,50.322582,58.400002,22.561670,53.959999,51.770000,,52.580002,,46.630001,107.480003,,,31.730000,,52.193783,,33.029999,15.763333,59.950001,35.889328,,2.263571,1225.000000,1.741500,51.900002,85.709999,48.259998,,72.870003,29.995001,9.787566,47.698147,20.600000,,28.150000,58.220001,71.675629,,6.900000,65.050003,163.278336,146.149994,55.860001,38.490002,33.810001,14.613987,76.500954,42.639999,,57.497604,21.799999,74.019997,33.764839,34.029999,31.770000,70.008362,22.879999,,,60.950111,50.618279,59.270000,22.504744,54.279999,51.750000,,52.560001,,46.709999,107.629997,,,31.620001,,52.166363,,33.320000,15.783333,60.779999,36.100132,
2006-05-23,2.316429,1224.000000,1.750000,52.299999,86.040001,48.750000,,73.709999,30.010000,9.787566,48.483334,20.620001,,29.000000,58.970001,72.711815,,6.960000,64.800003,163.422119,148.050003,55.599998,38.570000,32.900002,14.791099,76.720840,42.740002,,57.449665,21.865000,74.019997,33.886028,34.029999,31.870001,69.899666,23.110001,,,60.941074,50.591396,59.650002,22.504744,54.310001,52.500000,,53.939999,,47.110001,107.739998,,,31.940001,,53.464352,,33.509998,15.866667,61.299999,36.205536,,2.255357,1219.599976,1.688000,52.220001,85.150002,48.230000,,73.720001,29.715000,9.718838,47.797249,20.370001,,28.760000,58.099998,71.139664,,6.850000,63.000000,162.990799,143.699997,55.869999,37.840000,32.959999,14.582198,76.319313,42.169998,,57.200382,21.790001,72.739998,33.410599,33.529999,31.900000,69.765884,22.790001,,,59.513546,50.627239,59.730000,22.760912,54.490002,52.939999,,53.400002,,47.320000,108.080002,,,30.950001,,53.647167,,33.445000,15.840000,60.389999,35.441368,
2006-05-24,2.249643,1221.000000,1.670500,52.330002,84.970001,48.200001,,73.400002,29.760000,9.693846,47.339859,20.400000,,28.430000,57.840000,71.139664,,6.920000,63.000000,161.792679,143.649994,55.230000,37.799999,33.000000,14.623070,75.860420,42.099998,,57.162033,21.760000,72.699997,33.415260,33.630001,31.780001,69.556854,22.990000,,,59.513546,50.268818,59.770000,22.760912,54.560001,52.830002,,53.169998,,47.049999,109.750000,,,31.120001,,52.934185,,33.349998,15.843333,60.000000,35.204216,,2.262143,1208.000000,1.759500,53.410000,82.379997,48.480000,,73.589996,29.895000,9.725086,46.615658,20.490000,,28.120001,57.599998,70.389320,,6.930000,62.330002,164.188904,143.919998,55.009998,38.009998,33.110001,14.700272,76.271507,42.150002,,57.171619,22.014999,72.209999,33.564415,32.950001,32.459999,70.083611,23.500000,,,59.378021,50.053764,60.360001,22.618595,54.820000,52.709999,,52.230000,,47.099998,109.339996,,,31.830000,,53.117001,,33.500000,16.010000,60.099998,35.309620,
2006-05-25,2.295000,1220.000000,1.768000,53.419998,82.800003,48.750000,,73.720001,29.889999,9.831303,47.118786,20.610001,,28.250000,58.450001,71.068207,,6.990000,62.830002,164.620224,145.199997,55.459999,38.360001,33.040001,14.704814,76.376671,42.650002,,57.382549,22.094999,72.500000,33.788147,33.139999,32.560001,70.192307,23.570000,,,59.179249,50.224014,60.299999,22.628082,55.130001,52.950001,,53.549999,,47.849998,108.250000,,,32.250000,,55.073128,,33.744999,16.273333,60.779999,35.309620,,2.297500,1218.199951,1.781500,54.090000,82.989998,48.910000,,73.959999,29.975000,9.953140,47.835365,20.520000,,28.700001,59.490002,70.961014,,7.150000,62.669998,164.955688,147.320007,55.669998,38.400002,33.310001,14.654859,76.615677,42.849998,,57.555130,22.184999,72.680000,33.862724,33.259998,32.990002,69.615387,23.740000,,,59.043724,50.618279,60.560001,22.628082,55.259998,54.009998,,53.709999,,48.130001,108.970001,,,31.709999,,55.191956,,33.544998,16.483334,61.520000,35.204216,
2006-05-26,2.296786,1224.000000,1.783000,54.220001,83.599998,49.150002,,74.250000,30.049999,10.024992,48.025944,20.540001,,28.799999,59.599998,71.961472,,7.230000,63.250000,165.195312,150.000000,55.320000,38.500000,33.419998,14.636694,76.634796,43.099998,,57.641418,22.245001,72.620003,33.979252,33.349998,32.970001,69.615387,23.770000,,,59.179249,50.250896,60.680000,22.808350,55.200001,54.419998,,53.810001,,48.180000,109.809998,,,31.809999,,55.420475,,33.735001,16.533333,61.529999,34.967064,,2.269643,1229.400024,1.803500,54.410000,83.500000,49.380001,,74.419998,30.365000,10.084349,48.376610,20.309999,,28.590000,59.830002,71.890007,,7.310000,62.700001,164.524368,152.940002,55.669998,38.669998,33.560001,14.777475,77.198853,43.230000,,57.641418,22.245001,72.330002,34.091118,32.919998,32.880001,70.125420,23.719999,,,58.935307,50.232975,60.660000,22.770397,55.130001,54.419998,,53.700001,,48.439999,110.209999,,,31.639999,,56.160877,,33.625000,16.549999,61.580002,36.337288,
2006-05-30,2.260357,1232.400024,1.786500,54.410000,83.500000,49.180000,,74.430000,30.100000,10.099969,48.826378,20.200001,,28.440001,60.000000,71.639893,,7.290000,62.900002,164.572296,151.000000,55.500000,38.259998,33.470001,14.668483,76.816444,42.900002,,58.763184,22.105000,71.820000,34.091118,32.799999,32.880001,69.816055,23.549999,,,58.591976,50.331539,60.209999,22.675522,54.779999,54.070000,,53.099998,,48.430000,109.790001,,,31.340000,,56.672760,,33.404999,16.206667,61.700001,36.152832,,2.186429,1212.000000,1.732000,53.799999,82.129997,48.700001,,72.160004,30.115000,9.981256,47.248379,19.770000,,27.690001,58.450001,70.621574,,6.980000,63.279999,163.182495,149.830002,55.029999,37.700001,32.900002,14.495913,76.634796,42.439999,,57.957813,21.834999,72.620003,33.415260,32.720001,32.830002,69.782608,23.150000,,,58.591976,49.650539,60.419998,22.371918,54.380001,53.080002,,52.480000,,47.189999,107.820000,,,31.070000,,55.246799,,33.125000,16.100000,60.200001,35.362320,
2006-05-31,2.205714,1216.000000,1.737000,54.000000,81.209999,48.349998,,72.580002,30.115000,9.975008,47.339859,19.809999,,27.950001,58.470001,71.103935,,7.010000,63.480000,163.661743,151.300003,55.599998,37.770000,33.290001,14.509537,76.625237,42.660000,,58.178333,21.850000,72.769997,33.494499,32.779999,32.950001,69.983276,23.260000,,,58.546799,49.982079,60.330002,22.447819,54.580002,53.060001,,52.520000,,47.330002,106.699997,,,31.090000,,54.853748,,33.270000,16.160000,60.209999,35.836628,,2.134643,1216.000000,1.730500,54.360001,83.250000,48.400002,,72.949997,30.170000,10.037488,48.247017,19.680000,,27.900000,59.790001,71.228996,,7.160000,63.639999,164.188904,150.949997,55.299999,38.119999,33.029999,14.704814,76.386230,42.639999,,58.168743,22.014999,72.489998,33.713570,33.169998,33.099998,69.949837,22.650000,,,58.438381,49.713261,60.459999,22.447819,54.250000,54.029999,,52.630001,,47.270000,107.379997,,,31.230000,,56.078609,,33.185001,16.150000,60.910000,36.179184,
2006-06-01,2.137500,1216.000000,1.731500,54.500000,83.599998,48.400002,,72.709999,30.110001,10.078101,47.721016,19.680000,,28.250000,59.669998,71.282593,,7.210000,63.570000,164.380600,150.919998,54.790001,37.950001,32.959999,14.591281,76.376671,42.750000,,58.293385,21.990000,72.150002,33.732212,32.970001,32.869999,69.949837,22.740000,,,58.447414,48.969536,60.369999,22.609108,54.349998,54.330002,,52.509998,,46.430000,106.639999,,,31.230000,,55.164536,,33.250000,16.083332,60.400002,36.284584,,2.220357,1223.400024,1.753500,54.779999,83.639999,48.700001,,73.290001,30.385000,10.412371,48.559566,20.500000,,28.570000,59.980000,71.800682,,7.230000,64.529999,165.578705,153.550003,55.980000,38.549999,33.439999,14.727520,77.141495,43.580002,,58.561840,21.959999,73.230003,34.780956,33.680000,32.950001,70.660538,22.820000,,,58.537766,49.856632,61.099998,22.675522,54.480000,54.270000,,53.580002,,47.340000,108.639999,,,31.930000,,56.215721,,33.830002,16.129999,61.110001,37.312252,
2006-06-02,2.249643,1230.000000,1.759500,54.779999,84.000000,49.220001,,73.550003,30.500000,10.402999,48.978840,20.600000,,28.900000,60.410000,72.533157,,7.240000,64.449997,166.010025,155.500000,55.689999,38.410000,33.740002,14.718438,76.959846,43.799999,,58.456375,21.875000,73.400002,34.780956,33.549999,32.939999,70.903008,22.870001,,,58.456451,50.716846,60.869999,22.770397,54.369999,54.759998,,54.250000,,47.330002,110.120003,,,32.209999,,57.541134,,33.945000,16.056667,61.500000,37.364956,,2.202143,1222.199951,1.738000,54.720001,83.800003,49.259998,,72.809998,30.110001,10.471728,49.177040,20.440001,,29.240000,60.750000,72.961929,,7.100000,64.070000,166.105881,154.089996,55.990002,38.000000,33.660000,14.713896,76.022942,43.810001,,58.293385,21.945000,73.120003,34.529259,33.509998,33.200001,70.886292,22.760000,,,58.772675,50.537636,60.669998,22.950665,53.950001,55.029999,,53.540001,,46.990002,109.550003,,,32.130001,,57.632542,,34.070000,15.943333,61.650002,36.864296,
2006-06-05,2.183929,1216.000000,1.723000,54.549999,83.790001,49.200001,,72.800003,30.000000,10.409247,49.741154,20.350000,,29.299999,61.259998,72.979797,,7.040000,63.830002,165.578705,154.949997,55.990002,37.750000,33.389999,14.600363,75.621414,43.660000,,58.293385,21.895000,73.120003,34.314850,33.509998,33.150002,70.317726,22.719999,,,58.953377,50.734768,60.369999,23.055029,53.799999,54.900002,,53.220001,,46.980000,108.400002,,,32.500000,,58.208408,,33.945000,15.923333,62.099998,36.890648,,2.142857,1207.800049,1.674500,53.599998,82.129997,48.740002,,69.330002,29.795000,10.187441,47.675278,19.879999,,28.809999,59.349998,71.675629,,6.950000,63.750000,163.997208,150.399994,55.799999,37.459999,32.779999,14.346049,75.583176,42.970001,,57.497604,21.715000,72.680000,34.072472,33.150002,33.020000,69.356186,22.500000,,,58.555836,50.089607,59.750000,22.713472,53.180000,53.750000,,52.000000,,46.430000,106.610001,,,31.230000,,55.438759,,33.669998,15.730000,60.049999,36.310936,
2006-06-06,2.150714,1212.800049,1.679000,53.830002,82.000000,48.799999,,69.250000,29.799999,10.234302,47.637161,19.920000,,28.950001,59.360001,71.747086,,6.960000,63.750000,164.859848,151.389999,55.919998,37.570000,32.950001,14.441417,75.583176,42.970001,,57.670181,21.799999,73.000000,34.025860,33.250000,33.020000,69.565216,22.549999,,,58.781712,49.722221,60.040001,22.808350,53.110001,54.849998,,51.500000,,46.099998,106.610001,,,31.250000,,55.255939,,33.715000,15.780000,60.000000,36.574440,,2.132857,1205.800049,1.670500,53.259998,80.650002,48.529999,,68.480003,30.105000,10.362387,47.187393,20.170000,,28.340000,58.930000,70.710899,,6.900000,63.259998,165.578705,149.240005,55.490002,37.060001,32.259998,14.032698,76.252388,42.380001,,57.718121,21.750000,70.949997,33.652973,33.310001,32.450001,68.779266,22.129999,,,57.959526,49.354839,60.520000,22.618595,53.369999,54.630001,,51.290001,,45.730000,105.610001,,,31.430000,,55.621571,,33.825001,15.676667,60.400002,36.205536,
2006-06-07,2.146429,1211.000000,1.670000,53.400002,80.830002,48.500000,,68.699997,30.209999,10.393627,47.172150,20.260000,,28.379999,58.709999,70.121346,,6.900000,63.799999,165.578705,149.250000,56.270000,36.950001,31.850000,14.078111,76.271507,42.369999,,57.344200,21.809999,70.849998,33.746197,33.500000,31.879999,68.779266,22.150000,,,57.986629,49.265232,60.660000,22.789373,53.599998,54.669998,,50.849998,,45.950001,104.489998,,,31.530001,,55.292503,,33.845001,15.690000,60.299999,36.389988,,2.091429,1204.599976,1.688500,53.480000,81.459999,48.849998,,66.739998,30.365000,10.356139,46.135399,19.910000,,28.590000,57.169998,69.817635,,6.790000,63.459999,164.859848,149.949997,56.000000,36.709999,31.670000,14.046322,75.669212,42.250000,,57.142857,21.690001,71.000000,34.030521,33.320000,31.770000,67.173912,22.040001,,,57.453564,49.139786,60.299999,22.685009,53.240002,55.400002,,50.700001,,46.000000,104.360001,,,30.719999,,53.619743,,34.115002,15.680000,58.820000,35.731224,
2006-06-08,2.087143,1206.000000,1.677500,53.250000,81.459999,48.660000,,66.400002,30.299999,10.184317,45.723747,19.760000,,28.620001,56.770000,69.674713,,6.810000,63.349998,164.524368,148.800003,55.160000,36.570000,30.330000,14.032698,75.095604,42.000000,,57.008629,21.735001,71.379997,34.030521,33.570000,31.799999,66.722404,22.030001,,,57.227692,48.557346,60.160000,22.485769,53.500000,54.900002,,49.650002,,45.419998,100.739998,,,30.629999,,52.696526,,33.900002,15.696667,58.380001,35.599472,,2.170000,1209.400024,1.677500,53.389999,81.190002,49.029999,,66.889999,30.535000,10.271790,46.569920,19.889999,,29.430000,57.860001,69.085159,,6.660000,63.950001,165.674561,149.759995,55.400002,37.250000,30.760000,13.651226,73.642448,42.349998,,57.766060,21.695000,72.620003,33.587719,33.689999,31.379999,68.352844,22.110001,,,57.688477,48.485664,60.130001,22.637571,54.740002,55.230000,,49.680000,,45.279999,101.489998,,,30.719999,,53.583179,,34.634998,15.766667,59.570000,36.047432,
2006-06-09,2.185000,1209.000000,1.675000,53.400002,81.949997,48.849998,,67.889999,30.535000,10.271790,46.768120,19.900000,,29.430000,57.959999,68.960098,,6.720000,63.950001,165.434937,151.000000,54.970001,37.099998,30.799999,13.623978,73.843208,42.349998,,57.507191,21.900000,72.349998,33.657635,33.650002,31.430000,68.051842,22.150000,,,57.724613,48.181004,60.000000,22.438330,54.520000,55.529999,,49.660000,,45.340000,102.000000,,,31.559999,,53.930531,,34.759998,15.716667,59.889999,35.783924,,2.115714,1204.199951,1.689000,53.459999,80.500000,48.790001,,67.519997,30.754999,10.209310,46.173515,19.969999,,29.209999,57.529999,68.299080,,6.760000,63.369999,163.278336,149.889999,54.650002,36.950001,30.510000,13.596730,74.216064,42.099998,,58.542664,21.775000,72.059998,33.955944,33.380001,31.360001,67.366219,21.920000,,,57.706547,48.154121,59.930000,22.324478,54.450001,55.180000,,49.070000,,45.250000,100.550003,,,29.680000,,54.140766,,34.560001,15.710000,58.799999,35.915680,
2006-06-12,2.121429,1207.199951,1.700000,53.490002,80.599998,48.799999,,68.400002,30.799999,10.249922,46.295486,19.950001,,29.320000,57.880001,68.513466,,6.850000,63.830002,163.757584,150.300003,54.549999,36.900002,30.700001,13.596730,74.216064,42.099998,,58.389263,21.834999,72.000000,34.072472,33.500000,31.350000,67.366219,21.959999,,,57.824001,47.822582,59.779999,22.343454,54.570000,55.130001,,49.689999,,45.049999,100.809998,,,29.719999,,54.223034,,34.560001,15.700000,59.049999,35.942028,,2.035714,1190.000000,1.680000,52.830002,77.879997,48.410000,,66.320000,30.660000,10.143705,45.456936,19.480000,,28.950001,57.590000,67.691666,,6.770000,62.419998,162.319855,145.000000,54.060001,36.259998,30.270000,13.564941,73.632889,41.599998,,57.507191,21.655001,70.800003,33.625008,32.930000,31.209999,67.023415,21.709999,,,56.830151,47.571686,59.720001,22.096773,54.310001,54.250000,,48.849998,,44.730000,99.690002,,,28.959999,,52.541134,,34.605000,15.663333,58.240002,35.467720,
2006-06-13,2.057500,1191.400024,1.674500,52.840000,77.769997,48.150002,,65.629997,30.625000,10.153077,45.228241,19.389999,,28.840000,57.590000,67.709526,,6.800000,62.419998,161.648911,144.500000,54.020000,36.099998,29.590000,13.564941,73.747612,41.349998,,57.603069,21.590000,70.930000,33.373310,33.470001,31.030001,67.182274,21.730000,,,56.875324,47.007168,59.450001,22.011385,54.320000,54.240002,,49.500000,,44.450001,96.900002,,,28.809999,,51.316273,,34.445000,15.696667,57.750000,35.230568,,2.083214,1182.800049,1.673500,52.220001,76.980003,47.070000,,66.330002,30.700001,10.121837,44.145752,19.360001,,28.969999,56.779999,66.351761,,6.680000,62.599998,161.648911,139.250000,54.349998,36.290001,29.129999,13.528610,73.546844,40.529999,,58.034515,21.455000,70.220001,33.093647,31.940001,30.700001,66.856186,21.510000,,,56.929535,46.505375,58.990002,21.859583,54.130001,53.639999,,48.580002,,44.209999,95.510002,,,28.990000,,50.959782,,33.535000,15.843333,56.650002,34.993412,
2006-06-14,2.081429,1182.800049,1.675000,52.180000,79.400002,46.980000,,65.949997,30.650000,10.093721,44.138130,19.400000,,28.840000,57.150002,66.351761,,6.690000,62.250000,161.505142,139.750000,54.549999,36.130001,29.299999,13.569482,73.546844,40.639999,,57.727711,21.415001,69.930000,33.102966,32.000000,30.620001,66.722404,21.590000,,,56.315155,47.096775,58.740002,21.831120,54.000000,53.439999,,49.000000,,44.830002,96.870003,,,29.000000,,51.096893,,33.505001,15.853333,56.650002,35.494072,,2.057500,1185.400024,1.684000,52.740002,82.010002,46.639999,,67.480003,30.174999,10.090597,45.327343,19.610001,,29.299999,57.830002,67.048508,,6.610000,63.990002,162.463623,138.500000,54.389999,36.750000,29.790001,13.687557,74.292542,39.970001,,58.274208,21.405001,70.000000,32.702114,32.849998,30.730000,66.806023,21.879999,,,56.224804,46.774193,58.860001,21.925997,54.830002,52.660000,,48.669998,,45.160000,98.160004,,,28.900000,,52.468006,,33.264999,15.903333,57.799999,35.204216,
2006-06-15,2.046429,1195.000000,1.692000,53.000000,82.010002,46.860001,,68.500000,30.055000,10.112465,45.685631,19.670000,,29.370001,58.299999,67.441551,,6.690000,64.019997,162.847015,140.399994,54.240002,37.029999,30.170000,13.737511,74.426384,40.099998,,58.705658,21.475000,70.000000,32.702114,32.910000,30.700001,66.596992,22.010000,,,56.016998,46.711472,58.990002,22.144213,54.970001,52.910000,,49.709999,,45.900002,98.970001,,,29.030001,,53.628883,,33.294998,15.913333,58.480000,35.283268,,2.120714,1200.599976,1.748000,53.570000,84.809998,47.910000,,70.849998,30.125000,10.174945,47.073048,20.219999,,29.959999,59.430000,68.352676,,6.780000,64.769997,163.470032,144.119995,54.590000,37.369999,31.030001,14.477748,75.105164,40.599998,,58.465965,21.520000,71.559998,33.578396,33.349998,30.889999,67.642143,22.070000,,,56.938568,47.034050,59.080002,22.324478,54.880001,54.860001,,50.470001,,46.610001,100.790001,,,30.030001,,55.036564,,33.459999,16.219999,59.119999,35.942028,
2006-06-16,2.105714,1195.199951,1.744000,53.570000,85.099998,47.700001,,70.849998,30.200001,10.099969,46.592789,20.170000,,29.900000,59.099998,68.013237,,6.770000,64.279999,162.271927,143.300003,53.750000,37.299999,31.100000,14.486830,74.990440,40.599998,,58.197506,21.465000,71.199997,33.541107,33.310001,30.889999,67.709030,21.969999,,,56.016998,46.774193,59.380001,22.201139,54.889999,54.759998,,51.200001,,46.000000,101.500000,,,29.870001,,54.872028,,33.285000,16.186666,58.950001,35.678524,,2.055714,1197.400024,1.754500,52.919998,85.540001,47.419998,,70.550003,30.344999,10.243674,46.630905,19.980000,,30.190001,58.709999,67.888184,,6.690000,66.120003,162.607407,144.000000,53.840000,36.910000,30.820000,15.004541,74.521988,40.160000,,58.331734,21.605000,71.320000,33.531788,33.139999,30.860001,67.316055,22.100000,,,56.929535,46.917564,59.700001,22.229603,55.020000,54.580002,,51.070000,,45.709999,100.669998,,,29.559999,,54.844608,,33.325001,16.103333,58.799999,36.021080,
2006-06-19,2.065357,1197.400024,1.760000,52.910000,85.650002,47.930000,,71.000000,30.344999,10.290534,46.623280,20.010000,,30.230000,58.720001,68.156158,,6.720000,66.480003,162.703247,144.979996,54.020000,36.910000,31.170000,15.013624,74.474190,40.169998,,57.622246,21.605000,71.430000,33.652973,33.110001,30.870001,67.474915,22.139999,,,56.911465,46.666668,59.930000,22.296015,55.980000,54.599998,,51.830002,,46.099998,101.660004,,,29.709999,,54.488117,,33.424999,16.150000,58.770000,36.047432,,2.042857,1189.400024,1.753500,52.220001,84.760002,47.139999,,69.949997,30.180000,10.096845,45.129139,19.820000,,29.750000,57.509998,67.262894,,6.740000,65.500000,161.600983,143.750000,54.040001,36.860001,31.020000,15.245232,74.254303,39.950001,,57.468842,21.465000,70.949997,33.559753,32.849998,31.090000,66.413040,22.549999,,,56.450680,46.586021,59.310001,21.878557,54.869999,53.849998,,51.099998,,45.750000,100.599998,,,30.000000,,52.422302,,33.230000,16.090000,57.389999,35.994732,
2006-06-20,2.057500,1194.000000,1.750500,52.380001,85.250000,47.009998,,70.379997,30.165001,10.056232,45.586529,19.750000,,29.670000,57.759998,67.155701,,6.760000,65.370003,161.600983,144.649994,54.450001,36.709999,31.500000,15.122616,74.416824,40.139999,,57.516781,21.450001,70.750000,33.485176,33.000000,31.160000,66.413040,22.540001,,,56.595242,46.523296,59.240002,21.982922,55.230000,54.000000,,51.049999,,45.360001,101.610001,,,29.889999,,53.327240,,33.084999,16.083332,57.660000,35.836628,,2.052500,1197.000000,1.774000,52.730000,84.849998,47.080002,,70.989998,30.084999,10.078101,44.824215,19.730000,,30.080000,57.509998,67.513008,,6.400000,65.209999,161.505142,145.259995,54.490002,36.419998,31.350000,14.922797,74.560226,40.490002,,57.574306,21.400000,70.970001,33.736874,32.959999,31.150000,66.797661,22.559999,,,56.242874,46.630825,59.290001,21.774195,55.580002,54.480000,,51.099998,,45.610001,100.639999,,,29.900000,,52.641682,,33.240002,16.143333,57.389999,35.889328,
2006-06-21,2.062143,1202.599976,1.767000,52.730000,84.900002,47.029999,,70.989998,30.235001,10.115589,45.052910,19.760000,,30.150000,57.520000,67.709526,,6.430000,65.400002,162.128159,145.770004,54.970001,36.320000,31.520000,14.963669,74.560226,40.130001,,57.535954,21.340000,70.879997,33.736874,32.849998,30.900000,66.806023,22.610001,,,56.206734,46.684589,59.430000,21.802656,55.520000,54.770000,,51.169998,,45.689999,100.400002,,,29.820000,,52.998173,,33.240002,16.100000,57.349998,35.757576,,2.066429,1196.400024,1.832500,53.130001,85.849998,47.310001,,72.470001,30.170000,10.121837,45.624645,20.070000,,29.760000,58.279999,68.299080,,6.430000,65.519997,161.361374,149.830002,54.910000,36.660000,31.650000,15.322434,74.856598,41.209999,,58.485138,21.504999,71.459999,34.053825,33.400002,30.969999,67.224083,23.080000,,,56.604275,47.007168,59.610001,21.527514,55.820000,55.360001,,51.720001,,46.310001,101.269997,,,30.350000,,54.296162,,33.320000,16.299999,58.060001,36.811592,
2006-06-22,2.078571,1194.400024,1.827500,52.779999,85.550003,47.310001,,72.599998,30.200001,10.143705,45.891457,20.129999,,29.850000,58.439999,68.120430,,6.470000,65.669998,159.444397,149.710007,54.459999,36.939999,31.740000,15.267938,74.722755,41.119999,,58.283798,21.510000,71.489998,34.305527,33.200001,30.900000,67.433113,23.059999,,,56.559101,46.818996,59.549999,21.584440,55.630001,55.320000,,51.540001,,46.619999,102.370003,,,30.299999,,54.844608,,33.134998,16.236668,57.720001,36.811592,,2.127857,1187.400024,1.818500,52.750000,84.059998,47.540001,,72.279999,30.150000,9.971884,46.318356,19.690001,,29.530001,58.660000,67.602333,,6.430000,65.320000,159.300613,148.309998,54.400002,36.480000,31.559999,14.972752,73.795410,41.070000,,58.408436,21.434999,71.139999,33.559753,32.549999,31.350000,66.546822,22.879999,,,56.559101,46.854839,60.020000,21.489565,55.849998,55.490002,,51.299999,,46.980000,100.860001,,,29.670000,,55.457039,,33.205002,16.160000,57.970001,36.521740,
2006-06-23,2.132857,1183.400024,1.823000,52.500000,84.059998,47.400002,,72.050003,30.000000,9.937520,46.501308,19.610001,,29.350000,58.759998,67.441551,,6.430000,64.900002,159.013077,147.850006,53.779999,36.349998,31.400000,14.945504,73.757172,40.830002,,58.226269,21.370001,70.800003,33.429241,32.549999,31.350000,66.555183,22.850000,,,56.288052,47.060932,59.630001,21.537003,55.560001,55.660000,,51.220001,,46.880001,99.879997,,,29.559999,,56.215721,,32.955002,16.116667,58.150002,36.152832,,2.101071,1185.199951,1.827500,52.590000,83.389999,47.410000,,72.139999,30.035000,9.859419,46.699512,19.610001,,29.200001,58.709999,68.245483,,6.520000,65.400002,158.917221,147.919998,54.130001,36.410000,31.250000,14.831971,73.709366,40.869999,,58.485138,21.375000,71.309998,33.820774,32.599998,31.170000,66.822739,22.500000,,,56.260944,47.159496,59.490002,21.480076,55.730000,56.349998,,51.340000,,47.000000,99.690002,,,29.389999,,56.782452,,32.755001,15.980000,58.099998,35.836628,
2006-06-26,2.113214,1182.599976,1.827500,52.630001,83.480003,47.349998,,72.400002,30.030001,9.859419,46.539425,19.559999,,29.209999,58.720001,68.263351,,6.530000,65.300003,159.013077,148.919998,53.720001,36.259998,31.260000,14.940963,73.652008,40.669998,,58.408436,21.365000,71.500000,33.746197,32.599998,30.760000,66.822739,22.650000,,,56.288052,47.204300,59.310001,22.248577,55.740002,56.389999,,51.119999,,46.930000,100.160004,,,29.500000,,56.764168,,32.799999,16.030001,58.099998,35.836628,,2.106786,1184.000000,1.838500,52.990002,83.889999,47.459999,,72.480003,30.105000,9.865667,47.339859,19.600000,,29.830000,59.680000,68.995827,,6.550000,64.580002,159.156845,149.899994,53.980000,36.639999,31.440001,14.754768,73.757172,41.500000,,58.600193,21.415001,71.290001,33.839417,32.660000,31.000000,67.065216,22.820000,,,56.170593,47.365589,59.509998,21.831120,55.990002,56.320000,,51.639999,,47.009998,100.489998,,,30.000000,,57.129799,,32.924999,16.023333,58.820000,36.231884,
2006-06-27,2.110357,1186.000000,1.836000,52.959999,83.849998,47.459999,,71.599998,30.049999,9.846923,47.438957,19.629999,,29.700001,60.000000,68.799309,,6.600000,64.680000,158.390060,149.050003,53.720001,36.549999,31.299999,14.768392,73.919693,40.689999,,58.485138,21.344999,71.370003,33.652973,32.500000,31.010000,67.224083,22.889999,,,56.251911,47.043011,58.709999,21.850096,55.250000,56.299999,,51.450001,,46.630001,100.129997,,,29.610001,,57.586838,,32.900002,15.983333,58.970001,35.862980,,2.051071,1174.599976,1.824000,52.310001,81.930000,47.299999,,71.650002,30.065001,9.668853,47.835365,19.299999,,29.250000,60.099998,67.977509,,6.540000,64.150002,157.575348,147.160004,53.220001,36.369999,30.660000,14.504995,73.260040,40.840000,,58.475552,21.254999,70.419998,33.699585,32.509998,30.850000,65.802673,22.860001,,,56.260944,46.648746,59.110001,21.631880,55.750000,55.630001,,50.240002,,46.060001,98.250000,,,29.650000,,57.138939,,32.570000,15.876667,59.650002,35.019764,
2006-06-28,2.046071,1177.199951,1.835000,52.500000,81.940002,47.400002,,71.660004,29.950001,9.656357,48.254639,19.309999,,29.450001,60.349998,67.673798,,6.560000,64.050003,157.814957,147.410004,53.400002,36.270000,30.670000,14.577657,73.164436,41.169998,,58.715244,21.215000,70.430000,33.708908,32.500000,30.860001,65.811035,22.959999,,,56.405506,46.639786,59.160000,21.755219,55.750000,56.000000,,50.500000,,46.200001,98.849998,,,29.240000,,57.257771,,32.970001,15.883333,59.799999,35.046112,,2.000714,1173.400024,1.835000,52.180000,82.639999,47.650002,,72.709999,29.670000,9.928147,48.894985,19.379999,,29.600000,61.360001,67.441551,,6.360000,64.059998,157.814957,146.490005,53.599998,36.160000,30.559999,14.346049,73.193115,41.270000,,58.494728,21.209999,70.440002,34.091118,31.969999,30.770000,66.287628,23.160000,,,56.351295,46.603943,58.910000,21.726755,55.770000,55.770000,,50.410000,,45.930000,98.669998,,,28.959999,,57.979889,,33.125000,15.973333,61.119999,35.678524,
2006-06-29,2.027143,1180.000000,1.841000,52.430000,82.639999,47.709999,,72.849998,29.650000,9.943768,49.169418,19.430000,,29.850000,61.580002,67.977509,,6.370000,64.459999,158.054581,148.100006,53.860001,36.200001,30.760000,14.396004,73.508606,41.680000,,58.676895,21.275000,70.750000,34.240269,32.400002,30.740000,66.295990,23.320000,,,56.739799,46.899643,59.360001,21.821632,56.240002,56.000000,,50.619999,,46.910000,99.449997,,,29.200001,,59.277878,,33.125000,16.036667,61.220001,35.942028,,2.106071,1185.400024,1.926000,53.889999,83.000000,48.599998,,74.400002,30.075001,10.193689,50.290024,19.910000,,30.450001,62.450001,69.192345,,6.400000,65.330002,159.444397,152.199997,54.959999,36.459999,31.530001,14.545867,74.177818,42.680000,,59.319271,21.530001,71.339996,35.163162,33.560001,30.969999,67.851173,23.469999,,,57.878208,47.858421,59.500000,22.049335,56.990002,58.560001,,52.330002,,48.169998,102.230003,,,30.000000,,60.447899,,33.700001,16.236668,62.369999,36.337288,
2006-06-30,2.056786,1185.400024,1.929000,54.000000,82.989998,48.799999,,74.949997,30.150000,10.271790,50.396748,20.010000,,30.490000,62.450001,69.764038,,6.720000,65.660004,159.731934,152.199997,55.610001,36.459999,31.900000,14.573115,74.282982,42.930000,,59.376797,21.620001,71.650002,35.424183,33.810001,31.000000,68.260872,23.540001,,,57.878208,48.055557,59.549999,22.106262,57.000000,59.000000,,52.630001,,48.480000,104.750000,,,30.059999,,60.767822,,33.709999,16.233334,62.650002,36.363636,,2.045357,1181.000000,1.934000,53.220001,81.910004,48.099998,,74.480003,29.950001,10.228054,49.954605,19.530001,,30.700001,62.060001,69.728310,,6.930000,65.459999,157.958740,150.429993,55.799999,35.790001,31.820000,14.386921,73.441681,42.000000,,59.156281,21.510000,71.739998,35.536049,33.599998,30.900000,67.533447,23.299999,,,57.878208,48.315411,60.040001,22.267551,55.599998,58.430000,,52.520000,,48.700001,104.589996,,,30.290001,,60.804386,,33.540001,16.056667,61.349998,36.653492,
2006-07-03,2.054286,1181.199951,1.926000,53.240002,81.349998,48.189999,,74.919998,29.635000,10.278038,50.526340,19.780001,,30.700001,62.270000,70.174942,,6.980000,65.500000,158.629684,151.929993,55.869999,35.860001,32.200001,14.327884,74.130020,42.049999,,59.156281,21.600000,72.099998,35.536049,33.700001,31.040001,67.851173,23.530001,,,58.104084,49.059139,60.599998,22.333965,56.020000,58.189999,,52.709999,,49.119999,103.720001,,,30.540001,,61.014626,,33.555000,15.916667,61.799999,36.231884,,2.069643,1191.400024,1.930500,53.660000,81.300003,48.810001,,74.769997,29.940001,10.231178,50.937992,20.000000,,30.600000,62.750000,70.514381,,6.710000,65.199997,159.731934,152.449997,55.900002,35.770000,32.470001,14.763851,74.588913,42.869999,,59.232983,21.684999,72.500000,35.489437,33.970001,31.049999,67.826088,23.700001,,,58.122154,48.817204,60.270000,22.371918,56.299999,58.000000,,53.099998,,49.230000,105.040001,,,30.709999,,61.151737,,33.720001,15.856667,62.150002,36.600792,
2006-07-05,2.041071,1191.599976,1.914000,53.049999,81.279999,48.500000,,73.699997,29.910000,10.143705,50.625443,19.820000,,30.250000,62.759998,70.514381,,6.690000,65.349998,159.252701,151.699997,55.000000,35.779999,31.330000,14.850136,74.569794,42.869999,,59.232983,21.600000,72.860001,35.256386,33.450001,31.059999,67.642143,23.480000,,,57.896278,48.718639,60.270000,22.324478,55.700001,57.480000,,52.290001,,48.689999,103.180000,,,30.320000,,60.511883,,33.650002,15.736667,61.900002,36.284584,,2.035714,1186.800049,1.855500,52.500000,80.169998,48.869999,,73.129997,29.885000,10.096845,51.509731,19.600000,,30.250000,63.880001,69.192345,,6.610000,64.970001,159.636093,150.949997,55.560001,35.529999,31.049999,14.881926,74.349907,42.410000,,58.715244,21.510000,72.919998,35.004688,33.759998,31.139999,67.349495,23.350000,,,57.453564,48.440861,60.270000,22.466793,55.930000,56.759998,,52.060001,,48.570000,102.360001,,,29.920000,,60.767822,,33.439999,15.673333,62.549999,36.706192,
2006-07-06,2.038929,1186.800049,1.853500,52.549999,80.269997,48.869999,,73.120003,29.950001,10.115589,51.532600,19.620001,,30.240000,63.880001,69.192345,,6.620000,65.500000,159.636093,152.289993,56.500000,35.450001,31.049999,14.800182,74.177818,42.400002,,59.050816,21.590000,72.919998,34.986042,33.720001,30.900000,67.617058,23.450001,,,57.381287,48.781361,60.110001,22.552181,55.970001,57.070000,,53.369999,,49.130001,103.139999,,,30.000000,,60.822670,,33.470001,15.610000,62.750000,36.890648,,1.991786,1189.199951,1.840000,52.540001,80.809998,49.060001,,73.650002,30.514999,10.084349,51.509731,19.629999,,30.100000,63.980000,68.549194,,6.590000,67.000000,160.546646,150.580002,56.389999,35.470001,31.190001,15.031789,74.655830,42.450001,,58.676895,21.665001,73.500000,35.060619,33.689999,30.370001,68.051842,23.480000,,,57.733650,48.906811,60.360001,22.466793,56.450001,57.029999,,53.419998,,49.540001,103.269997,,,29.500000,,60.566727,,33.750000,15.573333,63.470001,36.916996,
2006-07-07,1.981429,1188.000000,1.835500,52.500000,80.400002,48.900002,,73.400002,30.379999,10.040612,51.837524,19.500000,,29.959999,64.150002,67.352219,,6.630000,66.849998,159.827789,150.009995,56.779999,35.509998,31.490000,14.963669,74.655830,42.450001,,58.782360,21.615000,73.349998,34.892822,33.520000,30.370001,63.779263,23.389999,,,57.507774,48.584229,60.349998,22.580645,56.450001,57.009998,,52.669998,,49.509998,104.500000,,,29.299999,,60.621571,,33.770000,15.493333,63.700001,37.022400,,1.978571,1179.400024,1.805500,51.980000,79.989998,48.799999,,72.580002,30.440001,10.046860,51.220051,19.389999,,30.459999,63.680000,67.638069,,6.730000,66.519997,159.588165,148.509995,56.849998,35.369999,31.440001,14.918256,73.059273,42.410000,,58.111217,21.590000,73.220001,34.836887,33.180000,30.200001,61.956524,23.299999,,,56.965675,48.718639,60.459999,22.466793,56.500000,56.240002,,52.560001,,49.509998,104.379997,,,29.170000,,59.817184,,34.055000,15.333333,62.840000,37.206852,
2006-07-10,1.989286,1184.000000,1.815000,52.200001,80.029999,49.119999,,72.750000,30.450001,10.046860,51.212425,19.480000,,31.000000,63.599998,68.156158,,6.850000,67.300003,159.588165,149.250000,56.500000,35.400002,32.150002,14.918256,72.829826,42.540001,,58.120804,21.650000,73.419998,34.967400,33.500000,30.299999,62.274246,23.430000,,,57.191551,49.041218,60.650002,22.628082,56.430000,56.459999,,52.580002,,49.490002,106.010002,,,29.389999,,59.140766,,34.174999,15.416667,63.000000,37.417656,,1.964286,1194.000000,1.789500,52.099998,80.349998,49.139999,,73.269997,30.809999,9.953140,51.334396,18.969999,,31.309999,64.269997,67.959641,,6.900000,66.900002,160.307037,148.850006,56.610001,35.000000,32.049999,14.500454,73.298279,42.580002,,58.811123,21.815001,74.440002,34.976723,33.680000,30.209999,61.128761,23.500000,,,57.733650,49.130825,60.950001,22.647058,56.980000,57.380001,,52.220001,,49.310001,105.489998,,,28.920000,,59.771481,,34.165001,15.393333,63.040001,37.154148,
2006-07-11,1.968214,1192.000000,1.787000,52.110001,80.099998,48.970001,,73.279999,30.750000,9.928147,51.685062,18.820000,,31.180000,64.529999,67.888184,,6.880000,66.750000,159.923630,148.399994,56.490002,34.900002,32.250000,14.441417,72.896751,42.360001,,58.657719,21.850000,74.349998,34.920788,33.790001,30.180000,61.245819,23.370001,,,57.552952,50.008961,60.810001,22.552181,56.779999,57.200001,,51.810001,,49.720001,105.000000,,,28.790001,,60.146252,,34.099998,15.333333,63.200001,36.916996,,1.987500,1189.199951,1.783000,52.490002,81.629997,49.150002,,73.400002,30.820000,10.121837,51.768917,18.690001,,31.980000,65.300003,68.334816,,6.800000,68.660004,159.396469,148.669998,56.459999,34.380001,32.250000,14.777475,73.107079,42.869999,,58.360500,21.905001,75.300003,34.958076,34.279999,30.330000,61.112041,23.100000,,,58.501625,50.134411,61.590000,22.286528,57.250000,57.150002,,52.250000,,49.680000,105.709999,,,29.629999,,60.438759,,34.424999,15.376667,63.980000,37.338604,
2006-07-12,1.970357,1192.800049,1.780000,52.540001,81.449997,49.180000,,73.019997,30.875000,10.093721,52.028107,18.590000,,32.000000,65.550003,68.334816,,6.890000,68.650002,159.156845,148.699997,55.759998,34.259998,31.250000,14.677566,72.724663,42.880001,,58.552254,21.915001,75.349998,35.004688,34.380001,30.459999,61.454849,22.790001,,,58.727501,50.161289,61.520000,22.210627,57.250000,57.060001,,51.669998,,49.619999,103.389999,,,29.580000,,60.566727,,34.424999,15.403333,64.000000,37.391304,,1.891429,1179.199951,1.731500,52.200001,80.919998,48.570000,,71.309998,30.709999,10.015620,51.799412,18.260000,,32.000000,64.870003,67.227165,,6.880000,69.000000,158.437973,145.270004,55.250000,33.610001,30.879999,14.382380,72.160614,42.250000,,58.044106,21.785000,74.900002,34.836887,33.810001,30.620001,60.802677,22.639999,,,58.257679,49.838711,61.099998,21.992411,56.610001,56.330002,,50.340000,,49.470001,102.529999,,,29.209999,,59.652653,,34.040001,15.050000,63.970001,36.679844,
2006-07-13,1.858214,1180.000000,1.716500,51.980000,80.699997,48.570000,,71.059998,30.469999,10.018744,52.104336,18.100000,,31.900000,65.059998,66.994911,,6.830000,68.849998,158.198364,144.029999,54.820000,33.500000,30.719999,14.382380,71.711281,41.950001,,58.082455,21.750000,74.900002,35.619949,33.549999,30.629999,60.602009,22.370001,,,58.004700,49.731182,61.950001,21.963947,56.610001,56.330002,,47.029999,,48.490002,102.019997,,,29.690001,,59.652653,,33.904999,14.850000,64.150002,36.442688,,1.866071,1167.199951,1.686500,51.250000,79.589996,47.980000,,69.699997,30.799999,9.840675,51.136196,18.020000,,32.090000,64.940002,65.726479,,6.560000,68.559998,156.568924,142.550003,54.450001,34.070000,30.410000,14.178020,70.975143,41.389999,,57.516781,21.549999,74.730003,33.699585,33.169998,30.309999,59.891304,22.260000,,,58.031803,49.426521,62.070000,21.698292,56.540001,54.900002,,46.830002,,47.930000,99.099998,,,28.290001,,58.967094,,33.994999,14.720000,64.070000,36.205536,
2006-07-14,1.875000,1165.199951,1.675500,51.150002,79.589996,48.000000,,70.000000,30.660000,9.809435,51.608829,18.020000,,31.950001,65.480003,65.476364,,6.550000,68.500000,154.747803,143.100006,54.169998,33.959999,30.299999,14.078111,70.975143,41.250000,,57.334614,21.500000,74.360001,33.839417,32.959999,30.250000,59.916389,22.280001,,,57.778824,49.301075,62.000000,21.698292,56.290001,54.689999,,47.680000,,47.950001,98.000000,,,28.299999,,59.195614,,33.994999,14.643333,64.570000,36.100132,,1.809643,1155.199951,1.646000,51.270000,77.250000,48.310001,,69.190002,30.504999,9.700094,51.418251,17.940001,,31.680000,66.379997,65.940865,,6.380000,68.610001,153.885162,140.100006,54.070000,33.840000,30.100000,13.969119,70.334610,40.889999,,56.979866,21.325001,75.300003,32.860592,33.040001,30.370001,59.548496,22.290001,,,57.796894,48.772400,61.799999,21.271347,55.660000,52.880001,,46.880001,,47.790001,97.959999,,,28.750000,,59.277878,,33.884998,14.350000,64.900002,35.520424,
2006-07-17,1.847500,1157.800049,1.639500,51.400002,78.110001,48.110001,,69.190002,30.475000,9.684474,50.770283,17.969999,,31.690001,65.709999,65.940865,,6.380000,68.730003,153.741394,140.100006,53.730000,33.930000,30.040001,13.978202,70.124283,40.810001,,56.951103,21.280001,75.300003,32.674149,34.000000,30.290001,59.531773,22.290001,,,57.796894,48.306454,61.400002,21.252373,55.630001,52.869999,,47.090000,,47.599998,97.010002,,,28.629999,,58.775139,,33.889999,14.410000,64.500000,35.362320,,1.870357,1160.400024,1.683500,51.250000,78.949997,48.220001,,69.190002,30.440001,9.946892,49.664925,17.969999,,31.650000,64.870003,65.315575,,6.410000,67.839996,155.083267,140.869995,54.029999,33.599998,29.870001,14.168937,70.458893,40.730000,,56.922340,21.350000,75.410004,34.147049,34.720001,30.370001,59.080269,22.480000,,,57.318039,48.826164,62.279999,21.261860,55.820000,52.830002,,46.099998,,47.310001,97.150002,,,28.370001,,57.650822,,34.275002,14.340000,64.000000,35.915680,
2006-07-18,1.898571,1175.000000,1.682500,51.200001,79.500000,48.160000,,69.599998,30.540001,9.900031,50.114693,18.030001,,31.549999,65.400002,65.172653,,6.410000,67.849998,155.083267,140.619995,54.730000,33.450001,29.840000,13.987284,70.458893,40.950001,,56.922340,21.674999,75.599998,33.867386,35.000000,30.360001,59.280937,22.590000,,,57.408390,48.754478,62.299999,21.404175,55.650002,52.970001,,46.820000,,47.070000,96.250000,,,28.000000,,58.171844,,34.025002,14.253333,64.400002,35.467720,,1.889286,1167.599976,1.674500,50.950001,79.169998,48.439999,,69.470001,30.434999,9.987504,49.870750,17.879999,,31.379999,65.550003,64.779617,,6.440000,68.349998,155.562515,142.339996,54.740002,33.130001,29.870001,14.055404,70.994263,40.709999,,56.749760,21.775000,74.540001,33.783485,34.810001,30.330000,59.239128,22.740000,,,57.290936,48.467743,63.209999,21.423149,55.810001,53.599998,,45.259998,,46.889999,95.830002,,,28.100000,,58.363804,,34.125000,14.390000,64.610001,35.652176,
2006-07-19,1.891429,1175.000000,1.675000,51.200001,79.320000,48.980000,,69.470001,30.549999,10.012496,49.840256,17.889999,,31.570000,65.550003,65.226250,,6.480000,68.500000,156.137604,142.699997,53.889999,33.169998,29.830000,14.146231,72.657745,41.900002,,57.114094,21.945000,74.900002,34.091118,34.810001,30.360001,59.489967,22.820000,,,57.670406,47.741936,63.230000,21.527514,55.799999,53.500000,,45.200001,,46.540001,96.180000,,,28.120001,,58.363804,,34.400002,14.426667,64.620003,35.757576,,1.932143,1186.800049,1.724000,52.099998,82.290001,49.950001,,71.120003,31.135000,10.193689,50.229038,18.000000,,32.070000,65.989998,66.458954,,6.330000,67.989998,157.575348,146.970001,55.139999,34.349998,30.590000,14.645777,72.724663,43.049999,,57.909874,21.910000,75.370003,34.417393,35.090000,30.240000,59.381271,23.400000,,,59.504509,48.853046,62.669998,22.106262,56.639999,54.130001,,46.150002,,48.380001,98.639999,,,28.200001,,58.765995,,35.415001,14.733333,64.660004,36.100132,
2006-07-20,2.177143,1186.800049,1.719500,51.950001,82.900002,49.830002,,71.370003,31.040001,10.121837,50.229038,18.070000,,32.169998,66.050003,66.548279,,6.320000,69.099998,157.431564,146.699997,55.380001,34.520000,31.330000,14.600363,72.399620,43.049999,,58.015339,21.905001,75.050003,34.510612,34.910000,30.440001,59.698997,23.440001,,,59.432232,48.897850,62.990002,22.428843,56.410000,54.130001,,47.279999,,48.810001,99.620003,,,28.540001,,58.811699,,35.485001,14.783333,64.449997,35.862980,,2.160714,1190.199951,1.709000,51.790001,80.690002,49.650002,,69.080002,31.225000,10.149953,49.116055,17.879999,,32.049999,65.320000,66.101646,,6.190000,67.930000,155.658371,145.179993,54.910000,33.980000,30.780001,14.441417,72.160614,42.980000,,57.679771,21.920000,75.750000,33.988571,34.669998,30.240000,59.448162,22.850000,,,58.989513,48.682796,62.480000,22.495256,56.610001,52.110001,,44.759998,,48.410000,98.839996,,,28.049999,,57.861061,,35.395000,14.763333,64.250000,35.415020,
2006-07-21,2.136429,1193.599976,1.692500,51.740002,80.690002,49.849998,,71.000000,31.475000,10.128085,49.581070,17.799999,,32.230000,65.779999,66.512550,,6.210000,68.000000,156.281387,145.050003,55.680000,34.060001,30.900000,14.091735,72.170174,43.169998,,57.689358,22.160000,76.099998,34.212303,34.720001,30.230000,59.673912,24.080000,,,59.215389,49.354839,62.540001,22.580645,56.849998,52.270000,,44.099998,,49.180000,98.839996,,,27.990000,,58.135284,,35.250000,14.836667,64.570000,35.520424,,2.168571,1183.199951,1.659500,50.619999,79.080002,50.139999,,68.349998,31.035000,10.059356,48.506203,17.459999,,31.990000,64.449997,65.244118,,6.280000,67.440002,154.556107,142.039993,55.349998,33.849998,30.799999,13.860127,71.567879,43.150002,,56.634708,21.950001,75.629997,33.084324,34.700001,29.990000,59.130436,23.870001,,,59.170216,49.507168,62.759998,22.609108,56.070000,51.500000,,43.570000,,48.959999,98.779999,,,27.000000,,56.627056,,35.595001,14.573333,63.930000,35.072464,
2006-07-24,2.187857,1186.400024,1.667500,51.000000,79.449997,50.150002,,69.449997,30.995001,10.074977,49.055073,17.680000,,32.000000,64.650002,65.780075,,6.350000,67.379997,155.658371,143.300003,55.150002,34.139999,31.129999,13.841962,71.625237,43.400002,,56.788113,21.934999,76.050003,33.373310,34.689999,30.000000,59.406357,24.010000,,,59.170216,49.318996,62.730000,22.779886,56.349998,51.840000,,44.330002,,48.459999,100.000000,,,27.430000,,56.800732,,35.615002,14.676667,64.349998,35.098812,,2.193571,1196.800049,1.715500,50.660000,81.440002,50.570000,,70.519997,31.045000,10.231178,50.145184,17.950001,,32.660000,66.269997,66.851990,,6.360000,68.010002,156.329300,146.899994,56.040001,34.610001,31.530001,14.109900,72.648186,44.200001,,57.459251,22.000000,76.779999,34.286880,34.840000,30.500000,59.941471,24.000000,,,59.522579,50.152328,63.349998,23.519924,56.900002,52.470001,,44.880001,,49.619999,100.550003,,,27.840000,,58.144424,,35.435001,14.810000,65.360001,35.968380,
2006-07-25,2.206429,1193.000000,1.700000,51.650002,80.750000,50.580002,,70.500000,30.650000,10.206186,50.655933,17.990000,,32.669998,66.419998,67.262894,,6.360000,67.500000,157.191940,146.899994,56.860001,34.439999,31.950001,14.146231,72.648186,44.150002,,57.372963,21.934999,78.010002,34.286880,35.000000,31.250000,59.364548,24.000000,,,59.694244,49.838711,63.130001,23.434534,56.599998,51.580002,,45.040001,,49.770000,102.000000,,,28.629999,,58.903107,,35.259998,14.736667,65.360001,36.363636,,2.211786,1198.800049,1.679500,50.840000,83.750000,50.810001,,70.660004,30.325001,10.181193,51.418251,18.070000,,33.119999,66.949997,67.155701,,6.590000,69.379997,156.712708,148.490005,56.910000,35.240002,32.250000,14.227975,72.552582,44.630001,,57.622246,22.125000,78.470001,35.004688,34.759998,32.560001,56.948162,24.219999,,,60.444149,49.677418,62.720001,23.681213,56.880001,52.959999,,44.730000,,49.630001,102.599998,,,28.950001,,59.341866,,35.349998,14.890000,65.739998,37.022400,
2006-07-26,2.214286,1199.000000,1.438000,50.900002,82.180000,50.630001,,70.769997,29.900000,10.134333,51.608829,17.980000,,33.099998,66.959999,67.316490,,6.750000,69.379997,156.904404,147.500000,55.799999,35.000000,32.549999,13.882834,72.160614,44.500000,,58.485138,22.049999,78.529999,34.752991,34.490002,32.700001,56.948162,24.120001,,,60.218273,49.973118,62.869999,23.624289,56.650002,52.700001,,44.540001,,49.660000,103.000000,,,28.950001,,59.405849,,35.240002,14.816667,65.510002,37.022400,,2.281071,1204.599976,1.313000,51.750000,79.900002,50.990002,,70.129997,29.725000,10.159325,52.294914,17.940001,,33.000000,67.500000,66.601875,,6.750000,67.989998,156.616852,147.380005,56.040001,34.700001,32.759998,14.418710,72.495216,44.650002,,58.485138,22.225000,78.279999,34.025860,34.450001,32.279999,57.742474,24.370001,,,60.471256,50.170250,63.630001,23.823528,56.669998,51.160000,,44.310001,,50.000000,101.760002,,,29.459999,,60.557587,,35.430000,14.556667,66.599998,36.969696,
2006-07-27,2.303571,1209.599976,1.322500,51.950001,80.000000,51.290001,,70.500000,29.775000,10.487348,52.942886,18.059999,,33.020000,68.440002,62.528587,,6.820000,68.019997,156.952332,148.699997,55.160000,34.669998,33.230000,14.423252,72.495216,44.680000,,58.581017,22.275000,78.290001,34.035183,34.700001,32.279999,58.436455,24.580000,,,60.525463,50.044804,63.840000,23.908918,56.849998,49.000000,,45.549999,,48.000000,103.400002,,,29.400000,,61.462524,,35.529999,14.656667,67.400002,36.996048,,2.264286,1208.000000,1.328000,51.290001,78.709999,51.020000,,70.720001,29.459999,10.627929,51.845150,17.690001,,32.990002,67.730003,59.920254,,6.830000,68.120003,156.473083,148.259995,55.279999,34.020000,33.090000,14.618529,72.801147,44.700001,,57.708534,22.155001,79.370003,32.459740,34.730000,32.310001,58.319397,23.870001,,,59.594860,49.964157,62.490002,24.335863,56.439999,48.000000,,44.750000,,47.160000,103.099998,,,29.480000,,59.899452,,35.035000,14.510000,66.470001,36.469036,
2006-07-28,2.283571,1213.000000,1.340000,51.750000,79.400002,51.160000,,71.300003,29.600000,10.699781,51.746048,17.840000,,33.000000,66.300003,60.027443,,6.890000,67.000000,157.191940,149.649994,55.330002,34.340000,33.099998,14.659401,73.021034,44.880001,,58.053692,22.245001,79.480003,32.590248,34.799999,32.360001,58.787624,24.080000,,,59.902050,50.322582,62.980000,24.383303,56.869999,48.200001,,45.349998,,47.110001,104.120003,,,29.559999,,60.603291,,35.349998,14.590000,66.250000,36.469036,,2.342500,1218.000000,1.358500,52.189999,78.910004,51.660000,,71.209999,29.834999,10.765386,51.799412,18.080000,,32.590000,66.050003,60.795650,,6.890000,67.260002,158.246277,151.720001,55.619999,34.590000,33.529999,14.582198,73.575523,45.480000,,58.427612,22.260000,80.489998,32.935169,35.290001,32.680000,58.963211,24.250000,,,59.477406,50.492832,63.130001,24.772297,56.810001,49.980000,,45.660000,,47.279999,105.599998,,,29.350000,,61.361973,,36.205002,14.820000,67.000000,37.549408,
2006-07-31,2.386786,1214.000000,1.351000,51.900002,78.459999,51.639999,,71.000000,29.709999,10.693533,51.997612,17.990000,,32.700001,65.699997,60.920708,,6.840000,67.410004,157.191940,151.600006,55.419998,34.590000,33.509998,14.468665,73.078392,45.099998,,58.235859,22.260000,80.099998,32.813980,35.369999,32.529999,58.612041,24.070000,,,59.106972,50.994625,63.189999,25.094877,56.410000,49.970001,,45.680000,,47.750000,106.099998,,,29.200001,,61.672760,,35.980000,15.006667,67.430000,37.233204,,2.427143,1213.400024,1.344500,52.060001,77.419998,51.529999,,70.870003,29.660000,10.740394,52.325409,17.879999,,32.720001,65.779999,61.778244,,6.670000,67.019997,156.664780,152.750000,55.330002,34.709999,32.950001,14.491371,74.005737,45.619999,,58.533077,22.250000,79.680000,32.795338,35.389999,32.400002,58.862877,24.059999,,,59.802666,50.376343,63.380001,24.658443,56.200001,50.400002,,45.630001,,47.389999,105.220001,,,29.780001,,61.636196,,36.169998,14.833333,67.739998,37.127800,
2006-08-01,2.400714,1213.400024,1.327500,51.919998,77.419998,51.340000,,70.120003,29.559999,10.637301,52.188190,17.850000,,32.840000,65.720001,61.778244,,6.680000,67.000000,156.473083,151.630005,54.630001,34.500000,32.950001,14.336966,73.279160,45.790001,,58.139980,22.250000,79.099998,32.804661,35.200001,32.410000,58.528427,24.020000,,,59.775558,50.188171,63.200001,24.705881,56.000000,49.759998,,45.349998,,47.020000,104.080002,,,29.469999,,61.526508,,36.154999,14.783333,67.239998,37.101448,,2.399286,1207.000000,1.316000,52.110001,78.169998,51.529999,,69.709999,29.264999,10.681037,52.348278,17.480000,,32.799999,66.250000,61.224419,,6.580000,66.889999,156.041763,151.259995,54.779999,34.139999,32.750000,14.382380,72.791588,45.509998,,58.408436,22.155001,80.389999,32.776691,35.080002,32.459999,58.453178,23.990000,,,59.649071,50.448029,63.169998,24.658443,55.930000,48.860001,,45.330002,,47.250000,103.500000,,,29.150000,,61.270569,,36.270000,14.696667,68.180000,37.496704,
2006-08-02,2.416071,1210.000000,1.307500,52.000000,78.699997,51.660000,,69.919998,29.155001,10.737270,52.683697,17.570000,,33.209999,66.500000,61.671051,,6.790000,66.949997,155.993835,150.259995,53.779999,34.150002,33.119999,14.336966,72.858505,45.900002,,58.408436,22.145000,80.989998,32.813980,35.500000,32.549999,58.453178,24.120001,,,59.874947,50.206093,62.950001,24.867172,57.980000,49.389999,,45.400002,,46.790001,105.449997,,,29.360001,,61.974407,,36.055000,14.766667,68.370003,38.155468,,2.434286,1205.599976,1.304500,51.770000,78.620003,51.959999,,70.750000,29.500000,10.884099,52.622711,17.480000,,33.189999,65.970001,62.546452,,6.960000,67.019997,156.233459,149.899994,53.799999,34.110001,33.419998,14.759310,72.963669,45.490002,,57.986576,22.155001,81.550003,33.485176,35.590000,32.439999,58.202339,24.299999,,,59.414162,50.035843,63.200001,24.297913,58.290001,49.810001,,45.470001,,46.810001,105.110001,,,29.440001,,61.416821,,36.200001,14.790000,68.480003,38.129116,
2006-08-03,2.425357,1209.000000,1.304500,51.400002,77.879997,51.869999,,70.250000,29.424999,10.874727,52.195816,17.320000,,33.000000,65.739998,62.546452,,6.770000,67.050003,155.993835,148.750000,53.650002,33.799999,33.049999,14.736603,72.657745,45.150002,,57.976990,22.100000,81.349998,33.485176,35.349998,32.520000,58.202339,24.190001,,,59.179249,49.731182,63.209999,24.269449,58.459999,49.000000,,44.680000,,46.709999,105.860001,,,29.129999,,60.557587,,36.200001,14.756667,68.070000,36.758892,,2.485357,1199.400024,1.334500,52.130001,79.400002,51.970001,,72.730003,29.110001,10.884099,52.432133,17.559999,,33.900002,65.500000,63.975677,,6.860000,67.389999,156.856476,152.100006,53.889999,34.570000,33.400002,14.800182,72.973228,45.660000,,58.465965,22.010000,81.559998,33.932640,35.840000,32.490002,57.926422,24.209999,,,58.700394,49.793907,62.840000,24.203035,59.450001,51.150002,,45.070000,,46.919998,106.970001,,,30.260000,,61.654480,,36.325001,14.910000,68.370003,37.891964,
2006-08-04,2.394643,1210.000000,1.347000,52.380001,80.160004,52.500000,,73.470001,29.150000,11.018432,52.981003,17.650000,,33.650002,65.970001,64.851074,,6.900000,67.849998,157.719116,154.000000,54.730000,35.200001,33.500000,14.986376,73.279160,45.959999,,58.494728,22.094999,81.629997,34.398746,35.980000,32.529999,58.444817,24.400000,,,58.727501,50.322582,62.799999,24.554079,59.590000,51.680000,,45.880001,,46.130001,110.000000,,,30.500000,,61.974407,,36.590000,15.050000,68.599998,37.417656,,2.439286,1201.400024,1.364500,52.209999,79.489998,52.320000,,73.099998,29.219999,10.884099,52.233932,17.240000,,33.799999,65.660004,64.225792,,7.130000,67.760002,157.191940,152.990005,54.650002,34.709999,33.450001,14.732062,72.571701,45.119999,,58.475552,21.924999,83.540001,33.559753,35.410000,32.480000,58.068562,24.290001,,,58.591976,50.286739,63.169998,24.648956,59.450001,50.430000,,45.439999,,45.150002,108.139999,,,30.030001,,60.511883,,36.500000,14.956667,68.690002,37.971012,
2006-08-07,2.418571,1200.000000,1.359500,51.970001,79.099998,52.200001,,73.129997,29.344999,10.871603,52.485497,17.280001,,34.000000,65.919998,64.225792,,7.120000,67.769997,156.616852,152.119995,54.439999,34.709999,32.750000,14.650318,72.304016,45.000000,,58.475552,21.924999,81.599998,33.550430,35.250000,32.500000,58.026756,24.280001,,,58.591976,50.098564,63.110001,24.629980,59.139999,50.250000,,45.049999,,45.000000,105.599998,,,29.820000,,61.288849,,36.500000,14.866667,69.000000,37.971012,,2.400357,1196.199951,1.339000,52.099998,79.750000,52.160000,,73.180000,29.500000,10.821618,51.540222,17.410000,,33.480000,66.830002,64.386581,,7.170000,67.849998,156.664780,152.649994,54.169998,34.689999,32.830002,14.868302,72.198853,45.270000,,58.696068,21.805000,81.199997,33.550430,35.529999,32.730000,57.692307,24.219999,,,57.959526,49.686378,63.160000,24.715370,59.400002,49.970001,,44.959999,,44.860001,105.660004,,,29.980000,,60.676418,,36.189999,14.940000,69.230003,37.628456,
2006-08-08,2.396071,1199.599976,1.340000,52.299999,79.550003,52.349998,,73.190002,29.559999,10.871603,51.265789,17.639999,,33.700001,66.839996,64.654556,,7.210000,68.000000,157.191940,152.649994,54.209999,34.799999,33.450001,14.990917,72.304016,45.480000,,58.935760,21.905001,81.680000,33.550430,35.529999,32.770000,58.068562,24.389999,,,58.049873,49.569893,63.490002,24.705881,59.750000,49.779999,,44.189999,,44.279999,108.000000,,,29.980000,,60.530167,,36.195000,14.940000,69.239998,38.129116,,2.313571,1193.599976,1.318000,52.270000,78.150002,52.060001,,71.599998,29.455000,10.699781,51.555470,17.290001,,33.900002,67.199997,64.082870,,7.370000,67.309998,154.987427,151.449997,54.270000,34.330002,33.310001,14.936421,72.017204,44.990002,,58.791946,21.905001,83.029999,32.767368,35.160000,33.049999,57.324413,24.340000,,,58.348030,49.551971,63.619999,24.819735,59.720001,49.799999,,44.240002,,44.450001,107.110001,,,30.200001,,61.142597,,35.735001,14.820000,69.269997,38.735180,
2006-08-09,2.336786,1197.800049,1.327000,52.320000,78.250000,52.250000,,72.300003,29.525000,10.749766,52.134830,19.410000,,33.980000,67.510002,64.779617,,7.490000,67.699997,155.658371,153.500000,54.709999,34.369999,34.000000,15.104450,72.237091,45.119999,,58.935760,21.975000,83.029999,32.991100,35.500000,33.080002,57.993313,24.490000,,,58.727501,50.206093,63.410000,24.791271,59.799999,49.900002,,44.790001,,44.380001,109.500000,,,30.690001,,61.517368,,35.810001,14.926667,69.690002,38.550724,,2.271071,1169.800049,1.310500,52.060001,77.160004,51.540001,,68.519997,29.495001,10.734146,52.523609,19.780001,,33.180000,67.480003,64.583099,,7.330000,66.430000,154.699875,150.009995,54.540001,33.400002,33.790001,15.013624,72.074570,44.349998,,58.523491,21.875000,81.360001,32.590248,34.360001,33.349998,57.107021,24.440001,,,58.095051,50.107529,62.840000,24.810247,59.540001,48.060001,,44.480000,,43.849998,108.900002,,,30.490000,,61.361973,,34.865002,14.633333,69.290001,37.575760,
2006-08-10,2.258929,1180.000000,1.310000,52.060001,76.800003,51.310001,,68.750000,29.555000,10.759138,52.218685,19.600000,,33.180000,67.290001,64.618828,,7.330000,66.050003,155.035355,149.500000,54.529999,33.299999,34.000000,14.940963,71.892921,44.250000,,58.437199,21.885000,81.500000,32.347874,34.230000,33.360001,57.198997,24.370001,,,58.095051,49.668461,62.810001,24.620493,59.599998,47.900002,,43.869999,,43.450001,109.699997,,,30.120001,,60.566727,,34.750000,14.633333,68.870003,37.760212,,2.288214,1206.400024,1.324500,51.980000,76.199997,51.520000,,68.320000,29.895000,10.577944,51.913757,19.559999,,33.799999,67.349998,64.868942,,7.390000,67.330002,156.568924,151.630005,55.099998,33.610001,34.110001,14.990917,72.409180,44.049999,,59.443913,21.950001,82.400002,32.963135,34.869999,33.750000,57.198997,24.459999,,,58.637150,49.758064,63.200001,24.639469,60.259998,48.250000,,44.480000,,43.430000,109.370003,,,31.230000,,59.451553,,34.724998,14.963333,69.339996,38.155468,
2006-08-11,2.258214,1216.000000,1.321500,51.650002,76.220001,51.330002,,68.150002,29.799999,10.565448,51.608829,19.510000,,33.750000,67.349998,64.940407,,7.420000,67.300003,156.329300,152.350006,54.860001,33.689999,33.470001,14.895550,72.026772,44.049999,,59.194630,21.860001,82.500000,32.953812,34.869999,33.630001,57.316055,24.430000,,,58.591976,49.767025,62.990002,24.506641,59.990002,48.029999,,43.990002,,43.270000,108.089996,,,30.830000,,59.460693,,34.560001,14.966667,69.349998,37.839260,,2.273214,1231.400024,1.303500,51.799999,75.959999,51.400002,,67.029999,29.754999,10.734146,52.127205,19.540001,,33.970001,67.849998,64.350845,,7.370000,67.629997,155.754211,151.110001,55.040001,33.270000,33.290001,15.009083,72.160614,43.930000,,58.638542,21.879999,81.820000,33.075001,34.689999,33.740002,57.299332,24.430000,,,58.501625,49.686378,63.330002,24.497154,60.259998,47.889999,,44.080002,,43.169998,107.470001,,,30.520000,,59.268738,,34.794998,14.896667,69.730003,37.997364,
2006-08-14,2.287500,1234.000000,1.311000,52.150002,76.650002,51.599998,,67.599998,30.025000,10.809122,51.875641,19.879999,,34.200001,67.500000,64.583099,,7.550000,68.000000,156.760620,152.479996,55.049999,33.369999,34.959999,15.099909,72.705544,44.299999,,58.878235,21.995001,82.730003,33.308056,35.049999,33.740002,57.299332,24.520000,,,58.601009,49.910393,63.299999,24.554079,60.270000,48.349998,,44.180000,,43.400002,108.849998,,,30.889999,,58.290676,,35.540001,14.946667,69.540001,38.287220,,2.283571,1234.000000,1.326500,51.799999,75.389999,51.130001,,65.959999,29.830000,10.740394,50.937992,20.090000,,34.270000,67.050003,64.815346,,7.830000,67.500000,157.287796,150.369995,55.099998,33.259998,33.320000,15.118074,73.307838,43.889999,,58.571430,21.995001,83.050003,33.569077,34.720001,34.119999,57.374580,24.530001,,,58.844955,49.892471,63.950001,24.743834,59.759998,48.330002,,43.919998,,43.419998,108.050003,,,30.900000,,57.806217,,34.650002,15.033333,69.250000,38.392624,
2006-08-15,2.333571,1245.000000,1.348500,52.419998,76.000000,51.799999,,66.459999,30.150000,10.855983,51.761295,20.450001,,34.299999,67.750000,65.387039,,7.940000,68.150002,159.060989,152.380005,55.810001,34.450001,35.000000,15.304269,73.518166,44.150002,,58.724831,22.120001,83.349998,33.997894,35.180000,33.700001,58.102009,24.549999,,,59.170216,50.394264,63.990002,24.829222,60.250000,48.830002,,45.630001,,44.799999,108.949997,,,31.440001,,58.308956,,35.840000,14.926667,69.900002,38.498024,,2.373214,1251.800049,1.388500,52.810001,76.580002,52.150002,,67.410004,30.049999,10.837238,51.052341,20.650000,,34.900002,66.860001,65.940865,,7.920000,68.830002,159.108917,152.649994,55.509998,34.439999,33.730000,15.435967,73.690247,45.040001,,58.590603,22.160000,83.260002,33.811451,35.500000,33.509998,58.344482,24.620001,,,59.405125,50.743729,63.590000,25.047438,60.439999,49.880001,,46.209999,,44.900002,109.889999,,,32.040001,,57.614262,,34.970001,14.850000,68.690002,38.866928,
2006-08-16,2.396429,1257.000000,1.398500,52.810001,77.199997,52.480000,,68.169998,29.950001,10.855983,51.212425,20.799999,,34.900002,67.000000,66.458954,,7.950000,69.000000,159.923630,153.949997,55.400002,34.549999,34.110001,15.531335,74.072655,45.439999,,58.820709,22.195000,83.680000,33.839417,35.590000,33.430000,58.779263,24.610001,,,59.721352,51.111111,63.450001,25.028463,60.380001,49.849998,,47.750000,,45.700001,111.010002,,,32.130001,,57.404022,,35.299999,14.850000,68.300003,38.998680,,2.427857,1260.199951,1.397500,53.029999,78.830002,52.299999,,69.110001,29.885000,10.665417,50.846516,21.100000,,34.410000,65.410004,67.370087,,8.260000,69.599998,161.553070,154.990005,55.630001,34.500000,34.310001,15.635786,75.611855,45.470001,,59.060402,22.165001,83.870003,34.473324,35.970001,33.360001,59.188965,24.700001,,,59.694244,51.173836,63.290001,25.379507,60.419998,51.029999,,47.900002,,45.540001,111.559998,,,32.820000,,57.605118,,35.230000,14.810000,67.570000,38.682476,
2006-08-17,2.428571,1260.199951,1.398000,53.029999,78.830002,52.070000,,69.110001,29.885000,10.646673,50.335762,20.990000,,34.419998,64.820000,67.370087,,8.260000,69.199997,161.505142,153.899994,55.230000,34.500000,34.040001,16.621252,75.458893,45.279999,,58.974113,22.080000,83.870003,34.473324,36.000000,33.259998,59.188965,24.700001,,,59.811699,51.442654,63.200001,25.398481,60.139999,50.689999,,47.880001,,45.540001,111.870003,,,32.820000,,56.581352,,35.340000,14.833333,67.180000,38.445324,,2.413929,1271.599976,1.454500,53.509998,78.589996,52.139999,,69.360001,29.510000,10.790378,50.526340,20.850000,,34.380001,66.150002,67.280762,,8.170000,69.070000,162.559479,154.449997,54.869999,34.720001,33.980000,15.962761,75.879539,45.459999,,58.686481,22.090000,83.580002,34.706379,36.240002,32.910000,59.531773,24.700001,,,59.947224,51.084229,62.660000,25.616697,60.340000,50.680000,,47.730000,,45.560001,112.370003,,,32.950001,,55.786106,,35.250000,14.876667,68.080002,38.629776,
2006-08-18,2.418214,1273.199951,1.454500,53.529999,78.680000,52.230000,,69.750000,29.540001,10.768510,50.594952,20.820000,,34.389999,66.349998,67.280762,,8.180000,69.080002,161.553070,154.449997,54.520000,34.759998,34.139999,16.017258,75.889099,45.680000,,58.753593,21.879999,83.330002,34.743668,36.240002,32.910000,59.799332,25.049999,,,59.856876,51.290321,62.619999,25.607210,60.349998,50.900002,,47.740002,,45.349998,112.500000,,,32.900002,,56.206581,,35.340000,14.906667,68.400002,38.603428,,2.425357,1278.000000,1.456000,53.259998,77.620003,52.490002,,68.309998,29.500000,10.796626,50.617821,20.860001,,33.869999,67.260002,67.316490,,8.000000,68.760002,162.942871,154.679993,54.439999,34.770000,34.000000,16.130791,76.386230,45.709999,,59.242569,22.155001,83.550003,34.678413,36.180000,32.560001,59.540134,25.790001,,,59.631001,51.272400,63.009998,25.664137,60.389999,51.090000,,47.560001,,45.450001,111.750000,,,33.090000,,56.526508,,35.139999,14.830000,69.099998,38.998680,
2006-08-21,2.403571,1278.000000,1.435000,53.259998,77.620003,52.360001,,68.250000,29.610001,10.724774,50.884628,20.610001,,33.639999,67.419998,67.298622,,7.780000,68.760002,162.942871,153.160004,54.860001,34.150002,33.709999,16.017258,76.013382,45.410000,,59.367210,22.174999,83.550003,34.436035,36.099998,32.560001,59.615383,25.660000,,,59.631001,51.308243,63.070000,25.407970,60.299999,50.709999,,46.959999,,45.040001,110.330002,,,32.770000,,57.376598,,35.119999,14.766667,69.300003,38.735180,,2.377143,1275.000000,1.406500,53.299999,76.629997,52.459999,,68.250000,29.629999,10.855983,50.976109,20.910000,,33.650002,66.889999,66.226707,,7.470000,68.690002,162.751175,153.830002,54.480000,34.299999,33.540001,15.844687,75.793503,45.459999,,59.443913,22.094999,83.620003,34.212303,35.709999,33.029999,59.464882,26.120001,,,59.513546,51.093189,63.299999,25.275143,60.779999,50.099998,,46.740002,,44.700001,110.139999,,,32.709999,,57.312614,,35.209999,14.696667,69.830002,38.656124,
2006-08-22,2.381429,1271.400024,1.407000,53.099998,77.000000,52.470001,,68.419998,29.700001,10.830990,50.846516,20.900000,,33.529999,66.599998,66.280304,,7.450000,68.750000,162.463623,154.360001,53.900002,34.349998,33.849998,15.849228,75.793503,45.270000,,59.348034,22.139999,83.849998,34.025860,35.709999,33.070000,59.473244,26.010000,,,59.676174,50.770611,63.240002,25.275143,60.720001,50.099998,,46.990002,,44.349998,110.959999,,,32.400002,,57.221207,,35.320000,14.733333,69.709999,38.682476,,2.415000,1262.199951,1.418500,53.090000,76.949997,52.500000,,68.500000,29.445000,10.940331,51.143818,21.240000,,33.000000,66.550003,66.798393,,7.420000,68.169998,162.751175,154.149994,54.180000,34.060001,33.900002,15.903724,75.478012,45.349998,,58.906998,22.205000,83.040001,34.277557,35.599998,32.750000,59.607021,25.620001,,,59.495476,51.030464,63.740002,25.597723,61.049999,50.360001,,47.099998,,44.830002,110.449997,,,32.490002,,57.998173,,34.880001,14.690000,70.209999,38.392624,
2006-08-23,2.428571,1260.000000,1.428000,53.000000,77.000000,52.490002,,68.750000,29.430000,10.949703,51.037094,21.200001,,33.000000,66.440002,66.798393,,7.610000,68.449997,161.744766,153.410004,54.200001,33.750000,34.020000,15.985468,75.478012,45.200001,,58.772770,22.165001,83.190002,34.277557,35.560001,32.790001,59.406357,25.650000,,,59.585827,50.860214,63.450001,25.502846,60.900002,50.240002,,46.880001,,44.990002,110.900002,,,32.400002,,57.669106,,34.889999,14.700000,70.080002,38.260872,,2.403929,1264.000000,1.407000,53.000000,76.360001,52.490002,,67.209999,29.610001,10.890347,50.305271,21.049999,,32.959999,65.680000,66.351761,,7.760000,67.400002,161.936462,152.699997,53.910000,33.650002,33.639999,16.012716,75.210327,45.520000,,59.165867,22.160000,84.320000,33.932640,35.590000,32.849998,58.812710,25.670000,,,59.603893,50.896057,64.070000,25.749525,60.919998,49.290001,,46.580002,,44.599998,110.209999,,,31.480000,,56.471664,,34.910000,14.586667,69.629997,38.998680,
2006-08-24,2.424643,1266.599976,1.412000,53.220001,76.849998,52.490002,,67.209999,29.645000,10.946579,50.038460,21.309999,,32.930000,65.680000,66.637611,,8.070000,67.650002,162.655319,153.550003,54.860001,33.619999,33.639999,16.017258,75.430206,45.700001,,59.204220,22.150000,84.300003,33.764839,35.590000,32.869999,58.946487,25.820000,,,59.558720,51.209679,64.000000,25.806452,60.880001,49.520000,,47.029999,,44.750000,109.760002,,,31.530001,,56.234005,,35.000000,14.646667,69.790001,38.998680,,2.421786,1260.000000,1.398500,53.130001,75.239998,52.509998,,65.500000,29.580000,10.921587,50.236660,21.090000,,32.900002,66.730003,65.619286,,7.760000,66.839996,162.223999,151.399994,54.880001,33.410000,33.369999,16.067211,75.889099,45.680000,,59.779484,22.254999,83.449997,33.923317,35.880001,33.180000,58.612041,25.740000,,,59.504509,51.146954,64.139999,25.844402,61.049999,48.730000,,46.540001,,44.590000,108.309998,,,31.520000,,57.193783,,35.209999,14.566667,70.720001,38.761528,
2006-08-25,2.405000,1256.000000,1.389500,53.000000,75.239998,52.189999,,65.500000,29.455000,10.880975,50.541588,21.030001,,32.950001,66.800003,65.833672,,7.970000,66.529999,161.600983,150.690002,54.299999,33.599998,33.189999,15.985468,75.717018,45.680000,,59.443913,22.225000,83.300003,33.746197,35.619999,33.070000,58.578594,25.709999,,,59.314774,50.761650,64.000000,25.730551,60.830002,48.529999,,46.369999,,44.029999,106.500000,,,31.270000,,57.541134,,35.099998,14.533333,70.720001,38.656124,,2.455357,1263.000000,1.401500,52.919998,73.930000,52.130001,,65.989998,29.395000,11.074664,50.541588,21.049999,,32.959999,66.769997,65.869400,,8.000000,67.360001,162.176086,150.070007,54.549999,33.480000,33.080002,15.999092,76.367111,45.520000,,59.146690,22.260000,83.080002,33.559753,35.230000,32.869999,58.461536,25.850000,,,59.088902,50.734768,64.180000,25.834915,60.869999,48.450001,,46.480000,,44.220001,106.120003,,,31.440001,,57.038391,,34.900002,14.626667,70.430000,38.498024,
2006-08-28,2.446429,1270.000000,1.420000,52.830002,74.040001,52.119999,,66.129997,29.475000,11.046548,50.122314,20.959999,,32.970001,66.309998,65.905128,,8.100000,67.099998,161.505142,148.250000,54.680000,33.500000,33.139999,15.849228,76.395790,45.400002,,58.964523,22.260000,83.000000,33.438564,35.150002,32.950001,58.319397,25.840000,,,59.206356,50.913979,63.869999,25.759012,60.419998,48.299999,,46.980000,,44.410000,105.900002,,,31.480000,,55.987202,,35.000000,14.733333,70.050003,38.524372,,2.392143,1270.400024,1.445500,52.939999,74.720001,52.189999,,66.070000,29.445000,11.080912,50.084198,21.410000,,33.470001,66.160004,65.690750,,8.050000,67.389999,162.607407,149.529999,55.080002,33.689999,33.400002,16.021797,76.787766,46.020000,,59.616489,22.355000,83.919998,34.072472,35.810001,33.029999,59.314381,25.950001,,,59.540649,51.057346,65.000000,26.129032,60.980000,49.299999,,47.400002,,44.700001,107.139999,,,31.760000,,55.201096,,35.119999,14.810000,70.099998,38.708828,
2006-08-29,2.392500,1269.000000,1.448500,53.000000,75.959999,52.270000,,66.269997,29.375000,11.109028,50.000343,21.340000,,33.500000,65.970001,65.869400,,8.060000,67.949997,162.463623,149.600006,55.680000,33.820000,33.619999,16.044504,76.539200,45.880001,,59.616489,22.340000,83.870003,33.979252,35.810001,33.000000,59.314381,25.920000,,,59.423195,51.344086,64.860001,26.081594,61.000000,49.160000,,47.720001,,44.950001,108.339996,,,31.900000,,54.826324,,35.130001,14.883333,69.720001,38.603428,,2.374286,1272.000000,1.476000,52.549999,73.779999,52.290001,,65.449997,29.725000,11.002812,49.314259,21.680000,,33.680000,65.739998,67.102104,,8.260000,67.989998,163.853439,147.089996,55.799999,34.090000,33.880001,16.239782,77.820267,45.970001,,60.565678,22.570000,83.080002,34.547901,36.080002,33.439999,59.874580,25.840000,,,59.621964,51.523296,65.809998,26.185959,61.200001,49.639999,,47.720001,,45.040001,108.029999,,,32.299999,,54.744061,,34.849998,14.830000,69.410004,38.814228,
2006-08-30,2.405000,1267.599976,1.478500,52.680000,74.000000,51.860001,,65.099998,29.650000,10.971571,49.367619,21.639999,,33.830002,65.750000,67.280762,,8.270000,67.800003,163.901352,147.199997,56.910000,34.139999,33.500000,16.176203,77.686424,45.889999,,60.651966,22.610001,82.110001,34.482647,36.169998,33.540001,60.200668,25.850000,,,60.037575,51.711472,65.489998,26.185959,61.450001,49.740002,,48.070000,,45.119999,107.400002,,,32.340000,,54.753201,,34.779999,14.876667,69.430000,38.945984,,2.391429,1271.000000,1.533500,52.470001,75.019997,51.700001,,65.059998,29.825001,10.899719,48.407101,21.670000,,33.950001,65.190002,67.709526,,8.270000,67.599998,164.236832,147.059998,57.009998,34.119999,33.599998,16.348774,77.648186,45.730000,,60.047939,22.480000,82.260002,34.575867,36.150002,33.740002,59.732441,25.799999,,,60.164066,51.675629,65.639999,26.309298,61.750000,49.849998,,48.259998,,45.009998,107.550003,,,32.680000,,53.500916,,34.689999,14.873333,68.300003,38.919632,
2006-08-31,2.402857,1274.000000,1.537500,52.299999,74.750000,51.820000,,65.300003,29.764999,10.934083,48.376610,21.650000,,33.950001,65.190002,67.852448,,8.250000,67.559998,164.332672,147.070007,56.799999,34.110001,33.889999,16.257948,77.724663,45.700001,,60.767017,22.559999,81.849998,34.585190,36.160000,33.900002,60.033443,25.870001,,,60.389938,51.362007,65.400002,26.309298,61.570000,49.700001,,48.150002,,45.200001,108.250000,,,32.849998,,53.382084,,34.889999,14.976667,68.050003,38.919632,,2.423214,1276.400024,1.541500,52.540001,74.900002,51.470001,,66.349998,29.930000,10.946579,48.353741,21.990000,,33.549999,64.400002,68.120430,,8.370000,67.550003,163.230423,148.649994,56.779999,34.290001,33.880001,16.603088,77.409180,45.660000,,60.882072,22.405001,82.599998,35.107231,35.900002,33.910000,59.949833,25.700001,,,60.362835,51.182796,65.279999,26.148008,61.900002,49.419998,,47.740002,,44.950001,108.339996,,,32.590000,,52.468006,,34.750000,14.906667,67.669998,39.025032,
2006-09-01,2.445714,1285.000000,1.542500,52.560001,75.000000,51.830002,,66.669998,30.160000,11.037176,48.788261,22.049999,,33.779999,64.720001,68.638527,,8.420000,67.529999,163.805511,148.699997,56.599998,34.299999,33.950001,16.621252,77.562141,45.849998,,60.786194,22.490000,83.570000,35.023331,36.250000,33.830002,59.983276,25.889999,,,60.362835,51.066307,65.720001,26.366224,61.990002,49.669998,,47.730000,,45.279999,108.300003,,,32.450001,,52.550274,,34.880001,15.000000,67.849998,39.235836,,2.442143,1282.599976,1.588000,52.549999,75.430000,51.660000,,67.269997,30.325001,11.015308,48.971214,22.270000,,33.959999,64.830002,68.567062,,8.270000,68.160004,163.613815,149.139999,56.759998,34.639999,34.000000,16.589464,77.829826,45.730000,,61.629913,22.535000,83.680000,34.855534,36.759998,34.020000,59.966557,25.840000,,,60.733269,51.379929,65.410004,26.527514,61.910000,50.250000,,47.610001,,45.369999,108.480003,,,31.930000,,52.806217,,34.820000,15.150000,68.099998,39.288540,
2006-09-05,2.463214,1283.800049,1.580500,52.150002,75.750000,51.619999,,68.849998,30.375000,10.974695,48.826378,22.129999,,34.400002,65.730003,68.442001,,8.280000,68.500000,163.326263,149.750000,56.060001,34.650002,34.040001,16.575840,77.619499,45.639999,,61.361458,22.504999,83.800003,34.967400,36.549999,34.000000,59.983276,25.690001,,,60.959145,50.896057,65.199997,26.442125,61.500000,50.180000,,47.900002,,44.549999,109.160004,,,31.700001,,52.010967,,34.860001,15.236667,67.680000,39.262188,,2.552857,1284.599976,1.611500,52.650002,75.360001,51.750000,,69.680000,30.385000,10.946579,49.001709,22.090000,,34.480000,66.339996,68.048965,,8.390000,69.190002,162.799103,151.279999,56.439999,34.770000,34.020000,16.557674,77.294456,45.799999,,61.562801,22.490000,83.699997,35.051296,36.650002,33.849998,59.657192,25.610001,,,61.663876,51.120071,65.199997,26.413662,61.560001,50.180000,,48.160000,,44.790001,109.139999,,,32.029999,,50.959782,,34.830002,15.190000,68.480003,39.183136,
2006-09-06,2.538571,1276.400024,1.588000,52.400002,75.360001,51.500000,,69.010002,30.325001,10.918463,48.559566,21.790001,,34.480000,66.089996,67.888184,,8.640000,69.129997,162.319855,150.649994,55.790001,34.369999,34.220001,16.303362,76.759079,45.650002,,60.738255,22.305000,83.699997,34.697056,36.349998,33.849998,59.657192,25.510000,,,61.663876,50.358421,64.930000,26.461102,61.560001,49.750000,,47.240002,,44.060001,108.000000,,,31.590000,,49.661793,,34.830002,15.146667,68.489998,38.840580,,2.501071,1280.000000,1.540000,52.320000,74.440002,51.650002,,69.129997,30.665001,10.837238,47.088295,21.690001,,34.669998,65.220001,66.744804,,8.550000,69.059998,162.703247,150.669998,55.650002,34.169998,33.919998,16.276114,76.749519,45.880001,,61.179291,22.350000,83.250000,34.622478,36.220001,33.500000,59.782608,25.610001,,,61.790363,50.483871,64.930000,26.299810,61.439999,49.250000,,46.849998,,43.959999,107.339996,,,31.150000,,48.464352,,35.040001,15.133333,67.180000,39.341236,
2006-09-07,2.521429,1280.000000,1.528500,52.080002,74.440002,51.639999,,68.449997,30.635000,10.802874,46.920586,21.530001,,34.669998,65.010002,66.619743,,8.560000,69.199997,162.223999,150.100006,54.860001,33.950001,32.509998,16.099001,76.386230,45.889999,,61.227230,22.325001,83.349998,34.445358,36.119999,33.259998,59.782608,25.480000,,,61.989136,50.143368,64.309998,26.233397,61.889999,48.849998,,46.320000,,43.439999,106.800003,,,30.559999,,48.455212,,35.040001,15.133333,67.000000,39.341236,,2.600000,1278.000000,1.486500,52.299999,72.870003,51.509998,,67.760002,30.340000,10.921587,46.897717,21.540001,,35.110001,65.400002,65.940865,,8.580000,68.980003,163.134567,148.570007,54.759998,34.340000,33.299999,16.085377,75.908218,45.200001,,61.342281,22.245001,83.500000,34.603832,36.520000,33.509998,59.021740,25.430000,,,61.438000,50.017921,64.220001,26.043644,61.529999,48.740002,,46.259998,,43.509998,106.160004,,,30.500000,,48.711151,,34.669998,15.180000,67.690002,38.656124,
2006-09-08,2.620357,1279.000000,1.509500,51.509998,73.300003,51.400002,,68.099998,30.430000,10.909091,46.790989,21.639999,,35.630001,65.400002,66.387497,,8.650000,69.250000,162.463623,151.000000,54.910000,34.470001,33.099998,15.994550,76.099426,45.000000,,61.351871,22.215000,83.599998,34.697056,36.689999,33.470001,59.155518,25.530001,,,61.573524,50.125446,65.029999,25.996204,62.340000,48.990002,,45.869999,,43.000000,106.980003,,,30.700001,,48.711151,,35.099998,15.230000,67.690002,38.735180,,2.590000,1284.800049,1.525500,52.619999,72.800003,51.660000,,67.320000,30.379999,10.902843,45.998180,21.750000,,35.500000,64.220001,66.923454,,8.770000,69.370003,162.990799,149.800003,55.080002,34.279999,33.169998,16.425976,77.112808,45.259998,,61.361458,22.299999,83.419998,34.976723,37.500000,33.639999,59.790970,25.600000,,,61.483173,50.322582,64.730003,26.176472,61.139999,48.970001,,46.279999,,43.000000,106.360001,,,31.000000,,47.303474,,34.980000,15.573333,66.809998,39.262188,
2006-09-11,2.586786,1285.000000,1.511500,52.500000,72.129997,51.099998,,67.010002,30.350000,10.862231,45.548412,21.559999,,35.570000,63.630001,66.744804,,8.780000,69.010002,162.223999,149.250000,54.980000,34.279999,32.730000,16.235241,77.055450,45.590000,,61.649090,22.150000,83.099998,34.976723,37.599998,33.720001,59.799332,25.430000,,,61.672909,50.573479,64.470001,26.091082,61.099998,48.939999,,45.950001,,42.669998,105.010002,,,30.620001,,46.526508,,35.099998,15.566667,66.360001,39.288540,,2.589286,1294.400024,1.539500,52.480000,73.820000,51.180000,,65.510002,31.025000,10.846610,44.824215,21.959999,,35.860001,62.000000,65.905128,,8.710000,69.739998,165.003616,151.000000,55.250000,35.060001,32.230000,16.512262,77.370934,45.389999,,62.492809,22.275000,82.760002,35.293674,37.119999,33.770000,59.657192,25.910000,,,62.233082,50.824371,64.720001,26.451612,61.919998,49.049999,,46.410000,,43.009998,104.660004,,,31.780001,,46.535648,,35.040001,15.830000,64.940002,39.130436,
2006-09-12,2.600357,1298.000000,1.543500,52.580002,73.790001,51.290001,,65.750000,31.049999,10.849734,44.938560,21.969999,,36.119999,62.000000,65.619286,,8.700000,69.690002,165.003616,154.750000,56.000000,35.200001,32.049999,16.444141,77.571701,45.389999,,62.368168,22.235001,82.750000,35.293674,37.400002,33.779999,59.933109,25.900000,,,62.251148,51.066307,64.940002,26.537003,61.919998,49.099998,,47.419998,,43.529999,105.349998,,,31.440001,,46.352833,,35.189999,15.883333,65.250000,39.314888,,2.593929,1300.000000,1.586000,52.610001,74.260002,51.700001,,65.150002,31.150000,10.937207,44.321087,22.650000,,35.950001,61.389999,67.245026,,9.060000,69.290001,166.153809,158.289993,56.459999,36.660000,32.369999,16.766577,78.661568,46.009998,,62.876320,22.389999,81.699997,36.365723,38.200001,33.880001,60.677258,25.930000,,,61.465103,51.129032,65.199997,26.802656,61.849998,52.080002,,47.910000,,44.009998,106.080002,,,32.500000,,46.910419,,35.340000,16.023333,64.699997,39.499340,
2006-09-13,2.601786,1301.000000,1.586500,52.689999,74.360001,51.700001,,65.160004,30.945000,10.865355,44.488792,22.620001,,35.799999,61.610001,67.441551,,9.210000,69.199997,166.297577,157.699997,55.779999,36.700001,32.049999,16.689373,78.632889,46.009998,,62.876320,22.389999,81.669998,36.207245,37.799999,33.939999,60.702339,25.820000,,,61.438000,51.200718,64.750000,26.688805,61.830002,52.250000,,48.250000,,43.549999,105.639999,,,32.130001,,47.120659,,35.330002,15.983333,64.820000,39.552040,,2.650000,1305.000000,1.583500,53.410000,76.320000,51.900002,,66.330002,30.629999,10.827866,45.098648,22.650000,,34.860001,62.389999,68.138298,,9.190000,69.190002,166.968521,160.860001,55.799999,37.169998,32.259998,16.516804,78.594643,46.400002,,62.224354,22.305000,82.239998,36.393688,37.840000,33.549999,61.346153,25.980000,,,61.320545,51.191757,64.639999,26.745731,60.560001,53.290001,,48.459999,,43.849998,106.239998,,,32.049999,,47.906765,,35.480000,16.026667,65.360001,39.525692,
2006-09-14,2.632857,1302.000000,1.577000,53.419998,75.070000,51.599998,,66.330002,30.400000,10.784130,45.357834,22.549999,,34.630001,62.459999,68.156158,,8.970000,68.870003,165.578705,159.750000,55.430000,36.799999,32.700001,16.371481,78.298279,46.410000,,62.176414,22.209999,82.250000,36.356400,37.650002,33.700001,61.371239,25.990000,,,61.166950,51.245522,64.639999,26.622391,60.049999,53.200001,,48.349998,,43.400002,106.860001,,,31.760000,,47.979889,,35.480000,15.946667,65.209999,39.262188,,2.648929,1306.599976,1.582500,53.480000,75.010002,51.930000,,65.510002,30.889999,10.737270,44.549782,22.700001,,35.130001,62.049999,69.120888,,9.090000,70.879997,166.680969,162.520004,55.400002,37.220001,32.799999,16.462307,78.843208,46.500000,,62.138062,22.290001,82.760002,36.020802,37.330002,34.040001,61.479935,26.330000,,,61.790363,51.173836,64.550003,26.755219,60.770000,52.169998,,48.619999,,43.380001,106.650002,,,31.629999,,46.234005,,35.639999,16.123333,64.709999,39.262188,
2006-09-15,2.664286,1313.000000,1.595000,53.880001,75.559998,52.000000,,66.300003,30.950001,10.781006,44.595520,22.860001,,35.349998,62.060001,69.496056,,8.480000,71.230003,167.256058,162.500000,55.000000,37.419998,32.549999,16.566757,79.550667,46.860001,,61.994247,22.350000,83.050003,36.076736,37.549999,33.939999,62.081940,26.580000,,,62.151764,51.048386,64.699997,26.783682,61.099998,53.349998,,48.919998,,43.299999,106.550003,,,31.950001,,45.886654,,35.919998,16.213333,64.900002,39.420292,,2.646429,1314.400024,1.626000,53.750000,75.010002,51.450001,,65.430000,31.070000,10.765386,44.290592,22.719999,,34.740002,61.790001,68.906502,,8.020000,71.690002,167.016449,162.710007,55.349998,37.220001,32.419998,16.430517,79.292542,46.950001,,62.617451,22.299999,83.000000,36.048767,37.730000,33.980000,61.989967,26.850000,,,61.654839,51.129032,65.029999,26.603416,60.900002,52.169998,,48.639999,,42.970001,106.160004,,,31.930000,,45.914078,,35.869999,16.073334,64.650002,39.130436,
2006-09-18,2.635714,1314.400024,1.622500,53.520000,75.099998,51.389999,,65.510002,31.174999,10.721649,44.633633,22.770000,,34.889999,62.000000,69.049423,,7.970000,71.690002,166.057953,162.020004,55.029999,36.500000,32.220001,16.348774,78.929253,46.700001,,62.396931,22.260000,83.250000,36.104702,37.730000,34.060001,61.989967,26.740000,,,61.618698,50.878136,64.889999,26.546490,60.730000,52.020000,,48.360001,,42.650002,106.309998,,,31.690001,,46.297989,,35.770000,16.006666,64.900002,38.893280,,2.638929,1311.000000,1.604000,53.490002,75.209999,51.779999,,66.989998,30.959999,10.677913,45.030041,22.840000,,34.720001,62.849998,69.228081,,7.820000,70.699997,167.112289,163.220001,55.580002,36.580002,32.570000,16.530428,78.623329,46.580002,,62.090126,22.219999,81.849998,36.058090,37.419998,34.090000,61.780937,26.790001,,,61.582561,51.397850,64.480003,26.717268,60.500000,52.150002,,48.750000,,43.320000,106.400002,,,32.349998,,47.851921,,35.779999,16.033333,66.300003,39.446640,
2006-09-19,2.646429,1311.000000,1.612000,53.410000,75.349998,51.880001,,67.550003,30.875000,10.734146,45.449314,22.799999,,34.900002,63.009998,69.228081,,7.900000,70.209999,167.016449,163.080002,54.419998,36.700001,32.840000,16.430517,78.365204,46.730000,,61.936722,22.270000,81.589996,36.188602,37.529999,33.980000,62.525085,26.740000,,,61.347649,51.075268,64.470001,26.707781,60.320000,51.950001,,48.290001,,43.250000,106.559998,,,32.099998,,48.098721,,35.849998,16.080000,66.489998,39.209484,,2.634643,1311.800049,1.579000,53.410000,74.870003,52.029999,,66.559998,30.920000,10.781006,44.443054,22.760000,,34.790001,61.889999,68.763580,,7.660000,70.540001,167.016449,163.389999,54.320000,36.279999,32.549999,16.507721,78.269600,46.799999,,62.790028,22.190001,82.230003,36.179279,37.580002,34.009998,61.245819,26.860001,,,61.401859,51.209679,64.769997,26.755219,60.910000,51.700001,,47.860001,,43.240002,106.360001,,,31.799999,,45.795246,,35.970001,16.166668,65.500000,39.420292,
2006-09-20,2.656429,1313.000000,1.590500,53.680000,75.510002,52.180000,,66.949997,30.900000,10.812246,44.420185,22.950001,,35.000000,61.900002,69.406731,,7.710000,71.129997,167.112289,164.630005,54.040001,36.439999,32.900002,16.507721,78.747612,46.950001,,62.703739,22.215000,82.650002,36.403011,37.779999,34.119999,61.287624,27.010000,,,61.618698,51.612904,65.029999,26.717268,61.099998,51.799999,,48.889999,,43.400002,107.339996,,,32.099998,,45.621571,,36.000000,16.256666,65.510002,39.657444,,2.687857,1311.599976,1.606000,54.259998,76.190002,52.490002,,65.879997,30.924999,10.949703,43.642624,23.270000,,35.430000,60.880001,69.496056,,7.750000,71.379997,167.831161,166.600006,54.049999,36.380001,32.910000,16.702997,79.751434,47.220001,,62.377754,22.225000,82.849998,36.542843,37.779999,34.090000,61.387959,27.180000,,,61.573524,51.980286,65.120003,27.011385,61.630001,52.439999,,49.029999,,43.910000,107.290001,,,32.340000,,44.232178,,36.299999,16.290001,64.110001,40.790516,
2006-09-21,2.687500,1310.000000,1.612000,54.119999,77.050003,52.630001,,66.370003,31.070000,10.934083,43.833202,23.350000,,34.650002,61.080002,69.692574,,7.820000,71.400002,167.256058,167.500000,54.410000,36.450001,32.950001,16.371481,78.977058,47.080002,,62.272289,22.225000,82.849998,36.691998,37.880001,34.160000,61.663879,27.240000,,,61.582561,51.971325,65.120003,27.011385,61.810001,52.540001,,49.330002,,44.169998,108.959999,,,32.310001,,44.341866,,36.410000,16.290001,64.300003,40.579708,,2.666071,1307.800049,1.511000,54.240002,76.110001,52.240002,,64.540001,30.875000,10.996564,44.374447,23.010000,,32.470001,62.049999,68.388412,,7.760000,71.500000,165.051544,167.149994,54.000000,35.849998,33.070000,15.835604,78.021034,46.810001,,62.233940,22.100000,82.519997,36.496231,38.340000,33.970001,61.128761,26.900000,,,61.320545,51.980286,64.610001,26.764706,61.740002,51.070000,,49.020000,,44.290001,108.029999,,,31.469999,,44.990860,,36.099998,16.153334,64.779999,40.685112,
2006-09-22,2.653571,1307.800049,1.511000,54.119999,76.199997,52.290001,,64.540001,30.850000,11.030928,44.786098,22.850000,,32.750000,62.299999,68.156158,,7.810000,71.500000,164.668152,166.949997,54.070000,35.869999,33.080002,15.622162,78.154877,46.700001,,62.003834,22.049999,82.730003,36.496231,38.290001,34.099998,61.287624,26.830000,,,61.392826,52.204300,64.480003,26.764706,61.650002,51.139999,,48.939999,,44.099998,107.800003,,,31.850000,,45.365631,,36.279999,15.943333,65.279999,40.447960,,2.607143,1301.000000,1.542000,54.110001,77.250000,52.430000,,62.770000,30.799999,10.971571,44.244854,22.879999,,33.029999,61.939999,68.817177,,8.000000,70.610001,164.859848,167.520004,53.990002,35.959999,32.680000,15.944596,77.638626,46.820000,,62.233940,21.995001,82.849998,35.880970,38.209999,34.250000,61.095318,26.660000,,,61.130810,52.320789,64.279999,26.717268,61.810001,50.869999,,48.639999,,43.950001,107.010002,,,32.009998,,44.049358,,36.009998,16.096666,64.910004,40.289856,
2006-09-25,2.636071,1312.000000,1.552500,54.490002,77.699997,52.720001,,62.970001,31.049999,11.059044,43.718857,22.969999,,32.779999,61.459999,69.353134,,8.000000,71.190002,164.524368,167.899994,54.200001,35.959999,32.950001,15.985468,78.059273,47.110001,,62.416107,22.084999,82.930000,35.871647,38.200001,34.160000,61.187290,26.809999,,,60.950111,52.132614,64.639999,26.840607,61.570000,51.099998,,48.400002,,44.270000,107.739998,,,32.240002,,43.482632,,36.290001,16.083332,64.599998,40.553360,,2.705357,1320.000000,1.589500,54.939999,77.709999,52.970001,,64.330002,31.105000,11.430803,43.688362,23.230000,,31.100000,62.180000,69.835503,,8.150000,71.120003,167.208145,168.690002,54.310001,36.580002,33.099998,16.217075,78.393883,46.910000,,62.454456,22.200001,84.900002,36.235210,38.849998,35.299999,61.622074,26.950001,,,61.456070,52.060932,65.070000,26.897533,62.290001,51.590000,,48.740002,,44.389999,108.480003,,,32.740002,,44.012798,,36.369999,16.273333,65.059998,40.843216,
2006-09-26,2.720714,1324.000000,1.594500,54.849998,78.150002,52.970001,,64.360001,31.080000,11.324586,43.833202,23.129999,,31.500000,62.180000,70.032021,,8.210000,71.540001,167.256058,167.940002,54.110001,36.299999,32.790001,16.267031,78.298279,46.910000,,62.320229,22.235001,85.150002,36.169956,38.610001,35.080002,61.956524,26.910000,,,61.302475,52.123657,65.320000,26.821632,62.029999,51.590000,,49.130001,,44.459999,107.449997,,,32.740002,,43.875687,,36.480000,16.309999,65.059998,40.685112,,2.771786,1329.599976,1.625000,55.959999,79.000000,53.480000,,65.900002,31.180000,11.330834,44.557404,23.500000,,31.650000,63.590000,70.925285,,8.410000,72.059998,169.843979,168.679993,54.400002,36.619999,32.919998,16.212534,78.871895,46.900002,,62.598274,22.320000,85.440002,36.058090,39.060001,35.700001,62.500000,27.200001,,,61.410896,52.338711,65.430000,26.944971,62.480000,52.700001,,49.270000,,44.400002,108.199997,,,33.220001,,45.365631,,36.459999,16.416668,66.430000,41.396572,
2006-09-27,2.756071,1330.000000,1.614000,55.840000,79.169998,53.299999,,65.900002,31.065001,11.274602,44.976677,23.309999,,31.790001,63.840000,70.121346,,8.500000,72.050003,169.316818,168.929993,53.950001,36.590000,33.000000,16.076294,78.393883,46.790001,,62.598274,22.275000,85.349998,36.058090,39.430000,35.700001,62.583611,27.180000,,,61.501244,52.177418,65.199997,26.802656,62.480000,52.580002,,49.470001,,43.849998,108.199997,,,33.080002,,47.074955,,36.450001,16.353333,66.680000,40.974968,,2.728929,1325.800049,1.616500,56.029999,79.410004,53.240002,,65.680000,31.020000,11.408935,45.052910,23.350000,,32.349998,64.199997,70.032021,,8.000000,71.449997,169.364731,169.000000,53.790001,36.459999,33.070000,16.071753,78.479927,46.840000,,62.272289,22.355000,85.139999,36.030125,39.820000,36.000000,62.416389,27.440001,,,61.672909,52.482079,65.910004,26.954458,62.730000,53.750000,,49.770000,,44.070000,108.599998,,,33.270000,,47.413162,,36.180000,16.500000,67.129997,40.553360,
2006-09-28,2.750714,1325.599976,1.613500,55.880001,79.570000,53.330002,,65.639999,31.049999,11.393315,45.243488,23.230000,,32.340000,64.110001,70.103477,,8.080000,71.849998,169.652283,168.949997,53.540001,36.360001,33.200001,15.985468,78.250481,47.000000,,61.965485,22.405001,85.400002,36.188602,39.759998,36.000000,62.374580,27.469999,,,61.573524,52.679211,65.769997,26.888046,62.410000,53.799999,,50.169998,,44.439999,108.800003,,,33.380001,,47.531994,,36.250000,16.500000,67.129997,40.579708,,2.750357,1324.800049,1.592000,55.990002,79.279999,53.520000,,66.589996,31.285000,11.430803,44.923313,23.480000,,32.279999,64.529999,70.049881,,8.160000,72.410004,170.035675,170.000000,53.549999,36.700001,33.320000,16.335150,78.384323,47.150002,,62.511986,22.475000,85.599998,35.871647,39.590000,35.849998,62.374580,27.400000,,,61.627735,52.804661,65.300003,26.850096,62.259998,53.220001,,50.080002,,44.450001,109.120003,,,33.889999,,46.873856,,36.119999,16.603333,67.459999,40.579708,
2006-09-29,2.753929,1326.400024,1.600500,55.799999,79.500000,53.580002,,67.000000,31.209999,11.399563,44.976677,23.440001,,32.250000,64.400002,70.371460,,8.250000,72.300003,169.748138,170.050003,53.160000,36.480000,33.360001,16.575840,78.298279,47.150002,,62.444870,22.395000,86.449997,35.797070,39.549999,35.310001,62.374580,27.350000,,,61.483173,52.267025,65.050003,26.935484,62.130001,52.599998,,49.570000,,44.459999,109.230003,,,33.549999,,46.855576,,36.150002,16.536667,67.180000,40.764164,,2.749286,1325.199951,1.606000,56.080002,78.849998,53.570000,,65.800003,31.049999,11.527648,45.380707,22.980000,,32.119999,64.860001,69.638985,,8.090000,71.669998,169.173035,169.169998,53.230000,36.270000,33.630001,16.662125,78.336517,46.959999,,62.665386,22.340000,86.059998,36.020802,39.119999,35.660000,62.224079,27.350000,,,61.501244,52.365589,65.260002,26.907021,61.980000,51.680000,,49.500000,,44.470001,108.900002,,,33.250000,,47.047531,,36.180000,16.440001,67.099998,41.001320,
2006-10-02,2.682143,1326.000000,1.599000,56.080002,79.349998,53.529999,,65.449997,31.150000,11.577632,45.525543,23.049999,,32.009998,64.900002,69.638985,,8.100000,72.669998,169.652283,168.509995,53.959999,36.180000,34.450001,16.730246,78.164436,46.959999,,62.588688,22.450001,86.400002,36.216568,39.119999,35.650002,62.458195,27.320000,,,61.799400,52.732975,65.190002,26.755219,61.990002,51.849998,,49.029999,,44.869999,109.699997,,,33.119999,,46.919559,,36.320000,16.206667,67.290001,40.816864,,2.673571,1326.000000,1.543500,55.180000,79.970001,53.619999,,65.360001,31.205000,11.337082,44.633633,22.980000,,31.920000,64.510002,69.281677,,8.130000,73.449997,170.131531,170.690002,54.310001,36.340000,34.610001,17.102634,78.269600,46.869999,,62.569511,22.250000,86.949997,36.449619,39.509998,35.299999,61.530102,27.360001,,,62.657726,52.491039,64.330002,26.859583,62.040001,51.500000,,49.110001,,44.720001,110.500000,,,32.959999,,46.563072,,36.049999,16.146667,67.000000,40.500660,
2006-10-03,2.658929,1328.000000,1.545000,55.189999,79.980003,53.630001,,65.370003,31.100000,11.399563,44.023781,22.870001,,31.820000,64.000000,68.602791,,8.160000,73.660004,170.179459,170.440002,54.720001,36.389999,34.410000,16.893732,78.279160,46.950001,,62.636623,22.250000,86.959999,36.356400,39.619999,35.430000,61.254181,27.370001,,,62.612549,52.383514,64.250000,26.840607,61.889999,51.400002,,48.990002,,44.720001,110.110001,,,32.619999,,45.795246,,36.049999,16.153334,66.400002,40.553360,,2.645714,1333.800049,1.585000,55.990002,81.779999,54.410000,,65.110001,31.030001,11.568260,42.712597,23.410000,,31.750000,62.939999,68.977966,,8.230000,74.139999,171.137939,174.199997,55.040001,36.830002,34.709999,16.993643,78.059273,47.750000,,62.703739,22.280001,86.800003,35.386894,39.680000,35.330002,61.897991,27.370001,,,62.440884,52.500000,64.660004,26.954458,62.299999,51.459999,,49.279999,,44.730000,111.029999,,,32.250000,,44.031078,,36.490002,16.486668,65.410004,40.579708,
2006-10-04,2.646429,1333.800049,1.587500,56.000000,82.500000,54.290001,,63.810001,30.950001,11.512027,42.788830,23.280001,,31.559999,63.250000,68.709984,,8.120000,74.440002,170.946243,173.309998,54.540001,36.770000,34.450001,16.848320,78.059273,47.049999,,62.559921,21.895000,86.800003,35.386894,39.830002,35.230000,61.897991,27.389999,,,62.034309,52.043011,64.809998,26.954458,62.080002,51.290001,,49.410000,,44.230000,111.900002,,,31.980000,,44.378429,,36.279999,16.103333,65.489998,40.368904,,2.692143,1343.000000,1.638000,56.560001,83.959999,54.820000,,65.540001,31.200001,11.674477,43.284332,23.930000,,32.150002,63.700001,68.709984,,8.560000,74.800003,173.006989,176.559998,54.900002,37.490002,34.869999,17.266123,79.445503,47.490002,,63.480347,22.400000,87.879997,35.731815,40.000000,35.610001,62.600334,27.940001,,,62.730003,52.446236,64.910004,26.878557,63.340000,53.029999,,50.900002,,44.610001,113.629997,,,32.160000,,45.795246,,36.630001,16.516666,66.610001,41.475628,
2006-10-05,2.661786,1344.000000,1.634000,56.279999,83.970001,54.560001,,65.400002,31.125000,11.624492,43.779839,23.910000,,31.930000,64.129997,68.424141,,8.480000,74.790001,172.575668,176.520004,54.060001,37.419998,34.900002,17.084469,79.168259,47.290001,,63.279003,22.360001,87.879997,35.731815,39.959999,35.560001,62.709030,27.920000,,,62.449921,52.051971,64.599998,26.783682,63.230000,52.950001,,50.860001,,44.410000,116.000000,,,32.080002,,46.709324,,36.599998,16.490000,67.260002,41.159420,,2.672500,1344.800049,1.666000,56.650002,83.620003,54.520000,,68.239998,31.445000,11.468291,44.122883,23.900000,,30.930000,63.880001,69.031563,,8.330000,74.959999,173.917557,175.500000,53.950001,37.259998,35.009998,17.184378,79.273422,47.410000,,63.489933,22.415001,87.760002,38.080997,39.799999,35.439999,63.478260,27.920000,,,62.404743,52.240143,64.779999,26.555977,63.520000,53.840000,,50.840000,,44.599998,115.370003,,,31.600000,,45.850090,,36.509998,16.136667,67.320000,41.080368,
2006-10-06,2.657857,1345.000000,1.657500,56.250000,83.620003,54.349998,,67.510002,31.350000,11.465167,44.138130,23.790001,,30.889999,63.520000,68.602791,,8.340000,74.959999,172.911148,174.320007,54.669998,37.060001,34.759998,17.052679,79.282982,47.099998,,63.279003,22.410000,87.199997,37.829300,39.959999,35.490002,63.503345,27.760000,,,62.205975,51.738350,64.559998,26.442125,63.150002,53.650002,,50.430000,,43.259998,114.540001,,,31.049999,,45.795246,,36.369999,16.139999,67.000000,41.001320,,2.650714,1340.400024,1.629500,56.590000,83.680000,54.240002,,68.050003,31.325001,11.599500,44.221985,24.090000,,29.320000,63.660000,69.549652,,8.310000,75.360001,173.198685,175.649994,54.310001,37.139999,34.590000,17.129883,79.483749,46.860001,,63.374882,22.379999,87.379997,37.614891,40.110001,35.669998,63.503345,27.870001,,,61.799400,51.872761,64.419998,26.470589,63.090000,53.230000,,50.889999,,43.450001,114.209999,,,31.309999,,46.288849,,36.340000,16.106667,67.519997,41.317524,
2006-10-09,2.635714,1340.599976,1.624500,56.450001,83.690002,54.080002,,67.800003,31.125000,11.574508,44.709866,24.250000,,29.190001,64.019997,69.567520,,8.300000,75.440002,173.198685,175.399994,54.480000,36.810001,34.599998,17.061762,79.483749,46.860001,,63.173538,22.275000,87.500000,37.614891,40.150002,35.490002,63.177258,27.799999,,,61.998169,51.827957,64.300003,26.356735,62.779999,53.099998,,50.619999,,43.250000,114.029999,,,31.120001,,46.800732,,36.259998,16.063334,67.760002,41.343876,,2.665357,1336.199951,1.669000,56.520000,82.650002,54.509998,,68.900002,31.309999,11.765073,43.810333,24.309999,,29.719999,63.240002,70.371460,,8.190000,74.820000,173.294540,177.449997,54.330002,37.700001,34.389999,17.257038,80.305923,47.110001,,63.509109,22.209999,88.580002,37.456413,40.570000,35.720001,63.377926,27.719999,,,61.754227,51.980286,63.720001,26.233397,62.849998,53.410000,,51.020000,,43.590000,113.400002,,,31.430000,,45.548447,,36.410000,16.073334,66.550003,41.370224,
2006-10-10,2.662143,1336.199951,1.663500,56.799999,82.500000,54.549999,,69.300003,31.325001,11.743205,43.749348,24.240000,,30.700001,63.090000,70.621574,,8.230000,75.129997,173.006989,177.050003,54.330002,37.750000,34.520000,17.279745,80.028679,47.290001,,63.413231,22.235001,88.349998,37.577602,40.500000,35.770000,63.285954,27.690001,,,61.709049,51.899643,63.720001,26.091082,62.610001,53.549999,,50.830002,,43.669998,114.500000,,,31.469999,,45.246799,,36.410000,16.163334,66.209999,41.159420,,2.636071,1337.000000,1.631000,57.660000,82.129997,54.630001,,69.059998,31.125000,11.758825,44.351578,24.330000,,29.719999,63.900002,70.174942,,8.190000,75.800003,173.965485,178.860001,54.119999,37.759998,34.490002,17.225250,80.487572,47.529999,,63.441994,22.030001,88.699997,37.801334,40.840000,36.029999,62.876255,27.690001,,,61.998169,51.738350,63.410000,26.148008,62.720001,55.299999,,50.590000,,43.349998,115.000000,,,31.230000,,46.115173,,36.279999,16.040001,67.199997,41.791832,
2006-10-11,2.622143,1334.000000,1.630500,57.599998,81.949997,54.220001,,68.800003,31.004999,11.771321,44.061897,24.209999,,29.900000,63.630001,70.014153,,8.170000,75.800003,173.486237,177.300003,54.139999,37.560001,34.830002,17.225250,80.449333,47.299999,,63.279003,21.995001,88.690002,37.503025,40.610001,36.020000,62.876255,27.459999,,,61.998169,51.702511,62.619999,26.024668,62.279999,54.709999,,50.380001,,43.270000,115.040001,,,31.230000,,45.731262,,36.279999,16.010000,66.849998,41.712780,,2.615357,1340.599976,1.645500,57.450001,81.639999,54.040001,,68.320000,31.014999,11.774445,43.932304,24.400000,,31.160000,63.099998,69.674713,,8.270000,76.019997,173.342453,178.970001,54.369999,37.919998,35.099998,17.198002,80.487572,47.639999,,63.259827,22.059999,87.800003,37.008949,41.250000,35.889999,63.102009,27.540001,,,61.952995,51.774193,63.860001,25.891842,62.480000,54.070000,,50.669998,,43.340000,115.769997,,,31.980000,,45.813526,,36.220001,16.103333,66.529999,42.714096,
2006-10-12,2.628929,1346.000000,1.655000,57.549999,82.199997,54.349998,,68.699997,31.100000,11.824430,44.084766,24.400000,,31.490000,63.490002,70.157074,,8.300000,76.000000,173.725861,179.270004,54.450001,37.980000,35.189999,17.275204,80.497131,47.700001,,63.326942,22.100000,88.470001,37.242004,41.900002,35.900002,63.076923,27.580000,,,62.061417,51.388889,63.500000,25.891842,62.570000,54.200001,,50.799999,,43.119999,115.769997,,,32.220001,,46.023766,,36.369999,16.163334,66.879997,42.424240,,2.687857,1347.000000,1.677500,57.889999,83.639999,54.259998,,69.250000,30.740000,11.990003,44.831837,24.450001,,31.500000,64.019997,70.299995,,8.230000,77.690002,173.582077,181.509995,54.270000,37.900002,35.340000,17.447775,80.975143,48.259998,,63.451584,22.025000,88.559998,37.381836,42.230000,36.070000,63.068562,28.219999,,,62.504131,51.738350,62.849998,26.233397,62.410000,53.939999,,51.119999,,43.310001,116.930000,,,32.490002,,47.687386,,36.299999,16.106667,67.650002,42.845852,
2006-10-13,2.701071,1344.000000,1.667500,57.900002,83.250000,54.200001,,69.449997,30.655001,11.940019,45.098648,24.400000,,31.500000,64.360001,70.139214,,8.230000,77.320000,172.192276,181.210007,54.139999,37.439999,34.650002,17.356949,80.736137,48.020000,,63.566635,22.059999,88.629997,37.288616,41.900002,36.099998,63.403011,28.340000,,,62.612549,51.317204,62.549999,26.129032,62.160000,53.840000,,51.700001,,43.250000,115.849998,,,32.570000,,48.354664,,36.230000,16.093332,68.080002,42.740448,,2.679286,1345.400024,1.666000,58.020000,82.389999,54.389999,,69.080002,30.400000,12.039988,45.761864,24.530001,,31.090000,64.199997,70.567978,,8.170000,76.089996,172.431900,183.850006,54.000000,36.900002,34.680000,17.647593,82.294456,48.160000,,63.566635,22.010000,88.599998,38.080997,42.110001,35.770000,63.043476,28.370001,,,62.757111,51.155914,62.450001,26.176472,62.130001,54.080002,,51.680000,,43.250000,116.199997,,,32.810001,,48.985374,,36.330002,16.153334,68.400002,42.529644,
2006-10-16,2.685357,1346.199951,1.642500,57.980000,82.389999,54.299999,,69.330002,30.200001,11.986879,45.594154,24.639999,,31.250000,64.410004,70.782364,,8.170000,76.500000,171.233795,183.820007,54.540001,36.450001,34.950001,17.647593,82.294456,47.980000,,63.355705,22.075001,88.440002,38.136932,41.930000,35.650002,63.210701,28.480000,,,62.793251,51.523296,62.270000,26.185959,61.820000,54.209999,,51.680000,,43.599998,115.750000,,,32.869999,,49.305302,,36.330002,16.103333,68.449997,42.371544,,2.692857,1347.599976,1.630000,57.639999,82.660004,53.709999,,69.930000,30.045000,11.936895,46.569920,24.590000,,31.250000,65.050003,70.782364,,8.080000,77.570000,170.419067,185.220001,54.419998,36.349998,35.110001,17.602180,82.896751,47.730000,,63.403645,22.125000,88.599998,38.258118,42.119999,35.840000,63.336121,28.450001,,,62.982986,51.559139,62.680000,26.242884,62.049999,54.720001,,52.070000,,43.950001,116.029999,,,33.060001,,49.104206,,36.200001,16.106667,69.830002,42.819500,
2006-10-17,2.680000,1347.199951,1.610000,57.639999,82.449997,53.320000,,69.680000,29.895000,11.871290,46.806236,24.450001,,31.330000,65.110001,69.371002,,7.990000,77.250000,169.412659,184.220001,55.110001,35.950001,34.549999,17.493189,82.533463,47.049999,,63.326942,22.049999,88.599998,37.894554,41.840000,35.560001,62.918060,28.240000,,,62.865528,51.487453,62.430000,26.053131,61.790001,53.900002,,51.689999,,43.740002,114.199997,,,32.570000,,49.314442,,36.200001,16.066668,69.830002,42.476944,,2.653214,1344.199951,1.623500,58.099998,82.290001,53.680000,,69.900002,29.895000,11.921275,46.348846,24.480000,,31.129999,64.930000,70.067749,,8.030000,76.059998,170.419067,183.070007,54.880001,35.759998,34.349998,17.738420,83.126198,47.990002,,63.307766,21.895000,87.550003,38.453884,41.599998,35.650002,63.377926,28.440001,,,62.784214,51.496414,62.369999,26.299810,62.250000,52.639999,,51.599998,,43.810001,113.730003,,,32.360001,,48.089581,,36.480000,16.093332,69.410004,42.503296,
2006-10-18,2.669643,1348.000000,1.628500,58.220001,82.519997,53.919998,,70.760002,30.000000,11.971259,46.386963,24.430000,,31.250000,64.940002,70.693031,,8.050000,75.199997,171.665100,184.070007,55.049999,35.950001,34.349998,17.765669,86.529640,47.840000,,63.355705,21.959999,87.949997,38.873383,41.990002,35.700001,63.545151,28.500000,,,62.793251,51.836918,62.650002,26.442125,62.150002,53.299999,,51.889999,,43.680000,114.500000,,,32.099998,,48.062157,,36.730000,16.143333,69.500000,42.687748,,2.661786,1340.400024,1.615500,57.930000,82.739998,53.810001,,69.080002,30.209999,11.933771,45.990559,24.180000,,31.389999,64.599998,70.603706,,8.050000,75.029999,170.419067,182.970001,55.189999,35.889999,34.250000,17.715714,85.869980,47.209999,,64.256950,21.980000,88.089996,38.286083,41.470001,35.639999,63.152176,28.520000,,,62.865528,51.854839,63.189999,26.660341,62.590000,51.900002,,51.770000,,43.910000,114.150002,,,31.570000,,47.696526,,36.810001,16.116667,69.169998,42.555996,
2006-10-19,2.830714,1338.000000,1.608500,57.930000,82.739998,53.720001,,68.690002,30.174999,11.865042,46.127773,24.010000,,30.780001,64.800003,70.425056,,8.010000,73.000000,169.652283,181.250000,56.009998,35.840000,34.250000,17.693007,85.850861,47.209999,,64.189835,22.350000,88.089996,38.621681,41.430000,35.400002,63.152176,28.350000,,,62.666759,52.930107,63.020000,26.963947,62.290001,51.799999,,50.570000,,43.660000,114.650002,,,32.099998,,47.897621,,36.660000,16.143333,69.839996,42.345192,,2.821071,1332.199951,1.627000,57.970001,82.410004,53.259998,,69.019997,30.115000,11.871290,46.600410,24.160000,,31.150000,65.639999,70.853821,,8.030000,72.449997,169.077194,180.050003,55.959999,35.910000,34.279999,17.965487,85.908218,46.869999,,64.324066,22.455000,87.940002,38.314053,40.770000,35.680000,63.879601,28.290001,,,62.350536,53.844086,62.820000,26.261860,62.500000,52.610001,,50.060001,,43.810001,114.809998,,,31.620001,,48.391224,,36.740002,16.163334,69.730003,42.529644,
2006-10-20,2.820357,1332.599976,1.634500,58.200001,82.900002,53.330002,,61.959999,30.150000,11.911903,46.882469,24.200001,,31.150000,65.830002,70.907417,,8.070000,72.000000,169.652283,179.720001,55.849998,35.980000,34.299999,18.038147,86.080307,46.880001,,64.285713,22.605000,88.110001,38.472527,41.099998,35.529999,65.292641,28.480000,,,62.467991,54.086021,62.970001,26.337761,62.730000,53.150002,,49.400002,,44.270000,116.050003,,,31.639999,,48.446068,,36.910000,16.243334,70.010002,42.687748,,2.855357,1329.599976,1.628500,58.040001,81.739998,53.619999,,59.000000,30.370001,11.865042,46.394585,24.549999,,30.690001,65.279999,71.103935,,8.010000,72.169998,169.987747,180.399994,56.200001,35.990002,34.230000,17.883741,86.500954,47.119999,,64.640457,23.375000,87.000000,38.780159,41.470001,35.490002,65.610367,28.430000,,,62.160801,54.318996,62.810001,26.261860,62.680000,52.540001,,49.490002,,44.480000,115.599998,,,31.370001,,47.614262,,36.630001,16.456667,69.550003,42.160740,
2006-10-23,2.856786,1323.000000,1.623500,57.759998,81.730003,53.279999,,60.000000,30.340000,11.899406,45.906704,24.450001,,30.600000,64.940002,70.800224,,7.860000,71.650002,169.077194,180.229996,55.639999,35.810001,34.360001,17.801998,86.089867,46.830002,,63.518696,23.375000,87.000000,38.686939,41.369999,35.570000,65.635452,28.299999,,,62.224045,53.987453,62.689999,26.138519,62.279999,52.380001,,49.150002,,43.820000,116.379997,,,31.020000,,47.074955,,36.459999,16.456667,68.849998,42.555996,,2.909286,1336.800049,1.644000,56.650002,82.800003,53.660000,,60.419998,30.155001,12.014995,46.280239,24.430000,,31.299999,65.639999,71.211128,,7.900000,72.779999,170.275299,184.699997,56.029999,36.240002,34.610001,18.106268,87.533463,47.389999,,64.419945,23.639999,88.190002,39.041180,42.139999,36.299999,66.964882,28.450001,,,62.495094,54.211472,63.180000,26.309298,63.279999,51.700001,,49.799999,,44.299999,117.419998,,,31.879999,,47.175503,,36.669998,17.093332,69.919998,43.399208,
2006-10-24,2.900357,1333.000000,1.643500,56.650002,83.099998,53.459999,,61.299999,30.075001,12.018119,45.891457,24.370001,,31.320000,65.639999,71.639893,,8.020000,72.449997,169.891907,184.520004,55.669998,36.180000,34.540001,18.006357,86.912048,47.070000,,63.566635,23.525000,89.150002,39.041180,41.900002,35.049999,66.847824,28.430000,,,61.889751,53.969536,62.950001,25.853889,63.000000,51.450001,,49.799999,,43.959999,117.690002,,,31.700001,,47.074955,,36.500000,17.100000,69.669998,43.399208,,2.894643,1334.000000,1.681500,56.700001,83.589996,53.430000,,60.930000,30.235001,12.186817,46.806236,24.340000,,31.430000,66.889999,73.122719,,8.300000,73.120003,169.748138,187.839996,55.630001,36.500000,34.730000,17.910990,87.466537,47.139999,,62.636623,23.514999,89.110001,39.078468,42.250000,35.360001,66.797661,28.280001,,,61.474140,54.050179,63.200001,25.863379,62.880001,52.060001,,49.799999,,44.150002,118.239998,,,30.520000,,48.190128,,36.450001,17.100000,69.889999,44.295124,
2006-10-25,2.905357,1334.199951,1.865000,56.709999,82.599998,53.540001,,61.240002,30.875000,12.146204,46.615658,24.230000,,31.309999,66.660004,73.212044,,8.370000,73.430000,170.371155,188.639999,56.830002,36.570000,34.730000,17.965487,87.198853,47.299999,,62.416107,23.575001,88.500000,38.873383,42.240002,35.230000,66.680603,28.280001,,,61.465103,54.336918,63.299999,25.777988,62.980000,53.750000,,49.619999,,43.990002,118.919998,,,30.200001,,47.952469,,36.450001,17.016666,69.720001,44.137020,,2.917143,1336.599976,1.884000,56.860001,80.860001,54.000000,,61.910000,31.084999,12.108716,47.835365,24.290001,,30.870001,67.580002,71.729225,,8.490000,72.739998,170.658691,188.610001,56.110001,36.599998,34.430000,17.788374,87.791588,47.270000,,62.924255,23.594999,86.669998,38.985249,42.000000,35.340000,66.438126,28.309999,,,59.694244,54.426521,63.639999,26.024668,63.130001,53.599998,,49.980000,,44.259998,119.230003,,,30.730000,,49.360146,,36.389999,16.950001,71.010002,44.505928,
2006-10-26,2.925000,1341.599976,1.862500,56.860001,80.750000,53.990002,,62.700001,31.400000,12.596064,48.224144,24.340000,,30.820000,68.279999,73.694405,,8.590000,72.680000,171.329636,189.179993,54.570000,36.840000,35.060001,17.797457,87.791588,47.349998,,62.655800,23.580000,86.400002,38.789482,41.919998,35.290001,66.438126,28.330000,,,59.694244,54.551971,63.459999,25.882353,63.099998,54.020000,,50.000000,,43.939999,119.470001,,,30.830000,,49.853748,,36.330002,16.923332,72.000000,43.926220,,2.935357,1355.599976,1.915000,57.820000,79.139999,54.180000,,62.349998,31.389999,12.496095,47.416088,24.190001,,31.350000,67.500000,72.747543,,8.480000,72.290001,170.562851,193.380005,54.849998,37.380001,35.369999,17.788374,87.514343,47.770000,,63.250240,23.570000,85.010002,38.808125,42.110001,34.490002,66.254181,28.350000,,,59.549686,54.462364,63.820000,25.882353,63.500000,53.919998,,50.049999,,44.310001,120.019997,,,30.700001,,48.318100,,36.430000,17.250000,71.620003,44.453228,
2006-10-27,2.919643,1355.800049,1.907500,57.759998,79.169998,54.029999,,62.349998,31.389999,12.471103,47.263626,24.110001,,31.350000,68.050003,72.622490,,8.490000,72.089996,169.939835,192.009995,53.860001,37.240002,35.919998,17.665758,86.912048,47.570000,,62.876320,23.480000,84.500000,38.686939,41.820000,34.349998,66.220734,28.490000,,,59.667141,54.032257,63.619999,25.768501,63.310001,53.820000,,49.580002,,43.340000,120.019997,,,30.500000,,48.628883,,36.430000,17.193333,71.459999,44.268776,,2.871786,1347.800049,1.912000,57.270000,79.739998,53.700001,,61.270000,31.655001,12.502343,46.646149,23.719999,,31.200001,67.680000,73.176315,,8.290000,70.910004,168.741714,188.669998,53.279999,37.070000,35.889999,17.465940,86.768639,47.290001,,63.518696,23.434999,84.610001,38.686939,41.470001,34.599998,66.011703,28.340000,,,59.640034,54.310036,63.540001,25.825426,63.560001,53.349998,,49.480000,,43.570000,119.029999,,,29.900000,,48.519196,,36.320000,16.910000,71.459999,44.005268,
2006-10-30,2.856786,1350.599976,1.902500,57.279999,80.250000,53.599998,,61.169998,31.610001,12.511715,46.165890,23.520000,,31.370001,67.209999,73.354965,,8.300000,70.529999,168.789642,188.000000,53.119999,36.880001,35.080002,17.347866,85.850861,47.340000,,63.144775,23.485001,85.849998,38.686939,41.480000,34.419998,66.045151,28.350000,,,59.640034,54.086021,63.639999,25.730551,63.570000,53.310001,,49.299999,,43.340000,118.660004,,,29.850000,,47.989033,,36.470001,16.406668,71.150002,44.084320,,2.872143,1347.800049,1.907500,57.310001,80.220001,53.919998,,60.759998,31.900000,12.586692,45.586529,23.900000,,31.730000,66.389999,73.587212,,8.250000,71.459999,168.693802,189.750000,53.209999,37.250000,35.259998,17.674841,87.476097,47.450001,,63.451584,23.379999,87.029999,39.134399,41.919998,34.709999,66.003342,28.530001,,,60.055645,54.121864,63.529999,25.806452,63.810001,54.770000,,49.459999,,43.500000,118.550003,,,30.160000,,47.659962,,36.340000,16.510000,70.839996,44.110672,
2006-10-31,2.908929,1347.800049,1.911000,57.540001,80.599998,54.130001,,61.000000,31.745001,12.667916,45.533169,24.160000,,31.920000,66.099998,73.783730,,8.300000,71.459999,169.077194,190.000000,53.529999,37.250000,35.200001,17.665758,87.476097,47.779999,,63.307766,23.410000,87.050003,39.153046,42.180000,34.599998,66.045151,28.660000,,,59.865910,54.489246,63.709999,25.559772,62.209999,54.799999,,49.980000,,41.650002,117.980003,,,30.100000,,47.659962,,36.490002,16.533333,70.690002,44.400528,,2.895714,1343.400024,1.904500,57.810001,79.860001,53.869999,,60.709999,31.985001,12.705405,45.921947,24.129999,,31.379999,67.199997,72.872604,,8.280000,71.099998,168.262482,189.789993,53.250000,37.330002,35.330002,17.593098,88.269600,47.439999,,63.777565,23.360001,86.930000,38.938637,41.919998,34.400002,65.919731,28.709999,,,59.983364,54.417564,63.439999,25.284630,63.389999,52.650002,,49.639999,,42.689999,118.000000,,,30.180000,,47.833637,,36.290001,16.426666,71.419998,44.795784,
2006-11-01,2.896429,1343.000000,1.906500,58.000000,80.010002,54.150002,,60.709999,32.110001,12.749141,45.967690,24.340000,,29.520000,67.199997,72.908333,,8.330000,71.050003,168.693802,191.000000,53.150002,37.500000,35.939999,17.715714,88.432121,47.750000,,63.547459,23.370001,87.150002,39.059826,42.150002,34.450001,65.911369,28.780001,,,59.947224,54.578854,63.369999,25.332067,63.200001,52.509998,,50.060001,,42.840000,118.750000,,,30.230000,,47.486290,,36.299999,16.459999,71.580002,45.375492,,2.827143,1335.400024,1.878000,57.650002,80.059998,53.580002,,60.500000,32.005001,12.449235,45.510300,24.100000,,29.059999,66.980003,72.604622,,8.520000,71.550003,167.256058,185.000000,52.980000,37.349998,35.259998,17.506811,87.762909,46.930000,,63.240650,23.320000,87.309998,39.162369,41.860001,34.360001,65.919731,28.809999,,,60.480289,54.274193,63.349998,25.180265,63.040001,52.209999,,49.209999,,42.430000,117.550003,,,29.969999,,46.755028,,35.990002,16.283333,71.059998,44.716732,
2006-11-02,2.818571,1330.000000,1.866500,57.549999,80.059998,53.360001,,60.500000,31.950001,12.427366,45.357834,23.980000,,29.299999,66.949997,72.193718,,8.520000,71.070000,167.160217,184.509995,54.090000,37.049999,35.400002,17.511353,87.762909,46.930000,,63.269417,23.254999,88.099998,38.975925,41.730000,34.360001,65.919731,28.709999,,,60.091785,54.292114,63.200001,25.151802,62.840000,52.099998,,49.029999,,42.209999,117.860001,,,29.850000,,46.755028,,35.869999,15.890000,70.709999,44.901188,,2.820714,1333.599976,1.872500,57.459999,79.199997,53.549999,,60.560001,31.780001,12.536707,45.510300,24.049999,,28.860001,67.790001,72.961929,,8.560000,70.930000,166.345505,187.389999,53.930000,37.200001,35.400002,17.524977,87.648186,46.900002,,63.135185,23.355000,87.059998,39.348812,42.049999,34.410000,65.953178,28.770000,,,59.540649,54.587814,63.209999,25.322580,63.270000,52.380001,,49.099998,,42.099998,118.250000,,,29.740000,,46.170017,,35.869999,16.096666,71.190002,44.189724,
2006-11-03,2.834286,1336.000000,1.880500,57.509998,79.470001,53.549999,,60.630001,31.834999,12.552327,45.845718,24.010000,,29.100000,68.000000,72.944061,,8.580000,70.879997,166.680969,188.899994,53.570000,37.330002,35.410000,17.524977,87.724663,47.150002,,63.048897,23.400000,87.000000,39.348812,42.049999,34.520000,66.120399,28.850000,,,59.748455,54.560932,63.099998,25.313093,63.270000,52.560001,,49.099998,,42.000000,118.620003,,,29.969999,,46.627056,,35.970001,16.100000,71.440002,44.216076,,2.796071,1336.400024,1.873000,57.060001,79.970001,53.430000,,60.430000,31.834999,12.502343,46.478439,23.770000,,28.790001,68.910004,72.551025,,8.380000,70.529999,166.633041,187.130005,53.299999,37.200001,35.230000,17.356949,87.390060,46.889999,,63.192715,23.250000,87.000000,39.106434,41.240002,33.959999,65.702339,28.730000,,,59.585827,54.498207,63.240002,25.189753,63.400002,51.450001,,49.040001,,41.880001,117.660004,,,29.570000,,47.440586,,36.000000,15.843333,72.150002,44.110672,
2006-11-06,2.819643,1337.000000,1.882000,57.299999,79.980003,53.680000,,60.400002,31.900000,12.580444,46.577541,24.139999,,28.889999,69.050003,72.604622,,8.440000,70.529999,167.831161,187.679993,53.520000,36.599998,35.450001,17.356949,87.476097,47.180000,,63.231064,23.350000,87.330002,39.619152,41.549999,34.099998,65.969902,28.770000,,,59.495476,54.740143,63.380001,25.208729,63.230000,51.750000,,49.250000,,42.240002,118.650002,,,29.520000,,47.440586,,36.099998,15.913333,72.160004,43.794464,,2.846786,1350.000000,1.910500,58.160000,80.480003,54.209999,,59.849998,32.029999,12.761637,46.539425,24.680000,,29.840000,69.769997,73.640808,,8.660000,71.440002,169.029266,190.000000,53.750000,37.220001,35.830002,17.588556,88.527725,47.650002,,63.422817,23.405001,87.690002,39.805595,41.830002,34.139999,66.546822,28.840000,,,59.703281,54.865589,63.279999,25.607210,63.560001,52.200001,,49.630001,,42.400002,119.730003,,,29.740000,,47.806217,,36.340000,15.830000,72.910004,44.137020,
2006-11-07,2.873214,1350.000000,1.910000,58.200001,80.730003,54.220001,,59.970001,32.099998,12.683536,46.867222,24.820000,,29.879999,69.849998,73.569351,,8.730000,71.099998,169.412659,190.199997,54.299999,37.160000,36.150002,17.633968,88.355644,47.500000,,63.470757,23.334999,87.599998,39.656441,41.830002,34.139999,66.479935,28.860001,,,59.902050,54.856632,63.259998,25.616697,63.560001,52.349998,,50.830002,,42.860001,122.949997,,,29.740000,,47.760513,,36.349998,15.896667,72.910004,44.137020,,2.875357,1357.400024,1.938500,58.450001,84.849998,54.419998,,59.919998,32.500000,12.696032,46.493687,24.840000,,29.930000,68.910004,72.944061,,8.730000,72.000000,170.323227,188.679993,54.209999,37.230000,36.250000,17.574932,88.671127,47.490002,,63.269417,23.459999,87.489998,40.020004,41.669998,34.380001,66.404678,28.950001,,,59.992401,54.874554,63.400002,25.891842,64.110001,52.549999,,50.849998,,42.869999,121.209999,,,29.740000,,46.910419,,36.389999,15.883333,72.529999,44.558632,
2006-11-08,2.857857,1357.400024,1.929000,58.650002,84.250000,54.400002,,59.919998,32.500000,12.696032,46.425079,24.670000,,30.100000,68.599998,72.711815,,8.730000,71.989998,169.891907,187.649994,53.220001,37.000000,36.259998,17.574932,88.193115,47.490002,,63.039310,23.330000,86.830002,40.057293,41.619999,33.480000,66.421402,28.780001,,,59.856876,54.390682,63.310001,25.322580,64.129997,52.480000,,50.860001,,42.570000,122.000000,,,29.490000,,46.654480,,36.439999,15.766667,72.529999,44.584980,,2.944643,1367.599976,1.973500,59.070000,85.449997,54.610001,,60.099998,32.500000,12.761637,47.545685,25.100000,,29.620001,69.510002,73.069122,,8.630000,70.489998,170.514923,188.770004,53.270000,37.250000,36.410000,17.656675,88.518166,47.639999,,63.365292,23.440001,86.449997,40.336960,42.029999,34.360001,66.404678,28.980000,,,58.709431,54.148746,63.529999,25.256166,64.040001,53.270000,,50.980000,,42.250000,123.459999,,,29.350000,,47.632542,,36.799999,15.676667,74.129997,44.769432,
2006-11-09,2.960714,1370.000000,1.975000,59.049999,85.750000,54.520000,,60.310001,32.599998,12.739769,48.025944,27.440001,,29.750000,69.860001,72.819008,,8.640000,70.500000,170.179459,188.399994,52.720001,37.250000,36.419998,17.765669,88.518166,47.650002,,63.144775,23.350000,86.449997,40.308990,42.029999,34.360001,66.513374,29.110001,,,58.863026,53.870968,63.400002,25.056927,63.860001,53.419998,,50.750000,,42.509998,123.459999,,,29.600000,,48.290676,,36.900002,15.703333,74.199997,44.690380,,2.976429,1360.800049,1.942000,58.910000,85.110001,54.509998,,59.200001,32.525002,12.705405,48.262260,26.709999,,28.610001,70.199997,72.765411,,8.560000,70.279999,169.125122,184.779999,51.500000,36.849998,36.259998,17.965487,88.355644,47.240002,,63.250240,23.325001,85.370003,40.448826,42.090000,34.150002,65.969902,29.260000,,,58.357063,53.100357,62.689999,24.516129,63.799999,52.430000,,50.849998,,42.250000,122.389999,,,28.660000,,48.510056,,36.730000,15.463333,74.610001,44.558632,
2006-11-10,2.983929,1380.000000,1.939500,58.910000,86.400002,54.509998,,59.450001,32.610001,12.742893,48.170784,26.670000,,28.680000,70.300003,73.104851,,8.620000,70.050003,169.173035,185.460007,51.889999,36.799999,36.080002,18.047230,88.240921,47.450001,,63.413231,23.325001,85.120003,40.458145,42.099998,34.240002,66.178932,29.170000,,,58.185398,53.225807,62.610001,24.497154,63.959999,52.599998,,50.639999,,42.400002,122.269997,,,28.610001,,48.400368,,36.740002,15.436667,74.550003,44.558632,,2.968571,1392.599976,1.963000,58.860001,85.620003,54.770000,,59.599998,32.619999,12.592940,48.094551,26.740000,,28.959999,69.540001,72.908333,,8.580000,70.349998,168.550018,187.059998,51.959999,36.639999,35.919998,18.160763,87.724663,47.610001,,63.269417,23.235001,85.750000,40.775101,41.970001,34.250000,66.212372,29.240000,,,58.456451,53.189964,62.549999,24.392790,63.700001,52.980000,,50.599998,,42.189999,121.820000,,,28.740000,,48.226692,,36.669998,15.490000,74.419998,44.532280,
2006-11-13,2.972143,1391.800049,1.961500,58.880001,85.699997,54.570000,,59.259998,32.560001,12.596064,47.416088,26.750000,,28.969999,69.540001,73.283501,,8.600000,70.300003,169.077194,187.649994,51.650002,36.750000,36.209999,18.165304,87.523903,47.400002,,63.192715,23.205000,85.510002,40.821712,41.200001,34.410000,66.095322,29.190001,,,58.754604,52.150539,62.439999,24.297913,63.770000,52.900002,,50.430000,,42.630001,120.830002,,,28.780001,,47.925045,,36.709999,15.490000,74.099998,44.374176,,3.012500,1413.000000,1.999500,58.970001,85.690002,54.459999,,59.520000,32.435001,12.636676,48.079304,26.680000,,28.990000,70.349998,73.247772,,8.870000,71.300003,169.460587,187.729996,51.790001,36.400002,36.189999,18.265213,88.021034,47.660000,,63.499519,23.205000,86.860001,41.530193,41.509998,34.799999,66.471573,29.350000,,,59.242496,52.240143,61.410000,24.563566,63.250000,53.009998,,50.759998,,42.639999,120.879997,,,28.959999,,48.464352,,36.490002,15.440000,74.430000,44.505928,
2006-11-14,3.028571,1418.000000,2.005500,58.939999,85.690002,54.549999,,59.900002,32.500000,12.564823,48.483334,26.700001,,29.240000,70.459999,73.247772,,8.900000,71.169998,169.939835,188.399994,51.709999,35.820000,36.369999,18.224342,87.954109,47.490002,,63.566635,23.165001,87.000000,41.436974,41.599998,34.799999,66.471573,29.280001,,,59.305740,52.016129,61.330002,24.715370,63.180000,53.200001,,51.279999,,42.779999,124.849998,,,29.170000,,48.884827,,36.529999,15.943333,74.430000,44.426876,,3.035714,1424.800049,2.075500,59.340000,85.739998,54.830002,,60.360001,32.365002,12.671040,48.376610,26.639999,,28.920000,70.379997,73.622948,,8.800000,71.910004,170.562851,190.360001,52.000000,37.959999,36.459999,18.469572,89.187378,47.750000,,63.384468,23.275000,88.040001,41.725960,41.270000,35.240002,66.964882,29.230000,,,60.118889,51.792114,61.939999,24.905123,63.200001,53.820000,,51.380001,,42.990002,124.820000,,,29.660000,,48.464352,,36.709999,15.886667,74.449997,44.137020,
2006-11-15,3.037500,1425.000000,2.075000,59.299999,86.400002,54.770000,,60.500000,32.259998,12.636676,48.376610,26.620001,,29.049999,69.849998,73.390694,,8.790000,72.239998,170.179459,190.369995,51.459999,37.770000,36.080002,18.474113,88.986618,47.570000,,63.432407,23.235001,88.000000,41.623417,41.180000,35.240002,66.755852,29.129999,,,60.209240,51.810036,61.849998,24.952562,63.119999,53.650002,,51.380001,,42.490002,124.019997,,,29.900000,,48.756855,,36.630001,15.923333,74.000000,44.137020,,3.001786,1439.800049,2.130000,59.480000,87.080002,54.480000,,61.450001,32.160000,12.580444,48.773014,26.600000,,29.420000,69.949997,73.873062,,9.000000,73.849998,171.521332,193.110001,51.549999,37.619999,36.169998,18.069937,89.015297,47.450001,,63.413231,23.325001,88.540001,41.828503,41.099998,35.310001,67.483276,29.120001,,,61.501244,52.204300,61.240002,25.170778,63.119999,53.610001,,51.400002,,42.750000,123.849998,,,30.170000,,49.588665,,36.230000,15.893333,74.800003,44.611332,
2006-11-16,3.031071,1445.000000,2.122500,59.540001,87.919998,54.730000,,61.650002,32.275002,12.646048,49.169418,26.750000,,29.459999,70.309998,73.890923,,9.050000,74.199997,171.904724,194.000000,51.599998,37.799999,35.790001,18.165304,88.977058,47.500000,,63.499519,23.400000,88.470001,42.257324,41.299999,35.490002,67.098663,29.139999,,,61.501244,52.132614,61.500000,25.075901,63.270000,53.680000,,51.750000,,42.570000,123.500000,,,30.370001,,49.817184,,36.610001,15.986667,74.949997,44.743084,,3.057500,1447.199951,2.142000,59.570000,88.709999,54.900002,,61.369999,32.825001,12.611684,47.469452,27.150000,,29.610001,68.550003,74.051712,,9.030000,74.940002,172.336044,196.720001,51.970001,37.810001,35.669998,18.224342,89.359467,47.849998,,63.566635,23.570000,89.480003,42.033592,41.669998,35.599998,67.132111,29.469999,,,61.121777,52.168461,61.799999,25.388994,63.520000,54.580002,,51.770000,,42.459999,122.580002,,,30.260000,,47.979889,,36.500000,15.970000,72.669998,45.111988,
2006-11-17,3.040714,1448.000000,2.127500,59.570000,89.050003,54.849998,,61.369999,32.735001,12.589816,46.958698,26.990000,,29.610001,68.110001,73.408562,,8.990000,74.949997,171.808884,195.979996,51.750000,37.770000,35.700001,18.192553,89.311661,47.990002,,63.480347,23.565001,89.279999,41.903080,41.669998,35.400002,67.299332,29.309999,,,60.895901,51.818996,61.799999,25.332067,63.500000,54.470001,,51.230000,,42.240002,123.000000,,,30.080000,,47.531994,,36.299999,15.916667,71.949997,44.901188,,3.066071,1441.000000,2.127500,59.840000,89.519997,54.849998,,60.939999,33.005001,12.586692,47.797249,26.930000,,29.070000,69.099998,73.569351,,8.890000,73.910004,173.725861,195.039993,52.000000,38.279999,35.580002,18.060854,89.684509,47.660000,,63.777565,23.629999,89.150002,42.192066,41.820000,35.450001,68.060204,29.400000,,,60.633884,52.231182,62.279999,25.815939,63.860001,54.209999,,51.750000,,42.459999,122.879997,,,30.040001,,48.318100,,36.270000,15.833333,73.080002,45.164688,
2006-11-20,3.050000,1437.199951,2.117500,59.840000,89.050003,54.849998,,60.509998,33.410000,12.549203,47.377975,26.980000,,29.000000,68.839996,73.194176,,8.890000,73.500000,173.342453,195.350006,51.830002,38.130001,34.880001,18.024523,89.483749,47.660000,,63.518696,23.555000,89.970001,41.446297,41.779999,35.250000,68.060204,29.520000,,,60.371868,52.078854,62.180000,25.759012,63.900002,54.250000,,51.419998,,42.490002,118.000000,,,29.990000,,47.943329,,36.270000,15.833333,72.550003,44.584980,,3.088214,1438.400024,2.122000,59.580002,89.120003,54.900002,,60.910000,32.990002,12.742893,47.888725,27.110001,,28.450001,69.239998,73.301369,,8.670000,72.980003,172.431900,197.449997,51.959999,38.410000,34.900002,18.033606,89.149139,47.900002,,63.576221,23.520000,89.269997,42.583599,41.889999,35.549999,68.043480,29.889999,,,60.173100,52.114697,62.500000,25.664137,63.689999,54.360001,,51.740002,,42.650002,118.669998,,,30.170000,,47.294334,,36.160000,15.906667,72.430000,44.216076,
2006-11-21,3.122143,1438.400024,2.127500,59.400002,89.849998,55.040001,,60.549999,32.924999,12.761637,48.254639,27.170000,,28.459999,69.580002,72.515297,,8.620000,73.129997,172.431900,199.000000,51.830002,38.410000,35.040001,18.015442,88.919693,47.779999,,63.384468,23.434999,89.279999,42.648853,41.980000,35.369999,67.658859,29.910000,,,60.173100,52.123657,62.430000,25.588236,63.450001,54.160000,,52.119999,,42.950001,118.129997,,,30.200001,,47.897621,,36.160000,15.920000,72.769997,44.400528,,3.164286,1436.800049,2.127000,59.410000,91.099998,54.720001,,62.189999,33.415001,12.708529,49.032200,26.799999,,28.080000,70.220001,71.604164,,8.560000,73.779999,171.569260,199.759995,51.410000,37.919998,35.080002,18.160763,88.986618,47.750000,,63.394054,23.495001,90.050003,42.201389,42.060001,35.040001,68.260872,29.920000,,,60.254414,52.240143,62.560001,25.569260,63.259998,53.709999,,52.299999,,42.880001,118.230003,,,29.670000,,48.500916,,35.779999,15.936667,73.389999,43.820816,
2006-11-22,3.178214,1435.599976,2.125000,59.400002,91.099998,54.680000,,62.930000,33.119999,12.671040,49.314259,26.930000,,28.049999,70.220001,71.407646,,8.570000,73.900002,171.569260,200.000000,51.439999,37.919998,35.220001,18.128975,88.814529,47.599998,,63.183125,23.500000,90.050003,42.434444,42.060001,34.939999,68.227425,29.969999,,,60.037575,52.544804,62.480000,25.616697,63.270000,53.790001,,52.450001,,43.200001,119.739998,,,29.840000,,48.500916,,35.660000,15.960000,73.019997,43.715416,,3.225357,1431.400024,2.148000,59.889999,90.099998,54.630001,,62.790001,33.369999,12.386754,49.161797,26.910000,,28.000000,69.599998,71.622032,,8.610000,73.779999,172.479828,202.289993,51.549999,38.099998,34.970001,18.038147,89.407265,47.590000,,63.604984,23.549999,89.489998,43.581066,42.150002,35.320000,68.118729,29.920000,,,59.694244,52.553764,62.540001,25.711575,63.639999,54.389999,,52.750000,,43.200001,119.690002,,,30.190001,,47.851921,,35.509998,16.010000,72.910004,44.110672,
2006-11-24,3.197500,1419.000000,2.128000,59.549999,89.250000,54.369999,,62.450001,33.150002,12.283661,49.077942,26.700001,,27.799999,68.970001,71.318321,,8.560000,73.779999,171.808884,200.229996,51.720001,37.849998,35.099998,17.870117,88.957932,47.220001,,63.010548,23.450001,89.349998,42.881908,41.869999,35.330002,67.608696,29.660000,,,59.631001,52.661289,62.040001,25.531309,63.639999,53.900002,,52.259998,,43.160000,118.949997,,,30.000000,,48.126144,,35.340000,15.920000,71.900002,43.689064,,3.272500,1424.000000,2.120500,59.900002,89.769997,54.560001,,62.869999,32.985001,12.417994,49.009331,26.840000,,27.969999,68.839996,71.586304,,8.520000,73.650002,171.042084,201.600006,51.650002,37.720001,34.869999,17.965487,89.244743,47.270000,,63.557049,23.459999,89.330002,43.301403,41.880001,35.180000,67.851173,29.760000,,,59.676174,52.634411,62.340000,25.512335,63.529999,53.790001,,52.500000,,43.150002,118.610001,,,30.020000,,47.815357,,35.570000,15.966667,72.379997,43.794464,
2006-11-27,3.303929,1419.000000,2.109000,59.700001,90.000000,54.560001,,62.599998,32.814999,12.364886,49.154171,26.760000,,27.969999,69.290001,71.496971,,8.550000,73.599998,170.466995,201.350006,51.820000,38.099998,34.830002,17.888283,88.632889,47.139999,,63.365292,23.430000,88.949997,42.182747,42.000000,35.250000,67.809364,29.690001,,,59.721352,52.786739,62.049999,25.512335,63.169998,53.500000,,51.930000,,43.240002,118.669998,,,30.000000,,47.989033,,35.459999,15.813333,72.290001,43.478260,,3.197857,1405.000000,2.042500,58.820000,87.370003,53.919998,,61.970001,32.505001,12.324274,48.933102,25.799999,,27.190001,68.750000,70.299995,,8.160000,72.559998,169.891907,193.110001,51.480000,37.590000,34.369999,17.547684,87.428299,46.630001,,63.048897,23.275000,87.820000,41.865791,41.099998,34.549999,67.081940,29.480000,,,58.917236,52.679211,61.500000,25.588236,62.840000,53.119999,,51.549999,,42.869999,117.440002,,,29.379999,,47.422302,,35.200001,15.536667,72.470001,43.056652,
2006-11-28,3.227143,1400.000000,2.037500,58.650002,88.150002,53.919998,,61.750000,32.790001,12.268041,49.131302,25.620001,,27.110001,68.889999,69.871231,,8.150000,72.199997,169.173035,193.000000,51.980000,37.310001,34.169998,17.470482,86.663483,46.459999,,63.058483,23.184999,87.900002,41.604771,41.000000,34.299999,66.806023,29.340000,,,58.591976,52.007168,61.349998,25.616697,62.700001,52.880001,,51.070000,,42.880001,117.400002,,,29.200001,,47.989033,,35.110001,15.510000,72.650002,42.845852,,3.278929,1397.000000,2.046000,58.900002,87.940002,54.270000,,61.599998,32.540001,12.467979,49.481968,27.030001,,27.570000,69.879997,70.835960,,8.150000,73.540001,168.693802,197.119995,51.860001,37.070000,34.259998,17.652134,87.332695,46.200001,,63.384468,23.340000,89.650002,41.800537,41.400002,34.380001,67.232445,29.389999,,,59.170216,51.577061,61.820000,25.664137,63.070000,53.889999,,51.520000,,42.930000,117.440002,,,29.520000,,48.546619,,35.110001,15.570000,74.160004,43.346508,
2006-11-29,3.321429,1400.000000,2.024000,58.950001,88.239998,54.060001,,62.049999,32.500000,12.442987,49.756401,27.049999,,27.820000,70.199997,71.318321,,8.370000,73.510002,168.933411,197.990005,53.480000,37.189999,34.500000,17.779291,87.332695,46.209999,,63.384468,23.299999,89.599998,41.800537,41.549999,34.599998,67.391304,29.440001,,,59.242496,52.016129,61.820000,25.891842,62.950001,53.990002,,51.529999,,43.709999,119.230003,,,29.760000,,48.802559,,35.160000,15.630000,74.300003,43.346508,,3.278571,1402.599976,2.031500,58.770000,88.889999,54.020000,,62.060001,32.570000,12.580444,50.655933,27.080000,,28.530001,71.050003,71.818550,,8.170000,74.989998,169.412659,196.220001,53.250000,37.619999,34.669998,17.888283,87.495216,46.669998,,63.566635,23.320000,90.620003,42.136135,41.849998,34.820000,67.709030,29.570000,,,60.462219,52.249104,62.470001,25.683111,63.209999,52.730000,,51.669998,,44.020000,119.410004,,,29.180000,,50.164536,,35.459999,15.630000,76.029999,43.820816,
2006-11-30,3.293214,1403.599976,2.021000,58.770000,89.099998,54.020000,,62.150002,32.674999,12.502343,50.831268,27.020000,,28.920000,71.250000,71.550568,,8.190000,74.989998,169.700211,195.979996,53.639999,37.509998,35.299999,17.829247,87.332695,46.720001,,63.643337,23.225000,91.139999,42.126812,41.939999,34.639999,67.625420,29.420000,,,60.498360,52.473118,62.400002,25.996204,63.040001,52.740002,,52.270000,,44.400002,120.699997,,,29.280001,,50.438759,,35.459999,15.500000,76.419998,43.741764,,3.273571,1406.400024,2.017000,58.720001,88.529999,53.849998,,62.029999,32.525002,12.639800,51.303905,26.910000,,28.770000,72.320000,71.479111,,8.130000,74.839996,169.077194,194.800003,53.130001,37.970001,35.290001,17.920073,87.877632,46.279999,,63.729626,23.415001,90.449997,42.089523,41.970001,35.049999,68.110367,29.360001,,,60.471256,52.338711,61.970001,26.081594,62.790001,52.169998,,52.220001,,44.009998,120.050003,,,29.549999,,50.338207,,35.240002,15.366667,76.809998,43.478260,
2006-12-01,3.278571,1401.000000,2.013000,58.799999,89.599998,53.830002,,62.439999,32.599998,12.649172,50.998978,26.950001,,28.629999,72.330002,71.121803,,8.100000,74.839996,169.556442,195.699997,53.549999,39.099998,35.049999,17.920073,87.858505,46.500000,,63.892616,23.325001,90.550003,42.164101,42.180000,35.150002,68.185616,29.230000,,,60.254414,52.347672,62.000000,26.195446,63.009998,52.110001,,51.740002,,44.049999,120.339996,,,29.450001,,50.182816,,35.430000,15.333333,76.779999,43.346508,,3.261429,1395.400024,1.970500,58.549999,89.550003,53.500000,,61.189999,32.680000,12.686660,51.357265,26.690001,,28.670000,73.110001,70.925285,,8.040000,74.809998,169.077194,194.500000,53.730000,38.970001,34.860001,17.910990,87.237091,46.009998,,63.604984,23.285000,90.349998,42.145458,42.080002,35.090000,66.872910,29.120001,,,60.733269,51.818996,61.959999,26.432638,62.689999,51.700001,,51.400002,,43.799999,120.000000,,,29.129999,,51.051189,,35.230000,15.290000,77.199997,43.188408,
2006-12-04,3.281429,1402.599976,1.965500,58.799999,89.550003,52.500000,,61.389999,32.750000,12.727273,51.357265,26.940001,,28.660000,73.110001,71.282593,,7.970000,75.029999,169.796051,195.649994,53.119999,38.700001,34.680000,17.910990,88.432121,46.279999,,63.422817,23.365000,90.150002,42.434444,42.049999,35.169998,67.240807,29.230000,,,60.950111,51.120071,62.180000,22.438330,63.080002,51.099998,,50.959999,,43.759998,120.000000,,,29.290001,,50.968922,,35.230000,15.416667,77.199997,43.346508,,3.254286,1402.000000,1.955000,59.889999,89.580002,52.650002,,61.490002,33.119999,12.755389,51.273411,27.250000,,29.260000,73.500000,71.103935,,7.890000,75.300003,169.604355,200.050003,53.330002,39.200001,34.790001,18.101727,89.397705,46.840000,,64.400764,23.415001,92.139999,43.329369,42.500000,35.230000,67.633781,29.330000,,,61.465103,51.603943,62.880001,23.624289,63.419998,52.200001,,51.730000,,43.959999,121.180000,,,29.639999,,50.904938,,35.490002,15.430000,77.769997,43.873520,
2006-12-05,3.273214,1401.599976,1.956500,59.419998,89.589996,52.660000,,61.500000,33.139999,12.824117,51.898510,27.400000,,29.370001,73.660004,71.032478,,7.630000,75.290001,169.700211,199.699997,52.650002,39.389999,34.880001,18.051771,89.397705,46.900002,,64.554169,23.495001,92.290001,43.357338,42.740002,35.299999,66.596992,29.360001,,,61.465103,51.881721,62.900002,23.709677,63.419998,52.200001,,52.349998,,44.939999,120.500000,,,29.840000,,51.160877,,35.500000,15.416667,78.110001,43.899868,,3.259643,1406.000000,1.949000,59.849998,90.730003,52.790001,,62.150002,32.790001,13.067791,51.906136,27.040001,,29.610001,73.949997,71.246857,,7.680000,75.760002,169.029266,201.610001,52.820000,39.369999,34.919998,18.124432,90.325050,47.200001,,65.043144,24.000000,92.410004,43.366657,42.750000,35.240002,67.357857,29.129999,,,61.609665,51.872761,64.169998,23.548388,63.509998,52.349998,,52.230000,,45.090000,121.000000,,,29.700001,,51.005486,,35.520000,15.493333,78.059998,44.057972,
2006-12-06,3.237143,1406.000000,1.938500,59.849998,91.599998,52.750000,,62.299999,32.794998,13.077163,51.837524,27.120001,,29.879999,73.849998,71.264725,,7.640000,75.970001,169.412659,202.000000,52.619999,39.520000,34.950001,18.124432,90.325050,47.070000,,64.333656,24.025000,92.190002,43.375980,42.950001,35.180000,67.349495,29.100000,,,61.609665,51.738350,64.000000,23.624289,63.570000,52.369999,,51.660000,,44.669998,120.989998,,,29.820000,,50.959782,,35.619999,15.496667,77.820000,44.084320,,3.208214,1405.199951,1.945000,59.669998,90.830002,52.689999,,63.049999,32.930000,13.086535,52.515987,27.090000,,30.040001,73.559998,71.890007,,7.360000,75.400002,168.262482,205.000000,52.410000,39.919998,34.869999,18.228884,89.980881,46.830002,,64.592522,24.190001,92.279999,43.254791,42.959999,34.990002,66.722404,28.990000,,,61.049496,51.693546,63.709999,23.529411,63.799999,52.029999,,51.639999,,45.040001,121.300003,,,30.070000,,51.444241,,35.520000,15.513333,76.309998,44.453228,
2006-12-07,3.215357,1410.199951,1.946500,59.799999,91.300003,52.619999,,63.250000,32.849998,13.145892,52.752308,27.200001,,30.200001,73.660004,72.122261,,7.320000,75.660004,168.502090,206.699997,52.750000,39.570000,35.299999,18.188011,89.866158,47.080002,,64.525406,24.290001,92.580002,43.348015,43.000000,35.070000,66.697327,28.959999,,,61.076599,52.302868,63.650002,23.700190,63.950001,52.070000,,52.099998,,45.529999,122.389999,,,30.200001,,51.444241,,35.650002,15.566667,76.300003,44.347824,,3.108571,1405.400024,1.906000,59.169998,90.010002,52.490002,,63.000000,32.814999,13.039675,53.125839,26.879999,,30.010000,73.320000,71.443375,,7.160000,74.730003,168.502090,200.199997,52.549999,38.930000,35.160000,18.101727,90.086044,46.630001,,64.103546,24.360001,91.639999,43.152248,43.279999,34.540001,66.521736,28.850000,,,61.031425,51.998207,63.419998,23.586338,63.799999,52.000000,,51.509998,,45.580002,121.650002,,,29.750000,,50.804386,,35.490002,15.456667,75.709999,44.321476,
2006-12-08,3.115357,1406.400024,1.896000,59.060001,90.070000,52.299999,,63.000000,32.825001,13.008435,53.590855,26.879999,,29.950001,73.620003,71.103935,,7.150000,74.400002,168.454178,200.240005,52.439999,38.970001,35.220001,18.133514,89.531548,46.660000,,64.141899,24.389999,91.459999,43.152248,43.520000,34.599998,65.819397,28.820000,,,60.986252,51.783154,63.000000,23.595825,63.700001,51.900002,,51.410000,,45.290001,121.889999,,,29.580000,,51.288849,,35.400002,15.433333,76.199997,44.347824,,3.152143,1407.000000,1.923000,59.830002,90.129997,51.660000,,63.400002,32.799999,13.155264,54.154968,26.980000,,30.230000,72.830002,71.300453,,7.230000,74.139999,169.029266,205.100006,52.520000,38.799999,35.270000,18.001818,89.732315,46.759998,,63.537872,24.455000,91.820000,43.245472,43.759998,35.000000,65.685616,29.400000,,,60.417046,51.693546,63.270000,23.880455,63.889999,50.959999,,51.380001,,45.400002,121.989998,,,29.400000,,50.191956,,35.430000,15.450000,75.500000,44.743084,
2006-12-11,3.175000,1410.000000,1.911000,59.770000,89.769997,51.860001,,63.599998,32.830002,13.111528,53.857666,26.900000,,30.250000,72.830002,71.300453,,7.270000,74.150002,168.885498,205.500000,52.419998,38.799999,35.360001,17.965487,89.598473,46.700001,,63.614574,24.424999,91.449997,43.003094,43.500000,35.009998,65.852844,29.190001,,,60.100819,51.845879,63.209999,23.975332,63.700001,50.720001,,51.380001,,45.310001,122.699997,,,29.400000,,49.972576,,35.430000,15.483333,75.250000,44.664032,,3.169643,1420.000000,1.934500,59.310001,89.779999,52.549999,,63.070000,32.945000,13.336457,53.933895,27.110001,,30.110001,73.699997,71.657761,,7.240000,74.620003,168.789642,202.520004,52.430000,38.790001,35.680000,18.169846,89.521988,47.549999,,63.595398,24.405001,91.330002,42.807331,43.580002,34.950001,65.928093,29.540001,,,61.031425,51.989246,62.759998,23.861481,63.869999,51.310001,,51.639999,,45.619999,122.669998,,,29.299999,,50.950642,,35.389999,15.333333,75.360001,44.769432,
2006-12-12,3.164643,1420.199951,1.922000,59.150002,90.029999,52.450001,,63.000000,32.990002,13.386442,54.048244,27.120001,,30.299999,74.459999,71.425514,,7.230000,74.620003,168.741714,200.210007,52.750000,38.700001,35.910000,18.278837,89.483749,47.560001,,63.604984,24.379999,91.199997,42.881908,43.490002,35.070000,65.919731,29.559999,,,60.895901,52.195339,62.860001,23.766603,63.919998,51.660000,,51.639999,,45.750000,123.000000,,,29.549999,,50.758682,,35.320000,15.306667,75.309998,44.769432,,3.076429,1422.000000,1.923000,59.119999,90.309998,52.799999,,62.279999,32.845001,13.458294,53.819550,27.080000,,30.129999,73.849998,71.068207,,7.090000,73.790001,170.802475,200.000000,53.000000,38.700001,35.990002,18.088102,89.980881,47.630001,,63.480347,24.450001,90.919998,42.881908,43.040001,35.540001,66.061874,29.430000,,,60.155029,52.275986,62.849998,23.880455,63.700001,51.480000,,51.730000,,46.040001,123.610001,,,29.770000,,50.009140,,35.340000,15.216667,76.250000,45.006588,
2006-12-13,3.141071,1430.000000,1.930500,59.680000,90.820000,53.200001,,62.480000,32.990002,13.548891,54.010128,27.340000,,30.250000,74.529999,71.157532,,7.130000,74.370003,171.808884,200.720001,52.700001,38.950001,35.869999,18.119890,90.611855,47.779999,,63.489933,24.570000,91.180000,43.245472,43.200001,35.540001,66.471573,29.600000,,,60.236343,52.204300,63.090000,23.927895,63.730000,51.400002,,51.880001,,45.740002,124.599998,,,29.889999,,49.926872,,35.349998,15.300000,76.449997,44.874836,,3.180357,1423.000000,1.925000,59.970001,89.599998,53.090000,,61.490002,32.779999,13.389566,54.124477,27.250000,,30.309999,74.400002,71.103935,,6.880000,72.889999,170.131531,198.309998,52.910000,39.110001,35.759998,18.015442,90.602295,47.599998,,63.480347,24.420000,89.940002,43.124283,43.590000,35.240002,66.262543,29.549999,,,59.802666,52.043011,62.759998,24.089184,63.400002,50.560001,,51.990002,,45.709999,124.250000,,,29.430000,,49.853748,,35.349998,15.300000,77.360001,44.874836,
2006-12-14,3.180357,1420.599976,1.937000,59.970001,89.300003,53.099998,,61.689999,32.889999,13.398938,54.810562,27.219999,,30.370001,74.720001,71.103935,,6.920000,73.500000,170.083603,199.199997,52.840000,39.099998,35.759998,18.015442,90.793503,47.610001,,63.614574,24.445000,90.720001,43.161572,43.509998,35.209999,66.387962,29.540001,,,59.820736,52.240143,62.590000,24.184061,63.299999,50.570000,,51.419998,,45.790001,125.129997,,,29.320000,,49.908592,,35.419998,15.373333,77.510002,44.769432,,3.162500,1440.599976,1.951000,61.900002,89.930000,53.169998,,62.119999,32.849998,13.395814,55.702473,27.309999,,30.719999,75.970001,71.496971,,7.110000,73.349998,173.534164,200.130005,52.759998,39.970001,36.029999,18.124432,91.166351,47.950001,,63.825504,24.500000,90.250000,43.506493,43.689999,35.570000,65.861206,30.070000,,,59.766525,52.553764,62.500000,24.250475,63.349998,51.669998,,51.410000,,45.799999,125.699997,,,29.930000,,50.228519,,35.570000,15.506667,78.730003,45.243744,
2006-12-15,3.179286,1450.199951,1.969000,61.919998,90.169998,53.220001,,62.639999,32.724998,13.433302,55.984528,27.430000,,30.750000,75.989998,71.800682,,7.150000,73.339996,173.869629,200.610001,52.570000,40.110001,36.160000,18.147139,91.405357,48.200001,,63.911793,24.500000,90.230003,43.646324,43.689999,35.660000,66.613708,30.139999,,,59.793629,53.001793,62.470001,24.250475,63.490002,51.830002,,51.700001,,46.060001,126.000000,,,30.930000,,50.228519,,35.599998,15.543333,78.949997,45.243744,,3.132857,1442.599976,2.000500,61.639999,90.699997,53.320000,,61.820000,32.665001,13.417682,55.473778,27.559999,,30.520000,75.379997,71.693489,,7.080000,72.519997,179.045456,199.839996,51.930000,39.889999,36.290001,18.138056,91.108986,48.299999,,64.458290,24.465000,90.040001,42.816650,43.410000,35.709999,65.476585,30.190001,,,60.778446,52.508961,62.869999,24.326376,64.110001,51.380001,,51.630001,,45.880001,125.760002,,,29.670000,,50.383911,,35.650002,15.483333,77.300003,45.059288,
2006-12-18,3.129643,1451.000000,2.010000,61.700001,90.750000,53.470001,,62.169998,32.544998,13.445798,56.784962,27.600000,,30.600000,75.099998,72.265182,,7.120000,73.000000,179.476776,200.500000,52.590000,40.070000,36.849998,18.133514,90.774376,48.299999,,64.544586,24.424999,90.019997,42.825974,43.340000,35.619999,65.510033,30.190001,,,60.769409,52.741936,63.110001,24.335863,64.019997,51.500000,,52.360001,,45.740002,126.260002,,,29.709999,,50.438759,,35.740002,15.500000,77.260002,44.848484,,3.052500,1456.199951,1.963000,61.770000,89.559998,53.630001,,61.919998,32.595001,13.470790,55.267948,27.610001,,30.010000,73.330002,71.604164,,7.030000,72.800003,182.112625,203.240005,52.290001,39.959999,36.849998,18.178928,91.242828,48.230000,,64.113136,24.450001,90.180000,42.760719,43.480000,35.750000,65.510033,29.889999,,,60.344765,52.347672,63.070000,24.506641,64.160004,51.320000,,51.880001,,45.750000,126.099998,,,29.629999,,48.747715,,35.759998,15.456667,75.510002,44.874836,
2006-12-19,3.026071,1452.000000,1.939000,61.450001,89.000000,53.419998,,61.470001,32.549999,13.439550,54.886791,27.469999,,30.080000,72.980003,71.407646,,7.120000,72.800003,180.914505,201.979996,52.290001,39.750000,36.660000,18.188011,90.917786,48.029999,,64.122726,24.334999,90.050003,42.760719,43.480000,36.009998,65.443146,29.709999,,,60.353802,52.464157,62.799999,24.525618,63.720001,51.209999,,51.759998,,45.570000,126.000000,,,29.309999,,48.583179,,35.709999,15.376667,75.300003,44.874836,,3.082500,1444.599976,1.971000,61.549999,90.169998,53.580002,,61.520000,32.544998,13.380194,55.671978,27.629999,,29.980000,74.489998,71.907875,,7.180000,74.300003,182.160538,201.240005,52.419998,39.639999,36.820000,18.360580,91.778206,48.270000,,64.697990,24.385000,91.849998,43.208183,43.990002,35.650002,65.309364,29.990000,,,60.787479,52.625446,63.279999,24.857685,64.389999,51.540001,,52.220001,,45.840000,126.699997,,,28.870001,,49.771481,,35.889999,15.363333,76.989998,45.375492,
2006-12-20,3.088214,1436.000000,1.971500,61.500000,90.180000,53.700001,,61.400002,32.595001,13.373946,56.159863,27.680000,,29.879999,74.459999,71.568436,,7.220000,74.489998,182.735641,201.789993,52.320000,39.549999,37.340000,18.324251,91.873802,48.330002,,64.477470,24.365000,91.599998,43.226826,44.000000,35.660000,65.468224,29.990000,,,60.534500,52.374554,63.320000,24.819735,64.300003,51.410000,,52.230000,,45.590000,127.800003,,,28.990000,,49.689213,,35.919998,15.333333,76.849998,45.375492,,3.027143,1439.000000,2.000500,61.330002,90.099998,53.660000,,61.369999,32.584999,13.320837,55.267948,27.389999,,29.910000,73.650002,72.211586,,7.330000,74.440002,182.831482,201.369995,52.290001,39.130001,37.450001,18.773842,91.778206,48.220001,,64.630875,24.375000,91.599998,43.627678,43.860001,36.090000,65.911369,30.090000,,,61.654839,52.240143,63.299999,24.867172,64.470001,51.990002,,51.869999,,45.500000,128.220001,,,29.100000,,48.583179,,35.880001,15.290000,76.080002,44.795784,
2006-12-21,3.025000,1444.000000,1.993500,61.340000,89.800003,53.889999,,61.150002,32.575001,13.336457,55.328938,27.500000,,30.230000,73.660004,72.086525,,7.350000,74.449997,182.352249,202.360001,51.830002,39.250000,37.799999,18.664850,91.567879,48.419998,,64.717163,24.375000,92.150002,43.543781,44.000000,36.090000,66.053513,30.129999,,,61.889751,51.774193,63.380001,24.895636,64.300003,51.849998,,52.650002,,45.220001,129.960007,,,29.040001,,48.756855,,35.889999,15.316667,76.089996,45.059288,,2.960714,1439.000000,1.994500,60.860001,89.940002,53.509998,,60.810001,32.345001,13.348953,54.940155,27.290001,,30.920000,73.230003,71.568436,,7.310000,74.629997,181.010361,198.100006,52.139999,38.910000,37.889999,18.528610,91.692162,48.650002,,64.976028,24.330000,91.940002,43.450558,43.869999,36.020000,65.894646,29.980000,,,61.736156,51.845879,63.389999,24.734344,64.050003,51.500000,,52.619999,,45.270000,130.070007,,,28.760000,,47.979889,,35.889999,15.236667,75.870003,45.138340,
2006-12-22,2.980714,1439.800049,1.999000,60.689999,89.650002,53.639999,,60.810001,32.259998,13.302093,54.886791,27.340000,,31.590000,73.300003,71.461243,,7.330000,74.449997,181.585449,199.100006,51.950001,38.950001,38.450001,18.392370,91.539200,48.639999,,64.860977,24.365000,92.360001,43.478523,43.869999,35.849998,65.903008,29.830000,,,61.736156,51.711472,63.000000,24.667933,64.230003,51.490002,,52.820000,,45.610001,131.750000,,,28.790001,,47.897621,,35.799999,15.166667,76.000000,45.217392,,2.935714,1433.400024,2.012000,60.849998,88.760002,53.349998,,60.590000,32.294998,13.255233,54.162590,26.930000,,31.250000,72.730003,71.461243,,7.420000,73.980003,180.051865,198.089996,52.389999,38.889999,38.389999,18.451408,91.061188,47.889999,,64.966446,24.190001,91.699997,43.497169,43.570000,35.730000,65.510033,29.639999,,,61.130810,51.693546,63.099998,24.639469,63.799999,51.000000,,52.169998,,45.369999,131.910004,,,28.549999,,47.157223,,35.840000,15.180000,75.410004,45.085640,
2006-12-26,2.933929,1428.000000,2.006500,60.880001,88.949997,53.400002,,60.500000,32.325001,13.230241,54.467518,27.040001,,31.190001,72.639999,71.461243,,7.450000,73.980003,180.195648,198.899994,52.389999,38.619999,38.450001,18.424160,90.822182,47.980000,,64.841805,24.205000,92.139999,43.469204,43.660000,35.599998,65.351173,29.530001,,,61.338615,51.836918,62.930000,24.478178,63.669998,51.000000,,52.200001,,45.520000,131.250000,,,28.500000,,46.983547,,35.759998,14.933333,75.510002,44.980236,,2.911071,1440.199951,1.990000,61.160000,88.790001,53.700001,,60.900002,32.500000,13.398938,54.650475,27.190001,,31.180000,73.089996,71.925743,,7.490000,74.269997,180.722809,199.860001,52.360001,39.060001,38.770000,18.587648,91.453156,48.310001,,64.841805,24.275000,92.349998,44.103107,43.810001,35.750000,65.242477,29.990000,,,61.501244,51.594982,62.840000,24.601519,64.190002,51.439999,,52.410000,,45.439999,131.610001,,,28.610001,,47.294334,,35.939999,15.370000,76.050003,45.032936,
2006-12-27,2.791071,1448.800049,1.993000,61.549999,89.150002,53.880001,,61.000000,32.625000,13.455170,54.566620,27.299999,,31.299999,73.279999,71.782822,,7.600000,74.750000,181.106216,199.860001,52.750000,39.189999,39.180000,18.592190,92.065010,48.540001,,65.033554,24.344999,92.739998,44.103107,43.950001,35.730000,65.493309,29.990000,,,61.727119,51.612904,63.070000,24.620493,64.400002,51.580002,,52.680000,,45.900002,133.360001,,,28.650000,,47.312614,,35.980000,15.250000,76.300003,45.085640,,2.911429,1445.800049,2.014500,61.570000,88.879997,53.770000,,61.470001,32.520000,13.380194,54.993515,27.299999,,31.219999,74.040001,71.711357,,7.580000,74.879997,181.106216,201.949997,52.639999,39.560001,39.840000,18.891916,92.925430,48.950001,,65.215721,24.344999,92.949997,44.513283,44.330002,35.470001,65.610367,30.020000,,,61.718086,51.729389,62.889999,24.810247,64.419998,52.250000,,52.820000,,46.040001,134.259995,,,28.959999,,47.541134,,36.049999,15.386667,76.959999,45.270092,
2006-12-28,2.865000,1442.000000,2.019000,61.639999,88.849998,53.799999,,61.380001,32.615002,13.348953,55.092617,27.290001,,31.240000,74.260002,71.461243,,7.640000,74.750000,180.962433,202.330002,52.639999,39.410000,39.669998,18.810173,92.839386,48.799999,,65.023972,24.325001,92.809998,44.559895,44.340000,35.480000,65.635452,29.860001,,,61.492210,51.854839,62.950001,24.686907,64.169998,52.020000,,53.139999,,46.259998,134.279999,,,28.799999,,47.349178,,36.049999,15.270000,76.769997,45.191040,,2.888214,1437.599976,2.010500,61.139999,89.000000,53.650002,,61.310001,32.855000,13.339581,55.397545,27.420000,,31.250000,74.279999,71.496971,,7.500000,74.860001,179.620560,200.800003,52.540001,39.730000,39.669998,18.782925,92.705544,48.919998,,65.321190,24.270000,92.309998,44.839558,44.360001,35.590000,65.351173,29.980000,,,61.754227,51.729389,63.250000,24.734344,64.480003,52.029999,,53.119999,,46.330002,134.259995,,,29.010000,,47.175503,,35.919998,15.336667,77.330002,45.059288,
2006-12-29,2.998214,1438.000000,2.003000,61.049999,89.250000,53.650002,,61.119999,32.860001,13.308341,55.191719,27.330000,,31.190001,73.889999,71.354050,,7.470000,74.760002,179.620560,200.929993,52.700001,39.660000,39.560001,18.782925,92.734222,48.750000,,65.225311,24.215000,92.089996,44.783627,44.169998,35.520000,65.301003,29.860001,,,61.573524,51.442654,63.099998,24.743834,64.360001,51.830002,,53.009998,,46.340000,134.190002,,,29.000000,,46.892139,,35.820000,15.400000,77.010002,44.901188,,3.030000,1433.199951,1.973000,60.669998,88.839996,53.389999,,61.330002,32.619999,13.223993,54.848675,27.330000,,30.910000,73.529999,71.282593,,7.510000,74.349998,178.326599,199.350006,52.759998,40.160000,39.540001,18.705723,92.877632,48.299999,,65.148613,24.125000,92.070000,44.485317,44.330002,35.700001,65.158859,29.860001,,,61.166950,51.469536,62.549999,24.573055,64.269997,51.060001,,53.099998,,46.169998,134.309998,,,28.799999,,46.764168,,35.560001,15.393333,76.629997,44.664032,
2007-01-03,3.081786,1437.199951,1.934000,61.180000,88.900002,53.400002,,61.709999,32.974998,13.239613,54.353172,27.459999,,30.950001,72.769997,71.461243,,7.560000,75.050003,179.285080,200.600006,53.790001,41.299999,39.810001,18.642143,92.906311,48.000000,,65.119850,24.180000,91.599998,44.466675,43.650002,35.700001,64.824417,29.910000,,,61.076599,52.213261,62.700001,24.810247,63.720001,51.549999,,53.700001,,46.549999,135.250000,,,29.120001,,46.517368,,35.930000,15.696667,76.260002,44.795784,,2.992857,1443.000000,1.935000,60.360001,89.169998,53.330002,,61.160000,32.840000,13.327085,51.982365,27.730000,,30.840000,70.970001,71.943604,,7.510000,73.949997,181.968842,200.720001,53.810001,41.070000,39.709999,18.900999,92.992355,48.070000,,65.532120,24.290001,91.930000,44.131077,43.869999,35.610001,65.434784,29.860001,,,61.555454,52.096775,62.720001,24.943073,64.540001,52.900002,,53.200001,,46.139999,135.300003,,,28.559999,,45.749542,,35.740002,15.850000,74.110001,44.532280,
2007-01-04,3.001786,1442.000000,1.929500,60.230000,88.339996,53.330002,,61.250000,32.724998,13.339581,51.151440,27.680000,,31.209999,70.900002,71.943604,,7.560000,74.129997,181.968842,200.220001,54.470001,41.000000,39.650002,18.801090,92.973228,48.049999,,65.627998,24.209999,92.050003,43.627678,43.750000,35.049999,65.551842,29.700001,,,61.329578,52.616486,62.700001,25.028463,64.339996,52.340000,,53.049999,,45.799999,136.649994,,,28.500000,,45.603291,,35.740002,15.933333,73.849998,44.532280,,3.059286,1430.199951,1.945000,59.919998,89.529999,53.669998,,61.000000,32.880001,13.448922,50.366257,28.459999,,31.000000,70.279999,71.622032,,7.700000,74.419998,180.914505,198.850006,54.720001,40.570000,40.040001,18.928247,93.986618,48.189999,,65.877274,24.299999,91.690002,43.040382,43.540001,35.580002,65.175583,29.809999,,,60.489326,52.849461,63.150002,25.028463,64.050003,53.590000,,53.610001,,46.049999,137.770004,,,29.100000,,44.689213,,35.799999,15.926667,72.720001,44.505928,
2007-01-05,3.063214,1430.199951,1.936000,59.650002,89.779999,53.590000,,60.770000,32.875000,13.417682,50.846516,28.440001,,31.010000,70.279999,71.407646,,7.720000,74.400002,180.051865,198.429993,54.349998,40.439999,38.919998,18.910082,93.307838,48.169998,,65.848511,24.250000,91.690002,42.788685,43.400002,35.590000,65.125420,29.629999,,,59.838806,53.091396,62.700001,25.189753,63.869999,53.540001,,53.660000,,46.270000,133.300003,,,28.580000,,44.680073,,35.790001,15.833333,72.449997,44.505928,,3.037500,1423.599976,1.918500,59.130001,89.150002,53.240002,,60.220001,32.730000,13.292721,51.395382,28.469999,,31.170000,70.550003,70.943146,,7.620000,74.589996,180.003952,199.050003,53.959999,39.790001,38.669998,19.164396,93.135757,47.790001,,65.618408,24.129999,92.019997,42.042912,43.540001,35.180000,64.732445,29.639999,,,60.787479,53.091396,62.950001,24.952562,63.500000,52.619999,,53.369999,,45.880001,133.720001,,,28.760000,,45.118832,,35.599998,15.796667,73.239998,44.084320,
2007-01-08,3.070000,1423.800049,1.911000,59.029999,88.610001,53.459999,,60.090000,32.680000,13.239613,51.913757,28.540001,,31.510000,71.059998,70.961014,,7.630000,76.099998,179.476776,199.050003,52.880001,39.939999,38.730000,19.187103,94.168259,47.570000,,65.522530,24.004999,91.550003,42.108170,43.500000,35.189999,64.732445,29.650000,,,60.561604,52.311829,63.000000,24.943073,63.590000,52.459999,,54.470001,,45.279999,134.600006,,,28.709999,,45.648994,,35.610001,15.636667,73.879997,44.005268,,3.052500,1430.599976,1.875000,59.689999,88.940002,53.450001,,60.290001,32.855000,13.267729,52.066219,28.629999,,31.350000,71.449997,70.550110,,7.730000,78.000000,179.956024,203.729996,52.660000,39.490002,38.889999,19.059946,94.550667,47.950001,,65.992332,24.285000,93.690002,42.536987,43.709999,34.950001,64.874580,29.930000,,,61.139847,52.159496,63.090000,24.819735,63.639999,52.160000,,55.709999,,45.130001,133.970001,,,28.900000,,45.127972,,35.500000,15.666667,72.650002,44.822132,
2007-01-09,3.087500,1435.000000,1.880000,59.900002,88.930000,53.599998,,60.459999,33.025002,13.320837,51.075211,28.719999,,31.330000,70.980003,70.585838,,7.750000,78.000000,181.058289,203.539993,52.950001,39.500000,38.910000,19.109900,94.722755,47.900002,,66.078621,24.270000,94.029999,42.443768,43.860001,34.990002,65.217392,30.000000,,,61.329578,51.962364,63.049999,24.895636,63.389999,52.299999,,54.490002,,44.830002,132.169998,,,28.900000,,44.734917,,35.580002,15.666667,71.849998,44.848484,,3.306071,1425.800049,1.889000,59.310001,88.000000,53.500000,,60.619999,32.840000,13.352077,50.701675,28.469999,,31.010000,70.629997,70.371460,,7.790000,78.309998,179.956024,204.080002,52.669998,39.320000,38.910000,19.164396,95.669212,47.750000,,66.155319,24.305000,93.599998,43.096317,43.790001,35.130001,64.949837,29.959999,,,61.519314,51.568100,63.349998,24.829222,63.480000,52.220001,,54.610001,,44.529999,132.160004,,,28.840000,,44.734917,,35.590000,15.796667,72.089996,44.690380,
2007-01-10,3.383929,1419.199951,1.874500,59.240002,88.040001,53.259998,,60.189999,32.775002,13.223993,50.312893,28.270000,,31.000000,69.750000,70.121346,,7.790000,78.150002,179.141312,203.399994,52.610001,39.840000,38.299999,19.059946,94.168259,47.470001,,65.953979,24.245001,93.300003,43.096317,43.779999,35.099998,64.640465,29.799999,,,61.654839,51.693546,63.000000,24.762808,63.270000,52.200001,,53.930000,,44.970001,129.000000,,,28.820000,,44.570385,,35.419998,15.683333,71.809998,44.716732,,3.464286,1427.599976,1.857500,59.270000,89.269997,53.580002,,60.320000,33.020000,13.405186,49.192287,28.680000,,31.320000,69.410004,70.478653,,7.730000,79.290001,180.003952,208.110001,52.730000,39.779999,37.939999,19.164396,94.541107,48.099998,,66.442955,24.340000,94.580002,43.301403,44.259998,35.900002,65.091972,29.660000,,,62.034309,51.765232,64.150002,24.857685,64.239998,52.369999,,54.130001,,44.799999,129.429993,,,29.330000,,44.067642,,35.480000,15.760000,70.989998,44.690380,
2007-01-11,3.426429,1432.599976,1.858500,59.250000,88.970001,53.500000,,60.139999,33.020000,13.402062,48.407101,28.770000,,31.240000,69.320000,70.925285,,7.730000,79.300003,179.716400,208.339996,52.849998,39.650002,37.900002,19.096275,94.646271,48.000000,,66.404602,24.375000,94.550003,43.487846,44.220001,35.900002,65.259193,29.760000,,,61.980099,51.765232,64.199997,24.459204,64.160004,52.430000,,54.189999,,45.180000,128.000000,,,29.020000,,44.378429,,35.450001,15.756667,70.989998,44.769432,,3.421429,1425.800049,1.870000,59.450001,88.839996,53.259998,,60.000000,33.150002,13.417682,47.126411,28.690001,,31.510000,68.690002,71.514839,,7.770000,80.510002,181.729218,211.880005,53.070000,40.080002,38.000000,19.364214,94.311661,48.310001,,66.279961,24.370001,95.660004,43.683613,44.509998,35.779999,65.760872,30.700001,,,62.522202,51.971325,64.949997,25.104364,64.639999,52.490002,,48.500000,,45.340000,128.779999,,,29.030001,,44.478977,,35.540001,15.866667,70.980003,45.533596,
2007-01-12,3.378214,1426.000000,1.868000,59.349998,88.540001,53.240002,,59.660000,33.145000,13.480162,47.629539,28.540001,,31.520000,69.099998,71.514839,,7.770000,80.199997,181.345825,210.899994,53.580002,39.950001,38.240002,19.336966,94.636711,48.099998,,66.107384,24.299999,95.410004,43.581066,44.669998,35.790001,65.560204,30.650000,,,62.269218,51.899643,64.779999,25.028463,64.400002,52.400002,,50.180000,,45.320000,129.869995,,,28.930000,,44.780621,,35.540001,15.873333,71.209999,45.428196,,3.379286,1421.400024,1.910000,59.009998,88.129997,53.380001,,59.740002,33.419998,13.773821,48.658665,28.920000,,31.940001,70.349998,72.247314,,7.890000,80.089996,181.585449,213.990005,53.750000,40.110001,38.500000,19.768393,94.971321,47.990002,,66.164909,24.275000,96.309998,43.981922,44.220001,35.799999,66.354515,31.209999,,,62.865528,52.141579,64.699997,25.275143,65.000000,52.639999,,50.020000,,45.650002,130.889999,,,29.059999,,46.224861,,35.509998,15.993333,72.660004,44.822132,
2007-01-16,3.417143,1424.400024,1.920000,58.849998,88.250000,53.459999,,59.869999,33.869999,13.817557,48.696781,28.590000,,31.799999,70.080002,72.140121,,7.890000,80.089996,182.112625,210.850006,54.900002,40.000000,38.799999,19.686649,95.028679,48.160000,,66.356667,24.240000,96.050003,43.842091,44.360001,35.770000,66.454849,31.260000,,,62.684830,52.867386,64.500000,25.275143,64.910004,52.799999,,50.459999,,45.970001,131.490005,,,28.969999,,46.014626,,35.810001,15.976667,72.500000,45.059288,,3.467857,1423.400024,1.933000,59.130001,88.000000,53.439999,,59.240002,33.430000,13.892534,47.881104,28.040001,,31.790001,69.669998,72.497429,,7.940000,79.660004,182.639786,213.589996,54.540001,40.290001,38.740002,19.618528,96.386230,48.389999,,65.800575,24.250000,97.000000,44.187008,44.570000,35.759998,66.521736,31.160000,,,63.055264,52.777779,64.849998,25.398481,65.000000,52.930000,,50.279999,,45.669998,131.210007,,,28.879999,,45.511883,,36.230000,16.103333,71.629997,45.349144,
2007-01-17,3.484286,1429.599976,1.935000,59.160000,88.019997,53.500000,,59.360001,33.305000,13.826929,47.804871,27.860001,,32.000000,69.709999,72.515297,,7.970000,79.690002,182.975266,212.199997,55.299999,40.189999,38.689999,19.518620,96.261948,48.650002,,65.867691,24.264999,97.250000,44.196331,44.570000,35.810001,66.329430,31.260000,,,63.127544,52.867386,64.669998,25.332067,65.209999,52.900002,,49.700001,,45.509998,131.639999,,,28.730000,,45.676418,,36.310001,16.106667,71.489998,45.164688,,3.391071,1428.199951,1.894000,59.220001,88.830002,53.320000,,59.910000,33.275002,13.983130,48.445217,26.980000,,32.480000,70.820000,72.801140,,8.040000,80.070000,182.016769,213.229996,55.230000,40.290001,38.410000,19.296095,95.621414,48.430000,,66.366249,24.299999,96.500000,44.047176,44.860001,35.250000,65.978264,31.100000,,,62.992020,53.342293,65.000000,25.512335,65.360001,52.759998,,49.919998,,45.779999,131.100006,,,29.129999,,46.307129,,36.270000,16.066668,72.459999,44.795784,
2007-01-18,3.289286,1412.599976,1.875000,58.500000,89.129997,53.450001,,59.599998,33.255001,14.070603,48.826378,27.129999,,32.619999,70.830002,72.801140,,8.060000,80.900002,182.160538,213.750000,56.080002,40.049999,39.200001,19.391462,95.411087,48.049999,,67.018219,24.209999,96.120003,44.093788,44.869999,35.259998,65.811035,31.150000,,,62.992020,52.231182,64.410004,25.464895,65.250000,52.889999,,49.570000,,46.099998,132.199997,,,28.820000,,46.297989,,36.270000,16.066668,72.669998,44.795784,,3.181071,1418.800049,1.849000,59.000000,88.000000,53.290001,,59.900002,33.240002,14.089347,47.728642,26.450001,,32.610001,70.919998,73.140579,,8.180000,78.860001,182.112625,209.679993,55.750000,40.869999,39.299999,19.227976,95.076485,48.150002,,66.289551,24.174999,96.800003,43.748867,44.590000,35.349998,65.894646,31.000000,,,63.172722,52.016129,64.919998,25.777988,65.540001,52.990002,,48.970001,,45.869999,132.080002,,,28.320000,,45.667274,,36.200001,16.129999,71.959999,44.374176,
2007-01-19,3.165357,1424.800049,1.834500,59.230000,88.449997,53.459999,,60.099998,33.275002,14.026867,48.025944,26.450001,,32.770000,71.330002,73.462158,,8.240000,79.150002,178.039047,209.080002,55.730000,40.970001,39.529999,19.227976,90.822182,48.299999,,66.433365,24.205000,96.970001,43.776833,44.669998,35.459999,66.128761,30.730000,,,63.398594,52.007168,65.010002,25.825426,65.690002,53.400002,,48.540001,,45.680000,131.940002,,,28.639999,,45.877514,,36.290001,16.163334,72.500000,44.374176,,3.160714,1427.400024,1.851000,58.090000,88.629997,53.590000,,59.369999,33.424999,13.936270,48.750145,26.700001,,33.279999,72.320000,75.177223,,8.300000,79.529999,177.080566,210.289993,55.950001,40.549999,39.889999,19.073568,91.940727,48.759998,,66.069031,24.129999,97.269997,43.888699,44.810001,35.630001,66.262543,31.110001,,,63.507015,52.464157,64.820000,25.825426,66.089996,53.529999,,49.040001,,46.189999,132.330002,,,28.389999,,46.654480,,36.040001,16.103333,73.529999,44.453228,
2007-01-22,3.183571,1423.000000,1.882500,58.299999,87.510002,53.639999,,59.369999,33.450001,13.920650,49.093185,26.750000,,33.000000,72.510002,76.106224,,8.330000,79.400002,177.943207,211.089996,55.880001,40.660000,39.389999,19.096275,92.179733,48.869999,,66.510071,24.055000,97.279999,43.842091,44.799999,35.529999,66.262543,31.059999,,,62.928776,52.132614,64.629997,25.834915,65.949997,53.330002,,49.439999,,46.299999,132.270004,,,28.510000,,47.029251,,35.959999,16.053333,73.650002,44.374176,,3.099643,1409.199951,1.847500,58.060001,85.599998,53.650002,,58.169998,33.259998,13.992502,48.315624,26.530001,,33.029999,71.220001,74.534073,,8.410000,78.760002,176.122070,212.970001,55.590000,40.049999,39.099998,19.082651,92.839386,49.660000,,66.203262,24.014999,96.769997,43.664967,44.349998,35.910000,65.627090,30.719999,,,63.317280,51.415771,64.809998,25.569260,65.720001,53.279999,,48.790001,,45.630001,131.210007,,,28.590000,,47.458866,,35.750000,15.986667,72.900002,44.005268,
2007-01-23,3.061786,1400.000000,1.845000,58.000000,85.010002,53.250000,,58.430000,33.134998,13.948766,48.681534,26.370001,,32.799999,71.610001,74.123177,,8.390000,78.769997,175.786606,212.820007,55.430000,40.029999,39.520000,19.069029,92.648186,49.570000,,66.078621,24.075001,96.699997,43.730225,44.549999,35.820000,65.811035,30.629999,,,63.479912,52.043011,64.709999,25.256166,66.000000,53.320000,,50.119999,,45.939999,132.100006,,,29.790001,,47.687386,,35.799999,15.926667,73.550003,44.005268,,3.060714,1396.000000,1.821500,57.540001,87.360001,53.320000,,59.560001,33.160000,13.911278,49.527706,26.040001,,33.250000,72.559998,73.873062,,8.300000,80.889999,175.163589,212.639999,55.580002,40.430000,39.680000,19.214352,92.810707,49.830002,,66.807289,24.059999,98.739998,44.000565,44.849998,35.310001,65.928093,30.740000,,,64.681564,52.150539,64.839996,25.018974,65.639999,53.740002,,50.020000,,46.000000,132.080002,,,29.600000,,48.436928,,36.009998,15.936667,74.489998,43.557312,
2007-01-24,3.095714,1393.000000,1.825500,57.700001,87.349998,53.470001,,59.790001,33.070000,13.955014,49.550575,26.230000,,33.250000,72.489998,73.980247,,8.310000,78.760002,175.882446,213.509995,55.360001,40.520000,40.139999,19.196184,92.810707,49.680000,,66.634705,24.094999,98.199997,44.009888,44.450001,35.310001,65.928093,30.780001,,,64.555077,52.087814,64.739998,24.990513,65.550003,53.869999,,47.750000,,46.099998,134.479996,,,29.870001,,48.126144,,35.970001,16.023333,74.500000,43.583664,,3.096429,1397.599976,1.863000,58.930000,87.599998,53.200001,,59.730000,33.244999,14.058107,50.023212,26.889999,,32.860001,72.839996,75.141495,,8.200000,79.849998,175.594910,220.100006,55.630001,40.689999,40.639999,19.250681,93.116638,50.360001,,66.605942,24.065001,97.139999,44.438705,44.160000,35.040001,66.463211,31.090000,,,64.871300,52.284946,65.199997,25.445921,65.510002,54.490002,,46.500000,,46.209999,135.550003,,,30.000000,,48.948811,,36.560001,16.203333,74.900002,44.743084,
2007-01-25,3.111071,1393.000000,1.904000,58.779999,87.300003,53.200001,,59.849998,33.049999,14.014371,50.023212,26.930000,,32.860001,72.500000,75.463074,,8.150000,79.500000,175.642838,219.830002,55.500000,40.529999,39.779999,19.150772,92.944550,50.240002,,66.529243,24.035000,98.500000,44.354809,43.980000,35.119999,66.521736,31.080000,,,63.488945,52.374554,65.070000,25.445921,65.360001,54.490002,,47.139999,,46.220001,132.800003,,,30.400000,,48.829983,,36.459999,16.203333,74.620003,44.743084,,3.080357,1377.800049,1.854000,57.770000,86.160004,52.400002,,59.630001,33.000000,13.586379,48.834000,26.219999,,32.750000,71.519997,74.927116,,8.220000,77.750000,174.157181,213.070007,54.849998,40.090000,38.959999,18.941872,93.221794,50.209999,,65.906036,23.969999,97.440002,43.767509,43.000000,34.759998,66.061874,30.450001,,,64.419548,52.204300,64.419998,25.009487,64.919998,53.360001,,46.360001,,45.680000,131.699997,,,30.469999,,47.659962,,36.080002,16.049999,73.519997,44.558632,
2007-01-26,3.111071,1378.000000,1.863000,57.810001,86.000000,52.520000,,61.259998,33.025002,13.601999,49.138924,26.160000,,32.759998,72.139999,74.623405,,8.150000,77.519997,174.684341,214.559998,54.709999,40.119999,39.189999,18.960035,93.231361,50.000000,,65.723869,24.000000,98.750000,43.814121,43.020000,34.639999,66.028427,31.219999,,,64.428581,51.756271,64.449997,24.981026,65.000000,53.360001,,46.540001,,45.299999,132.000000,,,30.650000,,47.952469,,36.130001,16.016666,73.889999,44.584980,,3.049286,1371.800049,1.842500,57.849998,85.430000,52.040001,,61.090000,33.090000,13.527023,49.375244,26.350000,,32.970001,71.500000,74.498344,,8.420000,78.050003,172.863220,213.500000,54.610001,39.939999,39.070000,18.932789,93.164436,49.700001,,65.436241,23.915001,96.669998,43.870056,42.930000,34.540001,65.794312,30.600000,,,63.687714,51.559139,64.449997,24.943073,64.860001,52.919998,,46.200001,,45.340000,131.539993,,,31.020000,,47.979889,,36.029999,15.890000,73.610001,44.874836,
2007-01-29,3.082143,1374.800049,1.835000,57.750000,85.050003,51.990002,,61.290001,33.099998,13.477038,49.512459,26.290001,,32.910000,71.510002,74.337555,,8.440000,78.050003,172.863220,213.899994,54.480000,40.299999,39.070000,19.028156,93.403442,49.570000,,65.340363,23.879999,96.330002,43.879375,42.779999,34.209999,65.668900,30.650000,,,64.058151,51.845879,64.449997,24.895636,65.230003,53.110001,,46.500000,,44.660000,131.850006,,,31.020000,,48.208408,,35.910000,16.049999,73.650002,45.006588,,3.069286,1367.000000,1.871500,57.639999,85.500000,51.459999,,61.700001,33.355000,13.692596,49.260895,26.209999,,32.689999,71.529999,73.926659,,8.370000,77.169998,173.438309,211.039993,54.520000,39.910000,39.020000,19.264305,94.206497,49.470001,,65.503357,23.855000,96.059998,43.637001,43.230000,35.169998,66.020065,30.530001,,,63.913589,51.657707,64.599998,24.724857,64.879997,54.020000,,46.630001,,44.570000,131.699997,,,30.940001,,48.089581,,35.950001,15.876667,73.199997,44.848484,
2007-01-30,3.086786,1367.000000,1.864500,57.680000,85.750000,51.520000,,62.150002,33.259998,13.761325,49.497215,26.290001,,32.900002,71.949997,73.980247,,8.380000,77.169998,173.486237,211.080002,54.480000,40.110001,39.380001,19.300636,94.235184,49.700001,,65.522530,23.915001,96.000000,44.000565,43.480000,35.049999,62.642139,30.570000,,,64.094292,51.729389,64.680000,24.686907,64.410004,54.029999,,46.970001,,44.730000,132.300003,,,31.040001,,48.619743,,36.090000,15.916667,73.449997,44.295124,,3.055357,1364.000000,1.852500,58.009998,86.000000,52.119999,,62.880001,33.709999,13.651984,50.046082,26.250000,,33.049999,73.070000,73.676544,,8.200000,77.029999,172.671524,208.779999,54.599998,40.169998,39.700001,19.577658,95.000000,50.180000,,66.174500,23.905001,96.239998,43.562424,43.770000,34.830002,62.458195,30.480000,,,64.121391,51.550179,65.089996,24.762808,64.589996,54.009998,,46.680000,,44.439999,132.710007,,,30.840000,,49.223034,,35.900002,15.760000,74.389999,45.243744,
2007-01-31,3.030714,1366.000000,1.847500,58.020000,89.300003,52.000000,,63.139999,33.855000,13.580131,49.992722,26.190001,,33.169998,72.989998,73.390694,,8.170000,76.699997,172.527740,208.300003,53.770000,39.970001,39.220001,19.527702,94.455070,50.070000,,66.203262,23.900000,96.199997,43.711578,43.770000,34.580002,62.048496,30.410000,,,63.741924,51.353046,65.099998,24.677420,64.500000,53.750000,,46.080002,,43.799999,130.899994,,,30.830000,,49.259598,,35.480000,15.733333,74.389999,45.322792,,3.061786,1369.000000,1.883500,58.220001,89.559998,52.580002,,64.070000,34.150002,13.855045,50.625443,26.620001,,33.650002,72.879997,74.212502,,8.130000,78.150002,172.767365,212.160004,54.130001,40.740002,39.330002,19.654860,94.789673,50.930000,,66.538834,23.940001,97.190002,44.876846,44.349998,34.919998,62.123745,30.860001,,,64.094292,51.693546,65.239998,24.895636,64.870003,54.540001,,46.340000,,44.080002,131.779999,,,31.190001,,49.616089,,35.919998,15.896667,74.099998,45.322792,
2007-02-01,3.079643,1372.000000,1.897500,58.299999,89.949997,52.759998,,64.800003,34.119999,13.701968,50.846516,26.670000,,33.500000,73.250000,74.141037,,8.170000,78.010002,173.390381,213.440002,54.790001,40.770000,39.470001,19.346048,94.617592,50.959999,,66.452538,23.995001,96.900002,44.886169,44.259998,34.919998,62.500000,30.840000,,,64.058151,52.105736,65.000000,25.037951,64.900002,54.520000,,46.700001,,43.740002,133.000000,,,31.330000,,50.648994,,35.930000,15.836667,74.580002,45.454544,,3.026429,1378.199951,1.935000,58.070000,91.050003,52.840000,,64.989998,34.055000,13.408310,51.311527,26.590000,,33.290001,74.470001,74.373291,,8.290000,79.089996,173.630005,212.000000,54.709999,41.080002,39.200001,19.237057,94.646271,51.209999,,66.615532,24.049999,98.459999,45.697197,44.480000,33.939999,61.864548,30.559999,,,64.419548,52.410393,65.379997,25.256166,65.339996,55.439999,,46.759998,,44.119999,133.279999,,,31.370001,,51.215721,,35.869999,15.926667,75.080002,45.454544,
2007-02-02,3.004286,1378.400024,1.861500,58.299999,91.050003,52.830002,,65.000000,33.950001,13.439550,51.342018,26.910000,,33.549999,73.800003,74.337555,,8.290000,79.529999,173.773773,211.000000,55.799999,40.900002,38.950001,19.282471,94.741875,51.220001,,66.615532,24.049999,97.849998,45.650585,44.480000,34.060001,61.764214,30.820000,,,64.753845,52.195339,64.650002,25.303604,65.580002,54.720001,,45.939999,,44.110001,131.649994,,,31.540001,,51.691044,,35.869999,15.916667,75.000000,45.401844,,3.026786,1381.400024,1.869500,58.160000,90.050003,52.740002,,65.250000,33.869999,13.455170,51.296280,27.139999,,33.189999,74.040001,74.123177,,8.230000,78.669998,173.821701,213.429993,55.810001,40.830002,38.240002,19.105358,94.808792,50.930000,,66.605942,24.120001,98.459999,45.482788,44.540001,34.029999,61.764214,30.190001,,,65.440506,52.473118,65.040001,25.426945,65.339996,53.759998,,46.130001,,43.970001,131.270004,,,31.389999,,51.398537,,35.860001,16.026667,75.540001,45.401844,
2007-02-05,3.010714,1380.000000,1.862500,58.169998,90.449997,52.740002,,65.250000,33.764999,13.427054,51.380135,27.420000,,33.200001,74.050003,74.266098,,8.200000,78.900002,173.821701,213.300003,55.029999,40.669998,37.509998,19.096275,94.808792,50.810001,,66.260788,24.055000,98.000000,45.538719,44.459999,34.230000,61.939800,29.969999,,,65.024895,52.356632,65.000000,25.360531,65.120003,53.759998,,46.029999,,44.029999,130.000000,,,31.510000,,51.627056,,35.790001,16.146667,75.650002,45.533596,,2.997857,1386.000000,1.858000,58.200001,90.720001,52.880001,,64.489998,33.744999,13.317713,51.105701,27.510000,,33.299999,73.779999,73.694405,,8.330000,79.070000,174.300949,212.550003,55.139999,41.029999,37.669998,19.441418,95.965584,50.959999,,66.356667,23.950001,99.080002,46.014149,44.529999,33.560001,61.814381,29.610001,,,65.955498,52.311829,64.830002,25.502846,65.150002,53.250000,,45.759998,,44.209999,130.460007,,,31.590000,,50.904938,,35.689999,16.173332,75.669998,45.559948,
2007-02-06,3.016071,1388.199951,1.860000,58.400002,91.000000,52.770000,,64.500000,33.619999,13.367698,51.593586,27.750000,,33.330002,74.150002,73.515755,,8.330000,79.449997,174.444717,213.289993,55.669998,41.090000,38.330002,19.423252,95.602295,50.849998,,66.356667,24.000000,99.389999,45.958218,44.700001,33.430000,61.797661,29.590000,,,65.955498,52.903225,64.839996,25.398481,65.150002,53.250000,,45.560001,,44.139999,133.490005,,,31.540001,,51.371117,,35.790001,16.203333,75.860001,45.559948,,3.005357,1390.000000,1.913500,58.060001,90.980003,53.209999,,64.419998,33.494999,13.261481,50.800774,27.280001,,33.230000,73.370003,74.605537,,8.540000,79.570000,174.013397,214.649994,55.560001,41.270000,38.509998,19.078112,95.458893,51.000000,,66.615532,24.025000,101.290001,46.228561,44.770000,33.669998,62.098663,29.510000,,,66.181374,52.974911,64.389999,25.455408,64.589996,53.340000,,45.779999,,44.230000,133.699997,,,31.219999,,50.548447,,35.900002,16.193333,75.459999,45.507244,
2007-02-07,3.017143,1394.000000,1.924500,58.230000,90.589996,53.349998,,64.900002,33.575001,13.267729,50.953239,28.620001,,33.200001,73.870003,74.587669,,8.560000,79.400002,174.061325,215.029999,55.200001,41.220001,38.709999,19.073568,95.411087,50.840000,,66.471718,24.014999,100.919998,46.228561,44.750000,33.520000,62.123745,29.639999,,,66.289795,53.189964,64.400002,25.199242,64.820000,53.430000,,45.430000,,44.150002,133.100006,,,31.000000,,50.731262,,35.910000,16.129999,75.400002,45.507244,,3.076786,1392.800049,1.949000,58.680000,90.349998,53.360001,,65.639999,33.500000,13.292721,50.488228,28.090000,,33.240002,72.639999,74.748459,,8.560000,79.440002,173.006989,213.550003,55.349998,41.360001,38.580002,19.209808,95.162521,51.209999,,66.136147,24.014999,101.519997,46.731956,44.720001,33.610001,62.416389,29.370001,,,66.524704,52.956989,64.500000,25.161289,64.480003,53.160000,,46.020000,,44.130001,132.940002,,,31.040001,,50.484463,,35.880001,16.193333,74.790001,45.665348,
2007-02-08,3.051071,1392.800049,1.947500,58.680000,89.639999,53.349998,,65.580002,33.575001,13.305217,50.472980,27.900000,,33.330002,72.459999,74.462616,,8.500000,79.489998,172.815292,212.089996,56.070000,41.220001,38.660000,19.300636,94.550667,51.060001,,66.059441,23.975000,101.519997,46.731956,44.730000,33.450001,62.608696,29.240000,,,66.533737,52.580647,63.250000,25.000000,64.110001,53.189999,,46.299999,,44.189999,132.410004,,,30.900000,,50.310787,,35.810001,16.120001,74.279999,45.480896,,3.077857,1391.800049,1.955000,58.490002,89.519997,53.320000,,65.629997,33.514999,12.939706,50.976109,28.139999,,33.119999,73.750000,74.355423,,8.550000,79.239998,171.281708,213.899994,55.840000,41.090000,38.869999,19.287012,95.239006,50.930000,,65.589645,23.930000,100.879997,47.738750,44.349998,32.970001,62.408028,29.260000,,,67.211365,52.571686,63.310001,25.085388,64.589996,52.840000,,46.430000,,44.330002,132.100006,,,31.080000,,51.115173,,35.560001,16.103333,75.459999,45.665348,
2007-02-09,3.067143,1391.800049,1.959500,58.650002,89.349998,53.320000,,65.989998,33.590000,13.005311,51.075211,28.059999,,33.169998,73.930000,74.283958,,8.820000,79.150002,171.137939,215.770004,56.660000,41.220001,39.889999,19.368755,95.143402,51.020000,,65.762222,23.860001,100.760002,47.067554,44.470001,33.099998,62.408028,29.350000,,,67.039703,52.455196,62.560001,25.056927,64.589996,52.849998,,47.000000,,43.509998,133.479996,,,31.490000,,51.361973,,35.419998,16.123333,75.459999,45.718048,,2.973929,1378.800049,1.936000,57.529999,90.000000,52.990002,,64.800003,33.459999,12.752265,51.067585,27.709999,,32.910000,73.320000,75.070038,,8.730000,79.559998,170.275299,213.279999,56.380001,41.000000,39.580002,19.178020,94.216064,50.419998,,65.522530,23.879999,101.160004,45.762451,44.560001,33.570000,62.324413,28.980000,,,66.859001,52.320789,63.910000,25.028463,64.430000,52.160000,,46.299999,,43.779999,132.059998,,,30.920000,,50.840950,,35.360001,15.990000,75.220001,45.876152,
2007-02-12,3.015357,1382.000000,1.939500,57.689999,89.550003,53.200001,,64.750000,33.584999,12.761637,50.389126,27.620001,,32.799999,73.099998,74.891380,,8.720000,78.900002,170.371155,213.750000,57.139999,41.619999,39.259998,19.287012,94.455070,50.590000,,65.388306,23.924999,101.160004,45.939571,44.500000,33.740002,62.332775,28.889999,,,66.868034,52.598564,63.990002,25.066414,64.360001,52.250000,,46.580002,,44.220001,132.470001,,,30.990000,,50.274223,,35.480000,16.049999,74.930000,45.849800,,3.031429,1371.400024,1.942500,57.000000,89.199997,53.040001,,64.599998,33.455002,12.489847,50.335762,27.540001,,32.490002,72.320000,75.570267,,8.650000,78.779999,170.802475,211.130005,56.740002,41.439999,39.320000,19.118982,94.244743,50.439999,,65.512939,23.959999,101.629997,45.585331,44.730000,34.310001,62.366222,28.940001,,,67.220398,52.311829,63.720001,24.876659,64.160004,52.250000,,46.330002,,44.290001,131.789993,,,30.510000,,50.329067,,35.599998,15.913333,74.599998,45.797100,
2007-02-13,3.041429,1376.400024,1.942500,57.230000,89.199997,53.090000,,64.699997,33.415001,12.517963,50.427238,27.660000,,32.279999,72.730003,75.927567,,8.500000,79.000000,170.802475,211.979996,57.349998,41.290001,40.169998,19.178020,94.263863,50.349998,,65.867691,24.049999,101.639999,45.678555,44.849998,34.189999,63.545151,29.040001,,,67.229439,52.759857,63.790001,24.876659,64.160004,52.450001,,46.810001,,43.070000,134.050003,,,30.559999,,50.594151,,35.599998,15.933333,74.800003,45.981556,,3.025000,1382.400024,1.965500,57.599998,89.290001,53.730000,,64.730003,33.779999,12.808497,51.281036,27.180000,,32.090000,72.830002,76.284874,,8.450000,79.809998,171.425491,212.529999,57.820000,41.759998,40.500000,19.341509,93.967499,50.950001,,66.021095,24.105000,102.260002,45.715843,44.900002,34.549999,63.904682,29.010000,,,67.401100,52.571686,63.810001,25.037951,64.709999,53.150002,,46.970001,,43.400002,134.860001,,,30.270000,,50.978062,,35.869999,15.993333,75.449997,46.587616,
2007-02-14,3.022500,1385.000000,1.961500,57.599998,89.269997,53.759998,,65.449997,33.755001,12.817869,51.258163,27.260000,,32.080002,72.639999,76.374207,,8.450000,79.900002,172.192276,213.699997,57.830002,41.720001,40.330002,19.341509,94.168259,51.090000,,66.021095,24.250000,102.379997,45.725163,44.950001,34.180000,63.904682,29.170000,,,67.401100,52.894264,63.799999,24.971537,64.849998,53.189999,,47.410000,,43.560001,134.820007,,,30.450001,,51.215721,,35.880001,16.026667,75.900002,46.587616,,3.046429,1385.199951,2.007000,58.689999,89.940002,54.049999,,66.160004,33.950001,12.920962,51.425877,27.459999,,32.720001,72.190002,76.767242,,8.510000,79.629997,174.780197,217.399994,58.369999,41.730000,40.779999,19.450500,94.837479,51.419998,,66.701820,23.940001,102.320000,45.762451,45.020000,34.430000,64.247490,29.400000,,,67.292679,53.324371,63.349998,25.218216,64.879997,53.230000,,47.630001,,43.759998,136.500000,,,30.950001,,51.106033,,36.009998,15.956667,75.599998,47.246376,
2007-02-15,3.051429,1382.599976,2.007000,58.520000,90.019997,54.080002,,68.000000,34.044998,12.892846,51.136196,27.590000,,32.750000,72.059998,76.820839,,8.550000,79.699997,174.253021,217.940002,58.000000,41.570000,39.810001,19.400545,94.703636,51.049999,,66.567596,23.995001,102.139999,45.855675,44.900002,34.330002,64.297661,29.580000,,,67.346893,53.566307,63.259998,25.218216,64.800003,52.910000,,47.419998,,43.950001,137.080002,,,30.750000,,50.877514,,36.220001,15.966667,75.190002,47.140976,,3.043214,1382.400024,2.003000,58.849998,91.709999,53.849998,,67.620003,33.955002,12.914714,50.434864,27.559999,,32.910000,71.360001,77.785561,,8.600000,79.489998,173.198685,216.820007,57.650002,41.660000,40.020000,19.382380,94.569794,51.209999,,66.759346,23.924999,103.339996,46.032795,44.980000,34.220001,64.306023,29.459999,,,67.726357,53.494625,64.080002,25.170778,64.989998,53.689999,,47.320000,,43.799999,136.770004,,,31.160000,,50.786106,,36.009998,16.120001,75.339996,47.562580,
2007-02-16,3.044643,1383.199951,1.995000,59.000000,91.980003,53.639999,,67.790001,34.334999,12.849110,50.168053,27.480000,,32.669998,71.010002,77.714104,,8.540000,79.099998,172.863220,215.960007,58.090000,41.500000,39.070000,19.323341,94.760994,51.160000,,66.442955,24.000000,102.660004,45.799740,45.000000,34.220001,64.306023,28.910000,,,67.753464,53.691757,64.269997,25.066414,64.889999,53.930000,,47.000000,,43.639999,137.020004,,,31.000000,,50.557587,,36.270000,16.116667,75.260002,47.351780,,3.029643,1391.199951,2.016500,59.020000,90.940002,54.049999,,67.669998,34.380001,13.005311,50.427238,27.520000,,32.730000,70.809998,77.606911,,8.530000,79.250000,171.904724,216.919998,57.779999,41.439999,39.080002,19.423252,94.636711,51.250000,,66.481300,23.934999,101.949997,45.995506,45.320000,34.950001,64.247490,28.740000,,,67.771538,53.082436,64.620003,24.952562,65.070000,53.980000,,47.110001,,43.759998,137.149994,,,30.780001,,51.151737,,35.759998,16.160000,75.290001,47.667984,
2007-02-20,3.023214,1395.000000,2.006500,58.750000,91.500000,53.869999,,67.540001,34.224998,12.930334,50.015591,27.559999,,32.549999,70.650002,77.285332,,8.560000,79.269997,171.856812,218.330002,58.230000,40.740002,39.049999,19.327885,94.321220,51.150002,,66.538834,23.760000,101.699997,45.911606,45.169998,34.700001,63.963211,28.629999,,,67.888992,52.482079,64.419998,24.848198,64.750000,53.709999,,46.570000,,43.750000,136.500000,,,30.700001,,50.466179,,35.770000,16.603333,74.900002,47.667984,,3.067857,1398.199951,2.075500,58.709999,91.029999,54.049999,,67.930000,34.435001,12.949078,49.992722,27.660000,,32.790001,70.120003,77.499718,,8.650000,79.290001,173.054916,220.940002,58.000000,41.340000,39.009998,19.586739,94.980881,51.630001,,67.104507,23.889999,102.790001,46.284492,45.799999,33.860001,64.030098,28.830000,,,68.169075,52.589607,64.610001,24.952562,64.879997,53.720001,,46.849998,,43.799999,136.669998,,,31.049999,,51.160877,,35.939999,16.753332,74.870003,47.588932,
2007-02-21,3.070714,1392.000000,2.059500,58.259998,90.300003,53.750000,,67.589996,34.285000,12.867854,49.939358,27.320000,,32.720001,70.120003,77.053085,,8.670000,78.800003,172.479828,219.250000,57.230000,40.889999,37.930000,19.123524,94.550667,51.450001,,66.922340,23.775000,102.760002,45.967541,45.740002,33.799999,63.628761,28.750000,,,68.132935,52.150539,64.410004,24.857685,64.750000,53.599998,,46.320000,,43.820000,135.369995,,,30.879999,,51.188301,,35.939999,16.636667,74.720001,47.351780,,3.185714,1393.800049,2.063000,58.529999,90.959999,53.910000,,68.209999,34.250000,13.024055,50.533966,27.379999,,33.070000,69.940002,76.838699,,8.470000,78.720001,172.096420,220.149994,57.099998,41.299999,38.259998,18.664850,94.732315,51.650002,,66.740173,23.785000,102.550003,46.359070,45.970001,33.439999,63.737457,29.350000,,,68.024513,52.123657,65.019997,24.734344,64.690002,53.790001,,46.490002,,43.889999,135.589996,,,30.980000,,52.925045,,36.180000,16.656668,74.779999,47.351780,
2007-02-22,3.242857,1389.000000,2.070000,58.419998,91.099998,53.849998,,68.250000,34.099998,13.055295,50.533966,27.520000,,33.000000,70.019997,76.999489,,8.480000,78.900002,171.665100,221.000000,56.459999,41.169998,38.209999,18.719345,94.455070,51.799999,,66.874397,23.844999,103.239998,46.237881,45.849998,33.630001,63.754181,29.309999,,,67.852852,51.702511,64.910004,24.753321,64.480003,53.750000,,46.130001,,43.630001,135.850006,,,31.600000,,52.989033,,36.130001,16.696667,74.620003,47.351780,,3.196786,1386.800049,2.050000,58.150002,90.580002,53.700001,,67.779999,34.180000,12.863168,50.983730,27.400000,,32.520000,70.669998,76.820839,,8.350000,79.180000,169.652283,218.970001,56.360001,41.180000,38.090000,18.519527,94.168259,51.639999,,66.634705,23.650000,101.550003,46.107372,46.049999,33.270000,63.837791,29.389999,,,67.509521,51.872761,64.660004,24.544592,64.709999,53.279999,,46.270000,,43.779999,135.649994,,,32.090000,,53.729431,,36.209999,16.563334,75.080002,47.404480,
2007-02-23,3.184286,1383.599976,2.050000,58.000000,90.209999,53.279999,,67.510002,34.095001,12.778819,51.281036,27.350000,,32.599998,71.190002,76.534988,,8.350000,78.750000,169.316818,219.160004,56.740002,41.419998,38.090000,18.569483,94.072655,51.549999,,66.538834,23.834999,101.589996,46.247204,46.049999,33.630001,63.954849,29.219999,,,67.084877,52.329750,64.430000,24.573055,64.779999,54.000000,,45.730000,,43.709999,135.800003,,,32.029999,,53.948811,,36.169998,16.553333,75.290001,47.694336,,3.181071,1375.800049,2.039000,58.020000,90.279999,52.860001,,67.260002,34.165001,12.713215,51.227673,27.510000,,32.480000,71.070000,77.624779,,8.300000,79.050003,168.214554,216.500000,56.919998,40.959999,38.160000,18.537693,93.432121,51.029999,,67.114098,23.629999,102.110001,46.135338,46.009998,33.259998,63.720737,28.900000,,,67.238472,52.553764,64.580002,24.307400,64.820000,54.799999,,45.880001,,43.860001,135.500000,,,32.209999,,53.720291,,35.630001,16.523333,75.220001,47.114624,
2007-02-26,3.208571,1376.000000,2.043000,58.020000,90.480003,53.090000,,67.510002,34.264999,12.741331,51.524975,27.639999,,32.320000,71.419998,82.930771,,8.310000,79.129997,168.981339,217.990005,57.230000,41.000000,38.590000,18.578566,93.556404,51.169998,,67.027802,23.850000,102.070000,46.172626,46.000000,33.259998,63.921406,28.959999,,,66.768646,51.514336,64.849998,24.392790,64.660004,54.810001,,46.119999,,43.860001,136.899994,,,32.310001,,54.369286,,35.750000,16.570000,75.519997,47.009224,,3.161071,1373.599976,2.044000,57.139999,88.930000,52.790001,,67.260002,34.235001,12.403936,51.807034,27.240000,,32.380001,71.410004,80.376030,,8.260000,78.089996,169.364731,214.000000,56.910000,40.790001,38.599998,18.297003,92.648186,50.810001,,67.018219,23.860001,101.470001,45.743809,45.799999,33.270000,63.645485,29.070000,,,66.714439,51.182796,64.489998,24.516129,64.440002,53.509998,,46.279999,,43.709999,137.029999,,,31.770000,,53.930531,,35.669998,16.660000,75.400002,47.193676,
2007-02-27,3.082143,1368.000000,2.009500,57.000000,88.000000,52.200001,,66.050003,34.189999,12.319588,50.998978,26.750000,,32.099998,70.709999,78.625229,,8.120000,77.750000,169.173035,209.750000,56.450001,40.490002,38.380001,17.960945,91.778206,50.610001,,67.018219,23.735001,101.160004,45.520077,45.540001,33.520000,63.653847,28.709999,,,66.091026,50.564514,64.389999,24.240988,64.309998,53.049999,,45.849998,,43.570000,138.000000,,,31.110001,,52.897621,,35.150002,16.533333,74.889999,46.034256,,2.997500,1335.400024,1.941500,55.590000,87.199997,50.799999,,64.830002,33.669998,11.855670,49.588692,25.709999,,31.500000,68.580002,77.999947,,7.780000,75.330002,166.105881,196.000000,55.700001,39.820000,37.189999,17.674841,89.827919,49.220001,,65.397888,23.195000,97.570000,44.280231,44.459999,32.080002,62.290970,27.870001,,,64.970688,49.569893,62.759998,23.851992,61.250000,52.200001,,45.160000,,42.840000,132.970001,,,30.670000,,52.449726,,34.389999,16.066668,71.830002,45.401844,
2007-02-28,2.964286,1326.400024,1.945500,56.029999,87.400002,50.869999,,64.669998,33.645000,11.790066,49.931736,25.799999,,31.500000,68.589996,78.196465,,7.900000,75.209999,166.776825,200.399994,56.230000,39.290001,37.139999,17.556767,89.588913,49.070000,,65.110260,23.375000,96.750000,43.888699,44.560001,32.209999,62.081940,27.950001,,,63.922626,50.116486,62.570000,24.032257,62.500000,52.110001,,46.209999,,42.820000,135.149994,,,30.850000,,52.312614,,34.500000,16.166668,72.230003,45.111988,,3.021786,1342.199951,1.957000,56.869999,87.260002,50.830002,,64.430000,33.705002,12.052484,49.794518,25.940001,,31.420000,68.519997,78.214333,,7.910000,76.379997,167.303986,201.750000,56.139999,39.590000,37.150002,17.870117,88.852776,49.389999,,65.196548,23.340000,97.260002,44.662437,43.689999,31.930000,61.939800,28.170000,,,64.916473,49.668461,63.150002,23.681213,63.490002,51.490002,,46.020000,,42.410000,133.600006,,,30.959999,,52.595978,,34.700001,16.103333,71.680000,45.507244,
2007-03-01,3.001071,1329.000000,1.966000,56.200001,86.599998,50.250000,,63.900002,33.180000,11.766635,49.481968,25.400000,,31.260000,67.320000,77.249603,,7.770000,75.000000,165.866257,197.119995,55.810001,39.169998,35.500000,17.552225,86.281075,48.980000,,65.100670,23.209999,96.250000,44.187008,43.490002,31.799999,61.872910,27.820000,,,64.193672,49.014336,62.750000,23.576851,62.750000,51.000000,,45.090000,,41.779999,130.509995,,,30.549999,,52.285191,,34.500000,15.926667,70.900002,44.611332,,3.109286,1348.199951,1.942500,56.549999,87.849998,50.380001,,63.900002,33.465000,11.968135,50.274776,25.850000,,31.340000,67.599998,77.088814,,7.770000,76.410004,167.735306,199.660004,55.869999,39.450001,36.380001,17.679382,88.212234,49.200001,,65.359543,23.260000,97.820000,44.448029,44.099998,32.369999,61.588631,28.090000,,,65.259804,49.372761,63.430000,23.757116,63.680000,51.320000,,47.520000,,41.910000,131.279999,,,30.790001,,52.989033,,34.660000,15.963333,70.989998,45.243744,
2007-03-02,3.098929,1369.000000,1.916000,56.099998,87.870003,50.099998,,63.400002,33.435001,11.832240,50.076576,25.690001,,31.280001,67.580002,76.838699,,7.750000,75.599998,167.399841,198.199997,54.720001,39.310001,36.209999,17.679382,87.954109,48.950001,,65.033554,23.225000,97.660004,44.298874,44.099998,32.400002,61.245819,28.020000,,,65.259804,49.283154,63.410000,23.700190,63.349998,51.200001,,47.060001,,42.299999,130.100006,,,30.600000,,52.989033,,34.599998,15.950000,70.949997,45.059288,,3.050357,1390.800049,1.884500,55.439999,87.029999,50.009998,,63.040001,33.325001,11.921275,49.497215,25.299999,,30.940001,66.790001,75.677460,,7.590000,75.459999,167.112289,195.669998,54.610001,39.009998,35.840000,17.561308,86.902489,48.189999,,64.467880,22.945000,95.440002,44.326839,43.669998,31.850000,61.045151,27.760000,,,64.880333,49.202511,62.930000,23.519924,63.160000,50.360001,,46.220001,,41.950001,129.089996,,,30.760000,,52.102379,,34.439999,15.936667,70.010002,44.479576,
2007-03-05,3.067500,1383.400024,1.857500,55.430000,86.959999,49.599998,,62.520000,33.200001,11.879100,48.872116,25.020000,,30.660000,66.199997,74.409019,,7.520000,74.400002,166.489273,193.550003,53.930000,38.750000,36.619999,17.470482,86.281075,47.599998,,64.467880,22.950001,94.959999,43.814121,43.459999,31.600000,61.045151,27.490000,,,64.428581,48.915771,62.930000,23.510435,62.840000,50.000000,,45.590000,,41.549999,128.300003,,,30.480000,,50.365631,,34.000000,15.883333,69.349998,44.057972,,3.082857,1385.599976,1.852500,54.900002,87.019997,49.639999,,63.169998,33.299999,11.855670,49.161797,25.459999,,30.790001,66.430000,74.605537,,7.580000,75.129997,165.578705,190.000000,53.970001,38.669998,36.299999,17.597639,87.772469,47.540001,,64.803452,23.145000,96.500000,43.310726,42.910000,31.620001,61.178928,27.549999,,,64.717705,48.951614,62.770000,23.434534,62.790001,49.310001,,45.500000,,41.639999,127.910004,,,30.900000,,51.106033,,34.029999,15.823333,69.980003,44.163372,
2007-03-06,3.135714,1390.199951,1.884500,55.349998,88.029999,50.099998,,63.560001,33.404999,11.954077,49.573444,25.790001,,31.250000,67.279999,75.355881,,7.670000,75.650002,166.441345,193.899994,54.320000,39.020000,36.849998,17.756584,88.336517,47.970001,,65.043144,23.344999,96.889999,43.562424,43.169998,31.850000,61.555183,27.799999,,,64.952614,50.358421,62.959999,23.690702,63.000000,49.270000,,45.880001,,42.220001,132.449997,,,31.600000,,52.084095,,34.450001,15.946667,70.699997,44.295124,,3.149643,1394.800049,1.929000,56.369999,87.820000,50.939999,,63.619999,33.294998,12.127460,50.175674,25.959999,,31.299999,67.669998,75.784645,,7.640000,76.489998,166.393433,197.369995,54.990002,38.799999,36.759998,17.906448,89.674950,48.520000,,65.215721,23.465000,96.900002,44.093788,43.099998,32.230000,61.429768,27.830000,,,65.133316,50.940861,63.259998,23.899431,62.939999,50.110001,,46.240002,,42.320000,132.729996,,,31.350000,,52.870201,,34.660000,16.013332,71.000000,44.505928,
2007-03-07,3.144643,1393.599976,1.934000,56.119999,87.820000,51.029999,,63.730000,33.310001,11.991565,50.175674,25.910000,,31.100000,67.800003,75.802513,,7.710000,76.250000,166.489273,197.479996,54.770000,38.709999,36.490002,17.951862,89.837479,48.689999,,64.793861,23.379999,96.860001,43.581066,42.919998,32.259998,61.454849,27.760000,,,65.295944,50.430107,63.099998,24.051233,62.799999,50.230000,,45.880001,,42.310001,133.240005,,,31.350000,,52.833637,,34.520000,16.016666,71.000000,44.611332,,3.132857,1386.000000,1.918000,55.860001,88.709999,50.590000,,64.230003,32.935001,12.080600,51.197182,25.870001,,31.320000,68.330002,75.195091,,7.620000,76.029999,164.524368,195.589996,55.070000,38.709999,36.330002,18.242508,89.808792,48.360001,,64.304893,23.375000,96.540001,44.326839,43.099998,31.309999,61.705685,27.610001,,,65.151382,50.645161,62.750000,23.975332,62.080002,50.599998,,45.820000,,42.500000,132.919998,,,31.139999,,54.661793,,34.320000,15.976667,71.639999,44.268776,
2007-03-08,3.163929,1397.000000,1.938500,56.340000,88.980003,50.880001,,64.559998,32.900002,12.188379,51.685062,26.170000,,31.900000,68.949997,75.891838,,7.810000,76.699997,165.818329,198.029999,55.580002,38.770000,37.180000,18.392370,90.344170,48.790001,,64.813042,23.450001,97.400002,44.848881,44.000000,31.400000,61.897991,27.719999,,,65.503754,50.636200,63.000000,24.127134,62.290001,50.849998,,46.290001,,42.630001,134.979996,,,31.389999,,55.146252,,34.619999,16.016666,72.150002,44.453228,,3.142857,1387.199951,1.905000,56.820000,88.889999,50.770000,,64.300003,33.115002,12.197751,51.509731,26.150000,,32.410000,68.459999,76.284874,,7.930000,77.089996,165.099472,199.940002,55.630001,38.799999,37.090000,18.287920,88.910133,48.740002,,64.525406,23.575001,97.180000,45.165836,43.639999,31.330000,62.307693,27.320000,,,65.838043,50.806454,63.049999,24.108158,62.310001,50.360001,,46.119999,,43.290001,134.440002,,,31.700001,,54.844608,,34.509998,15.960000,71.849998,44.453228,
2007-03-09,3.171429,1395.000000,1.924000,57.070000,89.699997,51.150002,,64.459999,33.115002,12.380506,51.959496,26.420000,,32.950001,68.830002,76.660049,,8.050000,77.699997,165.674561,202.949997,55.830002,39.150002,36.889999,18.356039,89.369026,49.119999,,64.669220,23.615000,97.559998,45.426853,43.799999,31.340000,62.366222,27.420000,,,66.136200,50.322582,63.150002,24.079697,62.400002,50.799999,,45.930000,,42.799999,134.300003,,,32.500000,,55.237659,,34.779999,15.926667,71.949997,44.769432,,3.141786,1381.400024,1.942000,56.900002,89.510002,50.950001,,64.400002,33.314999,12.239925,51.685062,26.080000,,32.599998,68.470001,76.820839,,7.930000,77.320000,164.476456,201.699997,55.590000,38.669998,36.720001,18.215260,89.177818,48.820000,,64.487061,23.785000,96.889999,45.249733,44.150002,31.500000,62.483276,27.290001,,,66.000671,50.421146,62.880001,24.108158,62.160000,50.240002,,46.029999,,42.840000,133.139999,,,32.459999,,55.054844,,34.500000,15.806667,71.120003,44.927536,
2007-03-12,3.145357,1377.000000,1.932000,56.110001,89.000000,50.950001,,64.300003,33.314999,12.118088,51.075211,25.980000,,31.900000,68.470001,77.928482,,7.950000,77.000000,164.284760,200.000000,55.490002,38.410000,36.509998,18.128975,89.187378,48.639999,,64.189835,23.785000,96.650002,45.259056,44.099998,31.530001,62.382942,27.180000,,,65.865150,50.430107,62.820000,24.108158,62.090000,50.240002,,45.849998,,42.759998,133.139999,,,32.459999,,54.625229,,34.209999,15.843333,70.800003,44.927536,,3.209643,1375.599976,1.940500,56.709999,91.199997,51.090000,,64.570000,33.299999,12.263355,51.258163,26.170000,,31.980000,68.830002,78.410851,,7.820000,78.779999,165.051544,202.600006,56.000000,38.169998,36.599998,18.333332,89.971321,48.840000,,64.132309,23.975000,100.000000,45.147190,44.669998,31.920000,62.851170,27.440001,,,66.696373,50.627239,63.169998,24.079697,62.090000,50.150002,,46.349998,,42.700001,133.399994,,,32.590000,,55.109688,,34.529999,15.753333,70.870003,45.533596,
2007-03-13,3.193214,1373.000000,1.915000,56.299999,90.900002,51.080002,,64.110001,33.209999,12.127460,51.143818,26.000000,,32.270000,68.830002,77.803429,,7.840000,78.070000,164.236832,204.960007,55.720001,38.029999,36.400002,18.188011,89.732315,48.450001,,63.978909,23.674999,99.519997,45.072613,44.619999,31.650000,62.500000,27.250000,,,66.669266,50.582436,63.490002,24.041746,61.750000,49.810001,,45.919998,,42.459999,133.399994,,,32.099998,,55.283363,,34.259998,15.660000,70.370003,45.164688,,3.157143,1347.199951,1.891000,54.750000,89.449997,49.459999,,63.340000,32.935001,11.954077,50.762661,25.500000,,31.900000,67.839996,76.713646,,7.640000,76.769997,163.374191,199.029999,55.250000,37.349998,35.770000,17.960945,88.632889,46.700001,,63.796741,23.530001,96.870003,44.615826,43.480000,30.930000,62.516724,26.719999,,,65.720589,50.268818,62.160000,23.662239,61.169998,48.590000,,45.000000,,42.139999,130.750000,,,31.740000,,55.018284,,33.470001,15.393333,69.910004,44.321476,
2007-03-14,3.164286,1353.800049,1.888000,54.250000,89.449997,49.520000,,63.209999,33.000000,12.033739,51.029469,25.500000,,31.900000,68.300003,77.803429,,7.610000,76.949997,163.374191,200.000000,54.840000,37.279999,35.500000,18.029064,88.575523,46.720001,,63.892616,23.625000,97.089996,44.522606,43.570000,30.930000,62.525085,26.820000,,,65.720589,50.573479,62.910000,23.643265,61.349998,48.730000,,44.860001,,41.709999,130.000000,,,31.790001,,55.091408,,33.480000,15.393333,70.099998,44.479576,,3.214286,1340.000000,1.904000,55.709999,89.980003,49.770000,,63.639999,32.665001,12.104030,51.768917,25.850000,,32.310001,68.320000,77.499718,,7.510000,77.580002,164.428528,200.149994,54.830002,37.560001,35.520000,18.069937,89.636711,47.299999,,64.209015,23.520000,98.139999,44.503963,43.650002,30.200001,63.377926,27.400000,,,65.765762,50.627239,62.689999,23.586338,61.360001,48.770000,,45.279999,,41.900002,129.979996,,,31.670000,,56.005486,,33.650002,15.243333,71.019997,44.374176,
2007-03-15,3.212857,1340.000000,1.905000,55.580002,89.980003,49.630001,,63.490002,32.689999,12.146204,51.456367,25.700001,,32.320000,68.199997,80.894127,,7.550000,77.360001,163.901352,200.000000,54.480000,37.459999,35.340000,18.019981,89.292542,47.139999,,64.209015,23.475000,97.940002,44.401417,43.500000,30.040001,63.377926,27.320000,,,65.783836,50.286739,62.730000,23.510435,61.560001,48.779999,,45.270000,,41.709999,130.479996,,,31.580000,,55.987202,,33.619999,15.250000,70.709999,44.295124,,3.198929,1341.000000,1.889000,56.110001,91.040001,50.099998,,63.459999,32.630001,12.052484,50.709297,25.809999,,33.340000,68.870003,81.823120,,7.590000,77.480003,165.434937,200.889999,54.720001,37.490002,35.540001,18.029064,89.340347,47.700001,,64.237778,23.540001,98.050003,44.578541,43.470001,30.600000,63.536789,27.280001,,,66.018745,50.501793,62.990002,23.709677,61.910000,49.500000,,45.189999,,41.900002,130.740005,,,31.570000,,55.310787,,34.099998,15.333333,70.690002,44.453228,
2007-03-16,3.197857,1353.800049,1.886000,56.400002,91.040001,50.270000,,63.720001,32.709999,12.052484,50.701675,25.790001,,33.299999,69.239998,81.948181,,7.630000,77.970001,165.818329,200.789993,54.880001,37.599998,35.259998,18.256130,90.296364,47.619999,,64.237778,23.625000,98.430000,44.587860,42.500000,30.520000,63.737457,27.350000,,,66.226547,51.164875,63.770000,23.785580,62.139999,49.900002,,45.220001,,42.189999,130.029999,,,31.680000,,55.091408,,34.130001,15.406667,70.769997,44.637680,,3.199643,1337.400024,1.892500,55.549999,90.000000,49.619999,,63.160000,32.549999,11.921275,49.809765,25.990000,,32.939999,68.080002,80.840530,,7.550000,77.550003,164.668152,199.000000,54.549999,37.509998,35.090000,18.124432,89.149139,47.029999,,63.969318,23.605000,97.800003,44.214973,43.480000,30.420000,62.943146,27.330000,,,65.566994,51.173836,62.570000,23.709677,61.610001,49.580002,,45.340000,,42.110001,129.899994,,,31.280001,,54.853748,,33.950001,15.403333,69.860001,44.137020,
2007-03-19,3.222857,1340.800049,1.900000,56.259998,90.500000,49.799999,,64.650002,32.560001,11.949391,50.053703,26.190001,,33.200001,68.580002,81.037048,,7.580000,77.839996,165.339096,201.320007,54.689999,37.650002,35.220001,18.165304,89.818359,47.200001,,64.141899,23.670000,98.000000,44.699726,43.650002,30.670000,63.160534,27.340000,,,65.774803,50.851254,62.810001,23.766603,61.720001,50.049999,,45.310001,,42.099998,130.460007,,,31.740000,,55.173676,,34.090000,15.500000,70.120003,44.374176,,3.254643,1357.199951,1.922500,56.040001,90.320000,50.369999,,64.169998,32.689999,12.136832,50.046082,26.299999,,33.139999,69.379997,80.822662,,7.820000,78.320000,166.153809,202.440002,54.790001,37.720001,35.410000,18.260672,89.856598,47.580002,,64.573349,23.665001,98.970001,45.016682,43.869999,30.900000,63.846153,27.830000,,,66.795753,50.833332,62.840000,24.060720,61.980000,49.349998,,45.220001,,42.369999,131.550003,,,31.219999,,55.566727,,34.250000,15.530000,71.099998,44.400528,
2007-03-20,3.262500,1357.199951,1.926500,56.040001,90.320000,50.369999,,64.169998,32.650002,12.136832,50.244286,26.330000,,33.330002,69.389999,81.108513,,7.770000,78.139999,165.962112,202.490005,54.790001,37.650002,35.450001,18.197094,89.866158,47.509998,,64.534996,23.709999,98.599998,45.259056,43.950001,31.040001,63.954849,27.930000,,,66.606018,50.609318,62.689999,23.937382,61.980000,49.139999,,44.439999,,42.270000,131.449997,,,31.370001,,55.722122,,34.250000,15.493333,71.120003,44.453228,,3.267143,1367.599976,1.929000,56.259998,90.160004,50.759998,,64.860001,32.904999,12.314902,50.549210,26.340000,,33.669998,70.050003,81.465820,,7.880000,78.419998,166.633041,204.000000,55.619999,37.930000,35.740002,17.988194,90.344170,47.750000,,65.234901,23.809999,98.379997,45.874317,44.310001,31.480000,63.862877,27.840000,,,66.822861,50.976704,63.400002,24.231499,62.279999,49.799999,,45.009998,,42.770000,132.050003,,,31.350000,,56.307129,,34.610001,15.766667,72.000000,44.690380,
2007-03-21,3.285357,1367.199951,1.927500,56.270000,90.160004,50.779999,,65.099998,32.965000,12.314902,50.678806,26.400000,,33.709999,70.379997,81.108513,,7.910000,78.260002,166.537201,205.339996,55.730000,37.889999,35.459999,18.042688,90.344170,47.810001,,65.100670,23.850000,98.540001,45.706520,44.270000,31.490000,63.754181,27.900000,,,66.849968,50.851254,63.220001,24.165085,62.340000,49.730000,,45.849998,,42.799999,131.979996,,,31.420000,,56.599632,,34.660000,15.740000,72.440002,44.769432,,3.352500,1373.800049,1.990000,57.490002,90.800003,51.860001,,66.209999,33.404999,12.582006,51.204803,26.790001,,34.669998,71.339996,81.537277,,8.010000,78.540001,170.035675,210.949997,56.250000,38.740002,36.180000,18.251589,91.166351,49.049999,,65.877274,24.129999,99.849998,46.517548,44.610001,31.350000,64.297661,28.520000,,,67.771538,51.818996,64.180000,24.525618,62.959999,50.630001,,46.360001,,43.630001,133.529999,,,31.700001,,56.508228,,35.480000,15.923333,73.230003,45.006588,
2007-03-22,3.347500,1373.800049,1.974000,57.400002,90.400002,51.980000,,66.620003,33.840000,12.610122,51.433498,26.760000,,34.799999,71.550003,81.233566,,8.030000,78.529999,169.843979,211.699997,55.540001,38.610001,35.900002,18.392370,90.917786,49.060001,,65.062317,23.955000,99.500000,46.610767,44.549999,31.500000,64.456520,28.520000,,,67.681183,51.326164,63.770000,24.354839,63.500000,51.360001,,46.570000,,43.560001,132.759995,,,31.700001,,56.965263,,35.049999,15.873333,73.529999,43.741764,,3.355714,1364.199951,1.974500,57.439999,90.570000,51.639999,,66.540001,33.525002,12.525773,52.355900,26.370001,,34.310001,72.930000,81.090645,,8.080000,77.419998,171.617188,210.080002,55.480000,38.330002,36.029999,18.369663,91.003822,48.470001,,66.260788,24.125000,97.910004,46.498901,44.490002,31.850000,65.033447,28.270000,,,66.976456,51.146954,64.110001,24.468691,63.849998,50.639999,,46.279999,,43.520000,132.800003,,,31.250000,,57.312614,,34.990002,16.003332,74.360001,45.902504,
2007-03-23,3.333929,1364.199951,1.978000,57.580002,89.790001,51.700001,,66.650002,33.500000,12.558575,52.752308,26.450001,,34.410000,73.389999,80.644012,,8.060000,77.570000,171.521332,210.059998,55.150002,38.349998,36.250000,18.283379,90.650093,48.590000,,66.260788,24.065001,98.000000,46.415005,45.000000,32.029999,64.874580,28.219999,,,67.084877,51.362007,63.849998,24.307400,63.529999,50.799999,,45.590000,,43.380001,133.600006,,,31.250000,,57.723949,,35.020000,16.003332,74.660004,45.849800,,3.340000,1362.400024,1.949000,57.430000,90.980003,51.689999,,66.879997,33.560001,12.422680,52.790421,26.190001,,34.570000,73.699997,81.644470,,7.890000,77.629997,171.665100,211.889999,54.840000,38.220001,36.439999,18.360580,90.850861,48.520000,,66.145737,24.025000,99.150002,46.247204,45.049999,32.000000,65.192307,28.020000,,,68.413017,51.182796,64.089996,24.345350,63.799999,50.419998,,45.570000,,43.400002,133.179993,,,31.360001,,58.180988,,34.959999,15.970000,75.019997,45.691700,
2007-03-26,3.356786,1361.599976,1.949000,57.400002,90.879997,51.700001,,67.449997,33.595001,12.389878,52.988625,26.230000,,34.799999,74.139999,81.519417,,7.940000,77.379997,171.808884,212.009995,55.090000,38.150002,36.220001,18.365124,90.822182,48.549999,,65.963570,23.975000,99.160004,46.209915,45.490002,32.099998,64.933113,27.940001,,,68.214249,51.030464,64.019997,24.222012,63.599998,50.290001,,45.470001,,43.009998,132.750000,,,31.309999,,58.427788,,34.840000,15.946667,75.440002,45.691700,,3.423214,1359.000000,1.950500,57.200001,90.830002,51.560001,,66.839996,33.470001,12.324274,53.026741,26.340000,,34.619999,74.400002,84.109886,,7.870000,77.589996,172.527740,211.729996,55.160000,37.910000,36.139999,18.365124,90.822182,48.700001,,66.097794,24.075001,98.419998,46.396358,45.119999,31.889999,64.698997,28.219999,,,68.033546,51.406811,63.889999,24.354839,63.900002,49.770000,,45.669998,,43.320000,132.699997,,,31.150000,,58.820843,,34.680000,15.946667,75.470001,45.296444,
2007-03-27,3.418214,1359.400024,1.941000,56.950001,90.599998,51.560001,,66.309998,33.360001,12.319588,52.836163,26.150000,,34.630001,74.010002,83.966957,,7.880000,77.070000,171.569260,211.009995,54.110001,37.730000,35.750000,18.256130,90.544930,48.590000,,65.752640,24.000000,98.040001,46.331104,44.869999,31.889999,64.749161,28.040001,,,67.717323,50.896057,63.500000,24.193548,63.549999,49.709999,,45.160000,,43.049999,131.500000,,,31.000000,,58.592323,,34.500000,15.856667,75.370003,45.191040,,3.409286,1351.800049,1.968500,56.430000,90.519997,51.840000,,66.879997,33.235001,12.221181,52.965755,25.930000,,34.369999,74.169998,83.448868,,7.850000,77.550003,171.521332,209.869995,54.630001,37.340000,35.790001,18.269754,90.564056,48.570000,,65.810165,24.010000,98.180000,46.032795,45.040001,31.700001,64.523415,27.719999,,,67.617943,50.743729,62.950001,24.184061,63.270000,49.320000,,45.240002,,43.119999,131.259995,,,31.219999,,59.323582,,34.400002,15.830000,75.709999,45.428196,
2007-03-28,3.388571,1348.199951,1.954500,56.299999,90.279999,51.439999,,66.550003,33.169998,12.089972,53.301174,25.790001,,34.200001,74.470001,83.288078,,7.840000,77.410004,171.090012,208.210007,54.380001,37.180000,35.099998,18.165304,89.770554,48.290001,,65.675934,23.895000,97.669998,46.032795,44.849998,31.549999,64.163879,27.580000,,,67.310753,50.815411,62.750000,24.146111,63.480000,49.160000,,44.660000,,42.900002,130.559998,,,31.170000,,59.808044,,34.320000,15.723333,76.160004,45.059288,,3.330000,1343.000000,1.967000,55.860001,89.449997,50.770000,,66.239998,33.439999,12.071228,52.782799,25.700001,,33.950001,74.080002,82.805717,,7.980000,76.830002,170.371155,206.759995,54.040001,36.770000,34.900002,18.069937,90.114723,47.990002,,65.886864,23.955000,97.180000,45.464142,44.830002,31.459999,63.862877,27.639999,,,66.976456,50.421146,62.889999,23.889942,63.009998,48.910000,,44.450001,,42.930000,128.860001,,,30.700001,,58.564899,,34.139999,15.546667,75.559998,44.611332,
2007-03-29,3.363929,1357.000000,1.982500,56.650002,90.110001,51.020000,,66.669998,33.525002,12.197751,53.202072,25.920000,,34.389999,74.360001,82.805717,,8.020000,77.629997,170.610764,208.089996,54.450001,36.970001,34.880001,18.142597,90.497131,48.240002,,66.490891,23.805000,97.910004,45.678555,45.290001,31.469999,63.862877,27.840000,,,67.455307,50.761650,62.970001,23.889942,63.490002,49.160000,,44.490002,,43.220001,129.779999,,,30.930000,,58.857403,,34.500000,15.643333,75.830002,45.059288,,3.348214,1344.000000,1.990500,56.459999,89.760002,51.189999,,66.190002,33.419998,12.118088,52.729435,25.430000,,34.160000,74.949997,82.251892,,7.950000,76.650002,170.371155,207.199997,54.549999,36.820000,34.889999,18.165304,90.411087,48.500000,,65.963570,24.055000,98.099998,45.426853,44.869999,31.520000,63.620399,27.750000,,,67.581802,50.976704,63.590000,24.108158,63.259998,48.709999,,44.630001,,43.410000,129.949997,,,30.389999,,59.542961,,34.540001,15.573333,76.239998,44.795784,
2007-03-30,3.367143,1343.599976,1.987500,56.650002,89.620003,51.169998,,66.699997,33.459999,12.136832,52.432133,25.430000,,34.299999,74.809998,80.840530,,7.970000,76.830002,170.419067,207.440002,54.799999,36.770000,35.090000,18.210718,90.095604,48.610001,,65.925217,24.129999,98.339996,45.631943,44.950001,31.420000,63.528427,27.750000,,,67.807678,51.084229,63.939999,24.051233,63.110001,48.790001,,44.470001,,43.330002,128.500000,,,30.230000,,59.716637,,34.500000,15.620000,76.239998,43.741764,,3.318214,1344.400024,1.989500,56.400002,88.910004,51.020000,,67.029999,33.395000,12.160262,52.104336,25.530001,,34.139999,73.959999,81.930313,,7.890000,76.400002,169.460587,206.630005,55.259998,36.740002,34.869999,18.228884,90.114723,48.380001,,65.666344,24.000000,97.019997,45.641266,45.049999,31.660000,63.904682,27.870001,,,67.057770,48.951614,63.560001,23.965843,63.160000,49.340000,,44.650002,,43.509998,128.160004,,,30.100000,,58.948811,,34.430000,15.650000,75.449997,44.505928,
2007-04-02,3.362143,1350.000000,1.992500,56.400002,88.900002,51.200001,,67.040001,33.355000,12.160262,52.226307,25.670000,,34.380001,74.050003,81.769524,,7.900000,76.470001,169.460587,207.669998,55.240002,36.669998,34.590000,18.333332,90.353729,48.380001,,65.685524,24.100000,97.349998,45.501431,44.279999,31.629999,63.913044,27.889999,,,67.301712,49.363800,63.150002,23.937382,63.220001,49.490002,,45.000000,,43.250000,126.879997,,,30.120001,,59.213894,,34.419998,15.686667,75.349998,44.848484,,3.344643,1343.000000,2.021000,55.860001,88.830002,50.430000,,66.750000,33.029999,12.061856,51.982365,25.400000,,34.419998,74.830002,81.465820,,8.090000,76.269997,169.125122,205.649994,55.189999,36.790001,34.689999,18.306086,91.022942,48.240002,,65.790985,24.260000,96.930000,46.275169,44.820000,30.850000,63.779263,27.740000,,,67.663116,49.641579,63.389999,24.041746,63.020000,49.509998,,45.080002,,43.230000,126.919998,,,29.900000,,59.351006,,34.009998,15.800000,76.160004,45.006588,
2007-04-03,3.362143,1343.000000,2.021000,55.799999,89.320000,50.599998,,67.209999,33.224998,12.164948,51.563091,25.540001,,34.500000,74.610001,81.733795,,8.090000,76.739998,169.796051,207.000000,55.459999,36.889999,35.130001,18.324251,91.252388,48.250000,,66.049858,24.264999,97.239998,46.387035,45.000000,30.660000,63.988293,27.860001,,,68.060654,49.534050,63.700001,24.146111,63.220001,49.849998,,45.299999,,43.169998,125.699997,,,30.110001,,58.884827,,34.099998,15.836667,76.099998,45.349144,,3.375000,1352.800049,2.059500,55.919998,89.900002,50.860001,,67.239998,33.009998,12.296157,51.715553,25.850000,,34.290001,75.339996,81.394356,,8.080000,77.379997,169.268890,209.750000,55.730000,37.630001,35.490002,18.569483,91.873802,48.560001,,66.203262,24.495001,97.279999,46.564159,45.259998,30.330000,64.765884,27.870001,,,68.385918,49.363800,63.400002,24.354839,62.900002,50.049999,,45.570000,,43.349998,126.980003,,,30.070000,,59.049358,,34.509998,16.033333,76.800003,45.217392,
2007-04-04,3.390714,1356.000000,2.061000,56.000000,89.910004,50.939999,,67.239998,33.110001,12.328960,51.441120,25.950001,,34.669998,75.120003,81.537277,,8.040000,77.559998,169.508514,209.449997,55.549999,37.610001,35.910000,18.619436,91.586998,48.560001,,66.347076,24.504999,97.510002,46.564159,45.040001,30.200001,64.799332,28.010000,,,68.340736,49.274193,63.450001,24.240988,63.099998,49.860001,,46.349998,,43.660000,127.650002,,,30.139999,,58.893967,,34.549999,16.000000,76.589996,45.085640,,3.366786,1346.400024,2.076500,56.310001,90.269997,50.889999,,67.480003,33.090000,12.352390,51.639324,26.100000,,34.590000,75.550003,80.072319,,8.040000,78.260002,168.262482,208.789993,56.099998,38.110001,36.009998,18.664850,91.978966,48.560001,,66.308723,24.730000,97.050003,46.965012,45.230000,30.719999,64.515053,28.500000,,,68.169075,49.632614,63.730000,24.487665,63.049999,49.480000,,46.299999,,43.860001,127.739998,,,30.600000,,60.265083,,34.340000,16.016666,77.110001,45.770752,
2007-04-05,3.361429,1344.000000,2.078500,56.080002,90.199997,50.730000,,67.480003,33.119999,12.282099,51.593586,26.020000,,34.599998,75.559998,79.679283,,8.020000,77.919998,168.358322,208.500000,55.810001,37.939999,35.500000,18.610353,91.759079,48.349998,,66.404602,24.670000,96.750000,46.983654,45.240002,30.549999,64.406357,28.320000,,,68.214249,49.865589,63.630001,24.421251,62.810001,49.360001,,46.720001,,43.779999,125.779999,,,30.500000,,60.329067,,34.200001,15.963333,77.099998,45.270092,,3.381429,1344.599976,2.084000,55.959999,90.500000,50.849998,,67.629997,33.314999,12.469541,51.807034,26.059999,,34.730000,75.610001,79.447037,,8.010000,78.110001,167.831161,207.929993,56.240002,38.020000,35.490002,18.982742,92.275337,48.770000,,66.788109,24.760000,96.709999,46.629414,45.779999,31.580000,64.172241,28.549999,,,67.807678,49.964157,63.680000,24.516129,63.000000,50.040001,,46.720001,,43.980000,126.489998,,,30.820000,,60.338207,,34.439999,16.090000,77.220001,45.691700,
2007-04-09,3.400357,1349.599976,2.086000,56.020000,90.970001,50.900002,,67.760002,33.325001,12.464855,51.090454,26.120001,,34.840000,75.320000,84.127747,,8.050000,78.290001,168.214554,208.570007,56.200001,38.240002,35.340000,18.941872,92.189293,48.779999,,66.922340,24.799999,96.989998,46.676022,45.950001,31.280001,64.247490,28.580000,,,67.952232,49.775986,63.599998,24.601519,63.029999,50.200001,,46.619999,,43.900002,126.750000,,,30.900000,,60.575867,,34.410000,16.090000,76.769997,45.849800,,3.344643,1344.599976,2.083000,56.360001,90.029999,50.860001,,67.339996,33.355000,12.399250,52.157700,26.200001,,34.900002,75.489998,83.305946,,8.080000,78.519997,166.680969,208.940002,56.119999,38.080002,35.299999,18.773842,92.370934,49.000000,,67.219559,24.815001,98.029999,46.470936,46.490002,31.309999,64.239128,28.570000,,,68.422058,49.551971,62.990002,24.667933,63.259998,50.520000,,46.360001,,43.549999,126.290001,,,30.820000,,61.380257,,34.369999,16.156668,76.800003,45.586300,
2007-04-10,3.345357,1342.000000,2.078500,56.200001,89.949997,50.939999,,67.199997,33.325001,12.324274,52.355900,26.100000,,34.779999,75.790001,82.609200,,8.090000,78.389999,166.776825,208.300003,56.220001,38.090000,34.560001,18.796549,92.160614,49.009998,,67.219559,24.889999,98.400002,46.275169,46.270000,31.299999,64.280937,28.500000,,,68.467232,49.928314,62.950001,24.629980,63.240002,50.439999,,46.400002,,43.660000,125.900002,,,30.750000,,61.380257,,34.389999,16.150000,76.800003,45.586300,,3.366071,1338.000000,2.093000,56.410000,90.839996,51.070000,,66.949997,32.985001,12.516401,52.942886,25.990000,,35.000000,77.040001,81.305031,,8.190000,78.389999,167.160217,209.050003,55.950001,38.230000,34.759998,18.492279,92.217972,49.240002,,67.449661,25.040001,98.050003,46.470936,46.310001,31.240000,63.963211,28.400000,,,68.304604,49.722221,63.410000,24.667933,63.209999,50.049999,,46.709999,,43.830002,126.489998,,,31.260000,,61.517368,,34.410000,15.980000,77.570000,45.744400,
2007-04-11,3.353571,1338.000000,2.086500,56.320000,90.900002,51.070000,,67.000000,32.900002,12.652296,53.171581,25.969999,,35.049999,77.040001,81.680199,,8.140000,78.080002,167.735306,208.699997,56.200001,38.119999,34.369999,18.528610,92.265778,49.099998,,67.305847,25.040001,98.209999,46.564159,46.310001,31.180000,63.963211,28.299999,,,68.051620,49.462364,63.240002,24.611006,63.209999,50.220001,,46.209999,,44.220001,125.669998,,,31.320000,,61.599632,,34.430000,15.983333,77.599998,45.770752,,3.306786,1329.800049,2.084000,56.049999,89.970001,50.509998,,66.349998,32.945000,12.849110,52.775173,25.790001,,35.009998,76.559998,80.554688,,8.130000,76.720001,167.495682,206.929993,55.930000,37.970001,33.980000,18.496820,90.975143,49.150002,,66.749763,24.820000,96.610001,46.116695,46.439999,32.020000,63.737457,28.110001,,,66.840927,49.363800,63.209999,24.705881,63.040001,51.250000,,45.790001,,43.939999,124.540001,,,30.780001,,61.590492,,34.169998,15.756667,76.769997,45.770752,
2007-04-12,3.287143,1340.000000,2.086500,56.090000,89.980003,50.520000,,66.099998,32.875000,12.933458,53.125839,25.780001,,35.009998,76.750000,82.359085,,8.110000,76.699997,168.502090,206.250000,56.610001,37.889999,33.980000,18.446865,90.850861,49.520000,,66.538834,24.825001,96.000000,46.209915,46.490002,32.400002,63.787624,28.059999,,,66.768646,49.462364,63.900002,24.639469,63.029999,51.200001,,46.500000,,44.180000,123.849998,,,30.700001,,61.709324,,34.169998,15.793333,76.970001,45.797100,,3.292500,1332.800049,2.113500,56.509998,90.849998,50.279999,,66.639999,33.169998,13.059981,53.735695,25.969999,,35.029999,77.169998,82.180428,,8.090000,77.339996,168.597946,207.050003,57.070000,38.020000,34.220001,18.673933,91.462715,49.200001,,67.056564,24.834999,96.160004,46.470936,46.630001,32.450001,64.138794,28.540001,,,67.834778,49.704300,64.160004,25.104364,63.520000,51.689999,,46.570000,,44.380001,124.400002,,,31.000000,,62.760513,,34.340000,15.753333,77.389999,45.981556,
2007-04-13,3.246429,1338.000000,2.109500,57.000000,91.099998,50.439999,,66.949997,33.145000,13.106842,53.750942,25.920000,,35.150002,77.500000,82.698524,,8.110000,78.089996,170.610764,207.949997,58.189999,37.959999,33.830002,18.673933,91.539200,49.450001,,67.056564,25.145000,96.160004,46.610767,47.200001,32.590000,64.590302,28.430000,,,67.762497,50.582436,64.400002,25.426945,63.520000,51.540001,,48.360001,,45.540001,121.000000,,,31.129999,,62.961609,,34.150002,15.800000,77.500000,47.430828,,3.222857,1338.199951,2.120500,57.360001,91.029999,50.419998,,66.790001,33.205002,13.205248,53.773811,26.680000,,35.130001,77.010002,81.966042,,8.020000,76.720001,169.556442,206.500000,58.099998,37.889999,33.880001,18.701181,90.755257,49.090000,,67.248322,24.940001,96.239998,46.741280,47.639999,32.799999,64.147156,28.610001,,,67.536629,50.510754,64.400002,25.303604,63.380001,51.259998,,48.009998,,45.700001,121.519997,,,30.830000,,62.522854,,34.630001,15.803333,77.410004,46.534912,
2007-04-16,3.234643,1341.400024,2.188500,57.480000,91.000000,50.799999,,67.029999,33.185001,13.270853,53.941521,26.670000,,35.130001,77.250000,81.983910,,8.050000,77.099998,170.131531,208.240005,58.779999,38.000000,34.009998,18.701181,90.812622,49.470001,,67.430489,25.004999,96.339996,47.058231,47.660000,33.000000,64.306023,28.600000,,,67.599869,50.869175,64.400002,25.474382,63.500000,51.320000,,48.759998,,45.959999,121.150002,,,30.950001,,62.285191,,34.799999,15.876667,77.639999,45.270092,,3.265357,1352.199951,2.260000,58.560001,90.309998,51.230000,,66.900002,33.099998,13.069353,53.819550,26.620001,,34.950001,77.870003,82.073235,,8.030000,77.180000,169.460587,214.520004,58.830002,38.560001,34.340000,18.705723,91.950287,49.970001,,67.775650,25.135000,96.000000,47.636204,48.099998,32.759998,64.515053,28.730000,,,67.265572,50.779572,64.559998,25.559772,63.730000,51.880001,,49.160000,,46.189999,122.730003,,,31.510000,,61.170017,,35.509998,16.023333,78.169998,47.220024,
2007-04-17,3.285714,1335.400024,2.264000,58.500000,90.300003,51.299999,,67.000000,33.055000,13.031865,53.903404,26.680000,,35.060001,78.000000,81.823120,,8.000000,77.220001,169.508514,215.149994,59.139999,38.840000,34.049999,18.655767,92.065010,49.970001,,67.986580,25.525000,95.989998,47.776039,48.049999,32.480000,64.381271,28.629999,,,67.464348,50.797489,64.680000,25.559772,63.580002,51.869999,,49.320000,,46.299999,122.330002,,,31.450001,,61.425961,,35.689999,16.063334,78.269997,47.140976,,3.226786,1363.000000,2.253500,58.240002,90.449997,51.299999,,67.660004,33.334999,13.120900,53.689957,26.840000,,34.720001,77.959999,81.322891,,7.850000,76.839996,168.693802,214.899994,58.959999,39.439999,34.049999,18.714806,92.848946,50.180000,,68.360497,25.785000,95.959999,48.158245,49.009998,32.900002,64.615387,28.850000,,,67.825745,50.949821,65.800003,25.521822,63.900002,51.750000,,49.400002,,46.139999,122.290001,,,31.309999,,59.698357,,35.250000,16.056667,78.400002,47.378128,
2007-04-18,3.220000,1366.000000,2.240000,58.299999,90.449997,51.430000,,68.410004,33.500000,13.027179,53.308796,26.660000,,34.759998,77.550003,80.911995,,7.850000,76.760002,168.502090,214.100006,58.950001,39.389999,34.270000,18.619436,90.630974,51.570000,,68.139984,25.795000,95.559998,47.962482,48.730000,33.000000,64.665550,28.610001,,,67.626976,51.164875,65.550003,25.436434,63.650002,51.599998,,49.070000,,46.290001,123.129997,,,31.700001,,59.195614,,35.400002,16.000000,78.169998,47.114624,,3.228571,1369.000000,2.249500,58.439999,93.879997,51.820000,,69.370003,33.369999,13.041237,53.240189,26.870001,,34.570000,77.769997,80.929855,,7.820000,77.050003,168.358322,216.750000,58.680000,39.040001,34.500000,18.610353,90.630974,52.070000,,68.360497,25.830000,96.370003,48.354012,48.880001,32.290001,64.448158,28.600000,,,68.467232,50.976704,65.919998,25.407970,63.759998,52.610001,,49.349998,,46.139999,123.660004,,,31.950001,,59.378429,,35.950001,15.990000,78.199997,47.799736,
2007-04-19,3.221071,1366.800049,2.230500,58.500000,93.489998,51.340000,,68.699997,33.794998,12.895970,52.798046,26.590000,,34.900002,77.470001,80.751205,,7.820000,77.790001,167.974930,215.339996,59.200001,38.900002,34.639999,18.610353,90.344170,52.029999,,69.185043,25.680000,96.949997,47.570950,49.000000,32.549999,63.846153,28.340000,,,69.208099,51.021503,65.889999,25.256166,63.770000,52.500000,,48.500000,,45.580002,123.440002,,,31.700001,,59.085922,,35.849998,15.916667,77.930000,47.509880,,3.223929,1379.199951,2.232000,58.950001,92.989998,50.910000,,68.620003,33.500000,12.914714,52.813290,26.680000,,34.910000,76.809998,80.322433,,7.740000,77.959999,167.735306,219.289993,59.099998,38.910000,34.810001,18.687557,90.143402,52.090000,,68.456375,25.875000,95.629997,44.737015,48.779999,32.849998,64.866219,28.690001,,,68.602753,51.263439,66.029999,25.683111,63.619999,52.000000,,49.180000,,45.799999,124.169998,,,32.490002,,59.223034,,36.139999,16.113333,77.459999,47.641636,
2007-04-20,3.246071,1386.000000,2.254500,60.529999,93.769997,51.299999,,72.029999,33.365002,13.120900,53.400276,27.049999,,35.049999,77.290001,80.822662,,7.810000,78.550003,168.837570,221.229996,59.619999,39.330002,34.799999,18.823797,90.841301,52.650002,,68.648132,26.025000,95.989998,45.445499,49.630001,33.230000,65.183945,28.980000,,,69.018364,51.559139,66.250000,25.664137,63.990002,52.619999,,50.439999,,45.830002,125.010002,,,32.820000,,59.625229,,36.419998,16.196667,78.379997,49.275360,,3.248929,1390.599976,2.247500,61.000000,93.290001,51.040001,,71.820000,33.645000,13.078725,54.315056,26.990000,,34.970001,78.449997,80.769066,,7.750000,79.550003,168.358322,220.000000,59.349998,39.209999,34.950001,18.787466,90.420647,52.540001,,68.974113,26.045000,95.400002,44.876846,48.360001,33.090000,65.008362,29.020000,,,68.756348,51.818996,66.650002,25.588236,63.799999,52.560001,,50.389999,,46.000000,125.930000,,,32.500000,,60.265083,,36.299999,16.586666,79.760002,49.011860,
2007-04-23,3.271071,1388.000000,2.213500,61.500000,94.099998,51.040001,,72.199997,33.700001,13.069353,54.086361,26.910000,,35.200001,78.059998,80.572548,,7.730000,79.410004,168.358322,221.000000,58.709999,39.189999,34.860001,18.710262,90.975143,52.349998,,68.791946,26.045000,95.419998,45.119225,48.400002,32.919998,65.008362,28.959999,,,68.611794,52.078854,66.559998,25.246679,63.799999,52.660000,,49.830002,,45.509998,125.000000,,,32.500000,,61.087749,,36.369999,16.576668,79.500000,49.011860,,3.339643,1391.000000,2.238500,61.150002,93.639999,50.509998,,71.849998,33.529999,12.956888,53.819550,26.580000,,35.090000,77.559998,80.608284,,7.830000,79.110001,166.776825,222.419998,58.490002,39.209999,34.779999,18.805632,91.022942,52.279999,,68.168747,25.825001,97.070000,44.746338,48.639999,33.209999,64.615387,28.780001,,,69.226173,51.469536,66.589996,25.000000,63.630001,52.349998,,49.669998,,45.270000,124.870003,,,32.410000,,62.376598,,36.020000,16.309999,79.199997,47.404480,
2007-04-24,3.355714,1391.000000,2.237500,61.150002,94.900002,50.650002,,71.900002,33.950001,12.928772,53.468884,26.650000,,35.490002,77.110001,80.858398,,7.840000,79.000000,166.776825,222.750000,59.130001,39.090000,34.209999,18.910082,92.954109,52.060001,,67.929054,25.990000,98.339996,44.755661,48.439999,33.250000,64.498329,28.790001,,,68.711174,52.159496,66.559998,25.113852,63.480000,52.310001,,49.610001,,45.779999,124.790001,,,35.470001,,62.522854,,35.950001,16.186666,79.000000,47.299080,,3.330000,1388.400024,2.237500,60.910000,93.669998,50.619999,,72.809998,33.959999,12.900656,53.087727,26.330000,,36.709999,77.099998,81.126373,,7.820000,80.070000,166.585129,220.720001,58.810001,39.310001,34.180000,18.914623,94.158699,52.160000,,67.929054,25.855000,94.820000,44.252262,48.470001,33.400002,64.381271,28.790001,,,67.012596,52.293907,66.410004,24.810247,63.730000,51.959999,,49.450001,,45.610001,123.889999,,,34.919998,,62.632542,,35.779999,16.230000,78.599998,47.878788,
2007-04-25,3.365357,1397.000000,2.656000,61.099998,94.639999,50.840000,,73.000000,34.299999,12.914714,53.270679,26.530001,,36.980000,77.580002,81.626602,,7.800000,80.500000,167.639465,221.899994,58.470001,39.419998,33.689999,18.982742,94.397705,52.240002,,68.072868,25.995001,94.820000,44.559895,48.709999,33.400002,64.347824,28.860001,,,67.012596,51.998207,66.769997,24.838711,63.349998,52.500000,,49.540001,,46.160000,122.500000,,,35.150002,,62.979889,,35.830002,16.256666,78.839996,48.115940,,3.405357,1399.599976,2.840500,62.320000,94.690002,51.230000,,73.230003,33.720001,13.163074,53.987259,26.780001,,36.680000,78.320000,82.305489,,7.880000,79.389999,169.700211,225.600006,58.790001,39.500000,34.119999,19.014532,96.998085,52.820000,,68.916588,25.870001,95.500000,43.702255,48.630001,33.470001,64.356186,28.990000,,,67.446274,52.302868,66.980003,24.971537,63.529999,54.080002,,49.869999,,46.279999,122.930000,,,35.340000,,64.277878,,36.279999,16.270000,79.919998,48.405796,
2007-04-26,3.627857,1395.000000,2.825000,62.150002,94.540001,51.000000,,73.050003,33.595001,13.327085,53.194450,26.820000,,36.740002,78.169998,81.555145,,8.370000,78.519997,169.939835,225.899994,58.889999,39.419998,34.060001,18.914623,96.558319,52.770000,,68.744011,25.995001,95.050003,44.513283,48.779999,33.029999,67.148827,29.090000,,,67.401100,52.374554,67.400002,25.066414,63.259998,53.950001,,49.150002,,46.250000,121.900002,,,35.450001,,65.265083,,35.540001,16.260000,80.029999,48.115940,,3.530000,1395.800049,3.139000,62.139999,94.260002,50.720001,,73.000000,33.279999,12.699157,53.918652,26.549999,,36.860001,78.180000,81.465820,,8.200000,79.099998,171.760956,224.809998,58.419998,38.990002,34.200001,19.091736,96.462715,52.939999,,68.753593,26.040001,93.500000,43.059029,49.230000,33.560001,67.265884,29.100000,,,66.578918,52.652328,66.410004,25.351044,62.990002,53.939999,,48.950001,,46.119999,122.349998,,,35.160000,,65.575867,,36.070000,16.233334,80.550003,48.669304,
2007-04-27,3.506429,1395.000000,3.062000,61.820000,94.250000,50.720001,,72.599998,33.205002,12.722587,53.667088,26.510000,,36.700001,78.419998,80.822662,,8.200000,79.110001,173.006989,224.050003,57.820000,38.900002,34.509998,19.073568,95.889099,52.770000,,68.533081,25.924999,93.809998,43.068352,48.799999,33.099998,66.864548,30.170000,,,66.362076,52.894264,65.849998,25.246679,62.910000,53.849998,,48.500000,,45.880001,122.349998,,,34.750000,,65.228516,,35.970001,16.173332,80.239998,48.484848,,3.568571,1402.800049,3.130000,62.139999,94.019997,50.770000,,73.760002,33.520000,12.619494,53.392651,27.030001,,36.730000,78.080002,81.144241,,8.050000,80.269997,176.553391,224.279999,57.939999,38.470001,34.639999,19.205269,96.720840,52.549999,,68.676895,26.030001,96.690002,43.273438,48.950001,33.560001,68.185616,30.120001,,,67.446274,52.894264,66.290001,25.246679,62.980000,53.820000,,48.610001,,46.250000,122.000000,,,34.830002,,65.091408,,35.939999,16.113333,80.360001,48.010540,
2007-04-30,3.574643,1418.400024,3.095500,62.070000,94.019997,50.930000,,73.559998,33.750000,12.666354,53.095348,27.000000,,36.849998,78.089996,81.287163,,8.060000,80.000000,176.840942,224.360001,57.869999,38.500000,34.540001,19.137148,96.663483,52.459999,,68.226273,25.959999,96.500000,43.441235,48.849998,33.520000,68.193977,30.129999,,,67.446274,52.500000,66.190002,25.189753,63.360001,53.540001,,48.509998,,46.290001,122.000000,,,34.540001,,65.283363,,36.150002,16.083332,80.300003,48.089592,,3.564286,1398.199951,3.066500,60.669998,93.000000,50.900002,,72.620003,33.869999,12.492971,52.866653,26.740000,,36.240002,77.790001,79.697151,,8.040000,78.500000,176.649246,218.610001,57.779999,37.869999,34.430000,19.137148,97.715103,52.099998,,68.235855,26.094999,96.139999,42.145458,48.279999,33.470001,69.205688,29.940001,,,66.533737,52.051971,66.089996,25.104364,64.400002,52.639999,,48.000000,,45.860001,121.419998,,,34.369999,,64.195610,,35.889999,15.973333,79.379997,48.748352,
2007-05-01,3.556786,1400.000000,3.056000,60.500000,93.150002,51.000000,,72.599998,33.924999,12.624180,52.836163,26.870001,,35.900002,77.970001,79.768616,,8.040000,78.599998,176.457550,219.080002,57.779999,38.150002,34.009998,19.137148,97.571701,52.400002,,67.382553,26.094999,96.400002,42.126812,48.209999,33.480000,69.205688,29.940001,,,66.750580,51.926521,66.150002,25.009487,63.209999,52.639999,,48.130001,,46.020000,121.739998,,,34.360001,,64.305305,,36.029999,15.973333,79.500000,50.065876,,3.552500,1400.599976,3.102000,61.320000,93.230003,50.930000,,73.239998,34.049999,12.511715,52.744682,26.860001,,35.990002,78.349998,78.660965,,8.050000,78.489998,177.799423,218.580002,57.509998,38.430000,34.130001,19.491371,98.632889,52.259998,,68.513901,26.315001,96.230003,42.266644,49.139999,33.490002,69.908028,30.400000,,,66.091026,51.801075,66.400002,25.227703,62.959999,52.310001,,48.130001,,45.459999,121.529999,,,34.840000,,65.036560,,36.040001,16.110001,79.660004,48.563900,
2007-05-02,3.558929,1384.000000,3.084000,61.509998,93.080002,51.020000,,73.309998,34.125000,12.656982,52.759930,27.030001,,35.950001,78.480003,78.643097,,8.080000,78.730003,177.895279,218.000000,57.049999,38.340000,33.689999,19.427794,98.279160,52.000000,,68.322151,26.299999,96.459999,42.182747,49.330002,33.560001,69.732445,30.389999,,,66.091026,51.899643,66.800003,25.237192,63.209999,52.320000,,48.000000,,45.849998,120.959999,,,34.840000,,65.265083,,35.759998,16.100000,79.830002,48.458496,,3.585357,1408.400024,3.059000,62.740002,93.830002,51.009998,,73.400002,34.000000,12.717901,52.920013,27.670000,,36.330002,78.639999,79.107597,,8.170000,79.820000,178.805832,219.490005,57.680000,38.750000,33.759998,19.495913,97.724663,52.549999,,68.648132,26.355000,96.070000,42.453087,50.020000,33.279999,70.585281,30.610001,,,65.666382,52.437275,67.019997,25.237192,62.369999,52.639999,,48.009998,,46.470001,120.320000,,,35.110001,,66.636200,,35.689999,16.093332,79.820000,48.221344,
2007-05-03,3.597500,1409.599976,3.054000,62.779999,94.080002,51.220001,,73.309998,34.014999,12.792877,52.729435,27.760000,,36.349998,78.650002,79.518501,,8.120000,80.169998,178.949615,220.389999,57.400002,38.950001,33.930000,19.523161,97.275337,52.830002,,68.839882,26.400000,96.480003,42.993774,50.000000,33.279999,70.493309,30.600000,,,65.910324,52.114697,67.080002,25.227703,62.630001,52.709999,,47.549999,,45.900002,120.269997,,,35.090000,,65.630714,,35.720001,16.173332,79.830002,48.405796,,3.585714,1413.000000,3.109500,63.459999,93.849998,51.230000,,73.360001,33.730000,12.764761,53.354534,27.700001,,36.110001,79.559998,79.857941,,8.190000,80.470001,178.949615,221.559998,57.439999,39.060001,33.750000,19.450500,98.279160,52.700001,,68.178329,26.455000,96.400002,42.425121,49.910000,32.830002,70.292641,30.969999,,,66.660233,51.998207,67.309998,25.493359,62.000000,52.770000,,47.639999,,45.860001,120.400002,,,35.090000,,67.020111,,35.840000,16.120001,80.680000,47.641636,
